2026-09-12 22:44:01 - INFO - root:main.py:167 - [别名映射] 从 config/alias.txt 加载 10022 条别名规则
2026-09-12 22:44:01 - INFO - root:main.py:581 - [抓取] 执行完整抓取流程，config.source_urls=1 个, hotel=True
2026-09-12 22:44:02 - INFO - root:main.py:73 - [EPG映射] 从 http://e.erw.cc/e.xml.gz 加载成功
2026-09-12 22:44:10 - INFO - root:main.py:73 - [EPG映射] 从 https://gitee.com/taksssss/tv/raw/main/epg/112114.xml.gz 加载成功
2026-09-12 22:44:11 - INFO - root:main.py:73 - [EPG映射] 从 http://epg.51zmt.top:8000/e.xml.gz 加载成功
2026-09-12 22:44:11 - INFO - root:main.py:77 - [EPG映射] 共合并加载 872 个频道 ID
2026-09-12 22:44:11 - INFO - root:main.py:276 - [抓取] 开始: https://cdn.qd.je/live.m3u
2026-09-12 22:44:12 - INFO - root:main.py:285 - [抓取] https://cdn.qd.je/live.m3u 获取成功，判断为m3u格式
2026-09-12 22:44:12 - INFO - root:main.py:318 - [抓取] https://cdn.qd.je/live.m3u 抓取成功，包含频道分类: mytv
2026-09-12 22:44:12 - INFO - root:main.py:319 - [抓取] https://cdn.qd.je/live.m3u 共获取 121 个 URL
2026-09-12 22:44:12 - INFO - root:main.py:325 - [抓取] https://cdn.qd.je/live.m3u 样本频道: ['翡翠台4K(字幕)', '凤凰中文', 'CCTV1港澳版', 'CCTV13', 'TVB Plus(字幕)']
2026-09-12 22:44:12 - INFO - root:main.py:347 - [抓取] 等待所有源完成...
2026-09-12 22:44:12 - INFO - root:main.py:249 - [匹配统计] 模板 133 频道，在线 3867 URL，匹配 45 URL
2026-09-12 22:44:12 - INFO - root:main.py:588 - [酒店源] 开始抓取...
2026-09-12 22:44:12 - INFO - fetch_hotel:fetch_hotel.py:57 - [酒店源] 共获取 1113 个节点
2026-09-12 22:44:12 - INFO - fetch_hotel:fetch_hotel.py:67 - [酒店源] 类型分布: {'txiptv': 866, 'zhgxtv': 34, 'hsmdtv': 24, 'jsmpeg': 189}
2026-09-12 22:44:16 - INFO - fetch_hotel:fetch_hotel.py:172 - [酒店源] 解析完成，共 31 个频道-URL 组合
2026-09-12 22:44:16 - INFO - root:main.py:249 - [匹配统计] 模板 133 频道，在线 2511 URL，匹配 35 URL
2026-09-12 22:44:16 - INFO - root:main.py:602 - [酒店源] 匹配到 50 个频道
2026-09-12 22:44:16 - INFO - root:main.py:607 - [组播源] 开始抓取...
2026-09-12 22:44:17 - INFO - fetch_multicast:fetch_multicast.py:105 - [组播源] 共 2274 条，保留 2265 条（dead=0，省份过滤=0，运营商过滤=0）
2026-09-12 22:44:17 - INFO - root:main.py:249 - [匹配统计] 模板 133 频道，在线 118913 URL，匹配 1338 URL
2026-09-12 22:44:17 - INFO - root:main.py:620 - [组播源] 匹配到 101 个频道
2026-09-12 22:44:17 - INFO - root:main.py:627 - [质量检测] 开始全量检测（无缓存模式）... enable_ffprobe=True, ffprobe_timeout=5s, min_resolution=1080
2026-09-12 22:44:17 - INFO - check:check.py:694 - 开始质量检测，共 1418 个 URL，并发数 10，HTTP 超时 3.5s，FFprobe 启用，超时 5s，中度探测启用，超时 6.5s
2026-09-12 22:45:11 - INFO - check:check.py:679 - [质量检测] 进度: 100/1418 (7%)
2026-09-12 22:46:34 - INFO - check:check.py:679 - [质量检测] 进度: 200/1418 (14%)
2026-09-12 22:48:02 - INFO - check:check.py:679 - [质量检测] 进度: 300/1418 (21%)
2026-09-12 22:50:05 - INFO - check:check.py:679 - [质量检测] 进度: 400/1418 (28%)
2026-09-12 22:51:22 - INFO - check:check.py:679 - [质量检测] 进度: 500/1418 (35%)
2026-09-12 22:53:20 - INFO - check:check.py:679 - [质量检测] 进度: 600/1418 (42%)
2026-09-12 22:54:25 - INFO - check:check.py:679 - [质量检测] 进度: 700/1418 (49%)
2026-09-12 22:55:54 - INFO - check:check.py:679 - [质量检测] 进度: 800/1418 (56%)
2026-09-12 22:57:40 - INFO - check:check.py:679 - [质量检测] 进度: 900/1418 (63%)
2026-09-12 22:59:18 - INFO - check:check.py:679 - [质量检测] 进度: 1000/1418 (70%)
2026-09-12 23:01:08 - INFO - check:check.py:679 - [质量检测] 进度: 1100/1418 (77%)
2026-09-12 23:02:31 - INFO - check:check.py:679 - [质量检测] 进度: 1200/1418 (84%)
2026-09-12 23:03:48 - INFO - check:check.py:679 - [质量检测] 进度: 1300/1418 (91%)
2026-09-12 23:05:30 - INFO - check:check.py:679 - [质量检测] 进度: 1400/1418 (98%)
2026-09-12 23:07:40 - INFO - check:check.py:679 - [质量检测] 进度: 1418/1418 (100%)
2026-09-12 23:07:40 - INFO - check:check.py:732 - 质量检测完成: 总计=1137 通过=491 失败=549 超时=28 错误=69
2026-09-12 23:07:40 - INFO - check:check.py:773 - 过滤后: 保留 168 个有效源，移除 1066 个失效源
2026-09-12 23:07:40 - INFO - root:main.py:571 - [黑名单建议] 以下域名检测频繁失败，可考虑加入 url_blacklist：
2026-09-12 23:07:40 - INFO - root:main.py:573 -   http://zhgx.app.sccncd.com:80  失败次数=225  (failed=190, timeout=35)
2026-09-12 23:07:40 - INFO - root:main.py:573 -   http://tiger81.i234.me:8888  失败次数=142  (failed=142)
2026-09-12 23:07:40 - INFO - root:main.py:573 -   http://wmh.wmh.ink:6633  失败次数=131  (failed=130, timeout=1)
2026-09-12 23:07:40 - INFO - root:main.py:573 -   http://www.zyhfm.com:8088  失败次数=91  (failed=80, timeout=11)
2026-09-12 23:07:40 - INFO - root:main.py:573 -   http://ddns.talesyuan.com:4022  失败次数=84  (error=84)
2026-09-12 23:07:40 - INFO - root:main.py:573 -   http://115.171.216.14:4000  失败次数=74  (failed=73, timeout=1)
2026-09-12 23:07:40 - INFO - root:main.py:573 -   http://219.155.101.174:4022  失败次数=50  (failed=50)
2026-09-12 23:07:40 - INFO - root:main.py:573 -   http://alist.xicp.fun:52057  失败次数=49  (error=3, failed=39, timeout=7)
2026-09-12 23:07:40 - INFO - root:main.py:573 -   http://125.42.148.178:9901  失败次数=8  (timeout=8)
2026-09-12 23:07:40 - INFO - root:main.py:573 -   http://120.238.84.45:9901  失败次数=1  (timeout=1)
2026-09-12 23:07:40 - INFO - root:main.py:636 - [质量检测] 完成
2026-09-12 23:07:40 - INFO - root:main.py:640 - [汇总] 频道分类 6 个，总频道数 63，总URL数 168
2026-09-13 06:06:20 - INFO - root:main.py:167 - [别名映射] 从 config/alias.txt 加载 10022 条别名规则
2026-09-13 06:06:20 - INFO - root:main.py:581 - [抓取] 执行完整抓取流程，config.source_urls=1 个, hotel=True
2026-09-13 06:06:22 - INFO - root:main.py:73 - [EPG映射] 从 http://e.erw.cc/e.xml.gz 加载成功
2026-09-13 06:06:32 - INFO - root:main.py:73 - [EPG映射] 从 https://gitee.com/taksssss/tv/raw/main/epg/112114.xml.gz 加载成功
2026-09-13 06:06:33 - INFO - root:main.py:73 - [EPG映射] 从 http://epg.51zmt.top:8000/e.xml.gz 加载成功
2026-09-13 06:06:33 - INFO - root:main.py:77 - [EPG映射] 共合并加载 848 个频道 ID
2026-09-13 06:06:33 - INFO - root:main.py:276 - [抓取] 开始: https://cdn.qd.je/live.m3u
2026-09-13 06:06:35 - INFO - root:main.py:285 - [抓取] https://cdn.qd.je/live.m3u 获取成功，判断为m3u格式
2026-09-13 06:06:35 - INFO - root:main.py:318 - [抓取] https://cdn.qd.je/live.m3u 抓取成功，包含频道分类: mytv
2026-09-13 06:06:35 - INFO - root:main.py:319 - [抓取] https://cdn.qd.je/live.m3u 共获取 121 个 URL
2026-09-13 06:06:35 - INFO - root:main.py:325 - [抓取] https://cdn.qd.je/live.m3u 样本频道: ['翡翠台4K(字幕)', '凤凰中文', 'CCTV1港澳版', 'CCTV13', 'TVB Plus(字幕)']
2026-09-13 06:06:35 - INFO - root:main.py:347 - [抓取] 等待所有源完成...
2026-09-13 06:06:35 - INFO - root:main.py:249 - [匹配统计] 模板 133 频道，在线 3867 URL，匹配 45 URL
2026-09-13 06:06:35 - INFO - root:main.py:588 - [酒店源] 开始抓取...
2026-09-13 06:06:35 - INFO - fetch_hotel:fetch_hotel.py:57 - [酒店源] 共获取 1113 个节点
2026-09-13 06:06:35 - INFO - fetch_hotel:fetch_hotel.py:67 - [酒店源] 类型分布: {'txiptv': 866, 'zhgxtv': 34, 'hsmdtv': 24, 'jsmpeg': 189}
2026-09-13 06:06:39 - INFO - fetch_hotel:fetch_hotel.py:172 - [酒店源] 解析完成，共 129 个频道-URL 组合
2026-09-13 06:06:39 - INFO - root:main.py:249 - [匹配统计] 模板 133 频道，在线 7044 URL，匹配 85 URL
2026-09-13 06:06:39 - INFO - root:main.py:602 - [酒店源] 匹配到 79 个频道
2026-09-13 06:06:39 - INFO - root:main.py:607 - [组播源] 开始抓取...
2026-09-13 06:06:41 - INFO - fetch_multicast:fetch_multicast.py:105 - [组播源] 共 2856 条，保留 2848 条（dead=0，省份过滤=0，运营商过滤=0）
2026-09-13 06:06:41 - INFO - root:main.py:249 - [匹配统计] 模板 133 频道，在线 134062 URL，匹配 1744 URL
2026-09-13 06:06:41 - INFO - root:main.py:620 - [组播源] 匹配到 89 个频道
2026-09-13 06:06:41 - INFO - root:main.py:627 - [质量检测] 开始全量检测（无缓存模式）... enable_ffprobe=True, ffprobe_timeout=5s, min_resolution=1080
2026-09-13 06:06:41 - INFO - check:check.py:694 - 开始质量检测，共 1874 个 URL，并发数 10，HTTP 超时 3.5s，FFprobe 启用，超时 5s，中度探测启用，超时 6.5s
2026-09-13 06:07:31 - INFO - check:check.py:679 - [质量检测] 进度: 100/1874 (5%)
2026-09-13 06:08:34 - INFO - check:check.py:679 - [质量检测] 进度: 200/1874 (10%)
2026-09-13 06:09:33 - INFO - check:check.py:679 - [质量检测] 进度: 300/1874 (16%)
2026-09-13 06:10:47 - INFO - check:check.py:679 - [质量检测] 进度: 400/1874 (21%)
2026-09-13 06:11:45 - INFO - check:check.py:679 - [质量检测] 进度: 500/1874 (26%)
2026-09-13 06:12:41 - INFO - check:check.py:679 - [质量检测] 进度: 600/1874 (32%)
2026-09-13 06:13:52 - INFO - check:check.py:679 - [质量检测] 进度: 700/1874 (37%)
2026-09-13 06:14:51 - INFO - check:check.py:679 - [质量检测] 进度: 800/1874 (42%)
2026-09-13 06:15:46 - INFO - check:check.py:679 - [质量检测] 进度: 900/1874 (48%)
2026-09-13 06:16:41 - INFO - check:check.py:679 - [质量检测] 进度: 1000/1874 (53%)
2026-09-13 06:17:43 - INFO - check:check.py:679 - [质量检测] 进度: 1100/1874 (58%)
2026-09-13 06:18:40 - INFO - check:check.py:679 - [质量检测] 进度: 1200/1874 (64%)
2026-09-13 06:19:28 - INFO - check:check.py:679 - [质量检测] 进度: 1300/1874 (69%)
2026-09-13 06:20:28 - INFO - check:check.py:679 - [质量检测] 进度: 1400/1874 (74%)
2026-09-13 06:21:18 - INFO - check:check.py:679 - [质量检测] 进度: 1500/1874 (80%)
2026-09-13 06:22:09 - INFO - check:check.py:679 - [质量检测] 进度: 1600/1874 (85%)
2026-09-13 06:23:01 - INFO - check:check.py:679 - [质量检测] 进度: 1700/1874 (90%)
2026-09-13 06:23:45 - INFO - check:check.py:679 - [质量检测] 进度: 1800/1874 (96%)
2026-09-13 06:24:43 - INFO - check:check.py:679 - [质量检测] 进度: 1874/1874 (100%)
2026-09-13 06:24:43 - INFO - check:check.py:732 - 质量检测完成: 总计=821 通过=467 失败=271 超时=83 错误=0
2026-09-13 06:24:43 - INFO - check:check.py:773 - 过滤后: 保留 197 个有效源，移除 1515 个失效源
2026-09-13 06:24:43 - INFO - root:main.py:571 - [黑名单建议] 以下域名检测频繁失败，可考虑加入 url_blacklist：
2026-09-13 06:24:43 - INFO - root:main.py:573 -   http://60.223.72.35:8002  失败次数=553  (failed=546, timeout=7)
2026-09-13 06:24:43 - INFO - root:main.py:573 -   http://zhgx.app.sccncd.com:80  失败次数=225  (failed=163, timeout=62)
2026-09-13 06:24:43 - INFO - root:main.py:573 -   http://115.171.216.14:4000  失败次数=82  (failed=82)
2026-09-13 06:24:43 - INFO - root:main.py:573 -   http://192.168.102.1  失败次数=64  (timeout=64)
2026-09-13 06:24:43 - INFO - root:main.py:573 -   http://www.ct123.online:8188  失败次数=43  (failed=43)
2026-09-13 06:24:43 - INFO - root:main.py:573 -   http://tiger81.i234.me:8888  失败次数=19  (failed=18, timeout=1)
2026-09-13 06:24:43 - INFO - root:main.py:573 -   http://home.yulei.online:9999  失败次数=16  (failed=16)
2026-09-13 06:24:43 - INFO - root:main.py:573 -   http://ddns.talesyuan.com:4022  失败次数=9  (failed=9)
2026-09-13 06:24:43 - INFO - root:main.py:573 -   https://cdn.qd.je  失败次数=7  (timeout=7)
2026-09-13 06:24:43 - INFO - root:main.py:573 -   https://php.jdshipin.com  失败次数=6  (timeout=6)
2026-09-13 06:24:43 - INFO - root:main.py:573 -   http://58.210.139.130:9901  失败次数=2  (failed=2)
2026-09-13 06:24:43 - INFO - root:main.py:573 -   http://192.168.100.1  失败次数=1  (timeout=1)
2026-09-13 06:24:43 - INFO - root:main.py:636 - [质量检测] 完成
2026-09-13 06:24:43 - INFO - root:main.py:640 - [汇总] 频道分类 6 个，总频道数 64，总URL数 197
2026-09-14 06:07:22 - INFO - root:main.py:167 - [别名映射] 从 config/alias.txt 加载 10022 条别名规则
2026-09-14 06:07:22 - INFO - root:main.py:581 - [抓取] 执行完整抓取流程，config.source_urls=1 个, hotel=True
2026-09-14 06:07:23 - INFO - root:main.py:73 - [EPG映射] 从 http://e.erw.cc/e.xml.gz 加载成功
2026-09-14 06:07:30 - INFO - root:main.py:73 - [EPG映射] 从 https://gitee.com/taksssss/tv/raw/main/epg/112114.xml.gz 加载成功
2026-09-14 06:07:31 - WARNING - root:main.py:75 - [EPG映射] 从 http://epg.51zmt.top:8000/e.xml.gz 加载失败，尝试下一个源: Not a gzipped file (b'<?')
2026-09-14 06:07:31 - INFO - root:main.py:77 - [EPG映射] 共合并加载 744 个频道 ID
2026-09-14 06:07:31 - INFO - root:main.py:276 - [抓取] 开始: https://cdn.qd.je/live.m3u
2026-09-14 06:07:32 - INFO - root:main.py:285 - [抓取] https://cdn.qd.je/live.m3u 获取成功，判断为m3u格式
2026-09-14 06:07:32 - INFO - root:main.py:318 - [抓取] https://cdn.qd.je/live.m3u 抓取成功，包含频道分类: mytv
2026-09-14 06:07:32 - INFO - root:main.py:319 - [抓取] https://cdn.qd.je/live.m3u 共获取 121 个 URL
2026-09-14 06:07:32 - INFO - root:main.py:325 - [抓取] https://cdn.qd.je/live.m3u 样本频道: ['翡翠台4K(字幕)', '凤凰中文', 'CCTV1港澳版', 'CCTV13', 'TVB Plus(字幕)']
2026-09-14 06:07:32 - INFO - root:main.py:347 - [抓取] 等待所有源完成...
2026-09-14 06:07:32 - INFO - root:main.py:249 - [匹配统计] 模板 133 频道，在线 3867 URL，匹配 45 URL
2026-09-14 06:07:32 - INFO - root:main.py:588 - [酒店源] 开始抓取...
2026-09-14 06:07:32 - INFO - fetch_hotel:fetch_hotel.py:57 - [酒店源] 共获取 1099 个节点
2026-09-14 06:07:32 - INFO - fetch_hotel:fetch_hotel.py:67 - [酒店源] 类型分布: {'txiptv': 865, 'zhgxtv': 27, 'hsmdtv': 24, 'jsmpeg': 183}
2026-09-14 06:07:36 - INFO - fetch_hotel:fetch_hotel.py:172 - [酒店源] 解析完成，共 314 个频道-URL 组合
2026-09-14 06:07:36 - INFO - root:main.py:249 - [匹配统计] 模板 133 频道，在线 15882 URL，匹配 294 URL
2026-09-14 06:07:36 - INFO - root:main.py:602 - [酒店源] 匹配到 81 个频道
2026-09-14 06:07:36 - INFO - root:main.py:607 - [组播源] 开始抓取...
2026-09-14 06:07:37 - INFO - fetch_multicast:fetch_multicast.py:105 - [组播源] 共 1201 条，保留 1201 条（dead=0，省份过滤=0，运营商过滤=0）
2026-09-14 06:07:37 - INFO - root:main.py:249 - [匹配统计] 模板 133 频道，在线 58722 URL，匹配 710 URL
2026-09-14 06:07:37 - INFO - root:main.py:620 - [组播源] 匹配到 88 个频道
2026-09-14 06:07:37 - INFO - root:main.py:627 - [质量检测] 开始全量检测（无缓存模式）... enable_ffprobe=True, ffprobe_timeout=5s, min_resolution=1080
2026-09-14 06:07:37 - INFO - check:check.py:694 - 开始质量检测，共 1049 个 URL，并发数 10，HTTP 超时 3.5s，FFprobe 启用，超时 5s，中度探测启用，超时 6.5s
2026-09-14 06:08:24 - INFO - check:check.py:679 - [质量检测] 进度: 100/1049 (9%)
2026-09-14 06:09:12 - INFO - check:check.py:679 - [质量检测] 进度: 200/1049 (19%)
2026-09-14 06:10:06 - INFO - check:check.py:679 - [质量检测] 进度: 300/1049 (28%)
2026-09-14 06:10:39 - INFO - check:check.py:679 - [质量检测] 进度: 400/1049 (38%)
2026-09-14 06:11:06 - INFO - check:check.py:679 - [质量检测] 进度: 500/1049 (47%)
2026-09-14 06:12:00 - INFO - check:check.py:679 - [质量检测] 进度: 600/1049 (57%)
2026-09-14 06:12:41 - INFO - check:check.py:679 - [质量检测] 进度: 700/1049 (66%)
2026-09-14 06:13:21 - INFO - check:check.py:679 - [质量检测] 进度: 800/1049 (76%)
2026-09-14 06:14:12 - INFO - check:check.py:679 - [质量检测] 进度: 900/1049 (85%)
2026-09-14 06:14:54 - INFO - check:check.py:679 - [质量检测] 进度: 1000/1049 (95%)
2026-09-14 06:15:21 - INFO - check:check.py:679 - [质量检测] 进度: 1049/1049 (100%)
2026-09-14 06:15:21 - INFO - check:check.py:732 - 质量检测完成: 总计=981 通过=390 失败=356 超时=70 错误=165
2026-09-14 06:15:21 - INFO - check:check.py:773 - 过滤后: 保留 135 个有效源，移除 767 个失效源
2026-09-14 06:15:21 - INFO - root:main.py:571 - [黑名单建议] 以下域名检测频繁失败，可考虑加入 url_blacklist：
2026-09-14 06:15:21 - INFO - root:main.py:573 -   http://17782331118.top:8188  失败次数=123  (failed=123)
2026-09-14 06:15:21 - INFO - root:main.py:573 -   http://183.234.143.5:5353udp:  失败次数=90  (error=90)
2026-09-14 06:15:21 - INFO - root:main.py:573 -   http://171.119.206.200:6001  失败次数=82  (failed=70, timeout=12)
2026-09-14 06:15:21 - INFO - root:main.py:573 -   http://27.11.251.110:8008  失败次数=82  (failed=82)
2026-09-14 06:15:21 - INFO - root:main.py:573 -   http://10.8.8.200  失败次数=81  (timeout=81)
2026-09-14 06:15:21 - INFO - root:main.py:573 -   http://49.234.31.101:7055udp:  失败次数=79  (error=79)
2026-09-14 06:15:21 - INFO - root:main.py:573 -   http://219.155.101.174:4022  失败次数=50  (failed=50)
2026-09-14 06:15:21 - INFO - root:main.py:573 -   http://123.157.31.182:7912  失败次数=33  (failed=33)
2026-09-14 06:15:21 - INFO - root:main.py:573 -   http://111.4.59.41:60901  失败次数=15  (failed=15)
2026-09-14 06:15:21 - INFO - root:main.py:573 -   http://home.yulei.online:9999  失败次数=7  (failed=7)
2026-09-14 06:15:21 - INFO - root:main.py:636 - [质量检测] 完成
2026-09-14 06:15:21 - INFO - root:main.py:640 - [汇总] 频道分类 6 个，总频道数 62，总URL数 135
2026-09-15 06:07:19 - INFO - root:main.py:167 - [别名映射] 从 config/alias.txt 加载 10022 条别名规则
2026-09-15 06:07:19 - INFO - root:main.py:581 - [抓取] 执行完整抓取流程，config.source_urls=1 个, hotel=True
2026-09-15 06:07:20 - INFO - root:main.py:73 - [EPG映射] 从 http://e.erw.cc/e.xml.gz 加载成功
2026-09-15 06:07:26 - INFO - root:main.py:73 - [EPG映射] 从 https://gitee.com/taksssss/tv/raw/main/epg/112114.xml.gz 加载成功
2026-09-15 06:07:28 - INFO - root:main.py:73 - [EPG映射] 从 http://epg.51zmt.top:8000/e.xml.gz 加载成功
2026-09-15 06:07:28 - INFO - root:main.py:77 - [EPG映射] 共合并加载 841 个频道 ID
2026-09-15 06:07:28 - INFO - root:main.py:276 - [抓取] 开始: https://cdn.qd.je/live.m3u
2026-09-15 06:07:29 - INFO - root:main.py:285 - [抓取] https://cdn.qd.je/live.m3u 获取成功，判断为m3u格式
2026-09-15 06:07:29 - INFO - root:main.py:318 - [抓取] https://cdn.qd.je/live.m3u 抓取成功，包含频道分类: mytv
2026-09-15 06:07:29 - INFO - root:main.py:319 - [抓取] https://cdn.qd.je/live.m3u 共获取 121 个 URL
2026-09-15 06:07:29 - INFO - root:main.py:325 - [抓取] https://cdn.qd.je/live.m3u 样本频道: ['翡翠台4K(字幕)', '凤凰中文', 'CCTV1港澳版', 'CCTV13', 'TVB Plus(字幕)']
2026-09-15 06:07:29 - INFO - root:main.py:347 - [抓取] 等待所有源完成...
2026-09-15 06:07:29 - INFO - root:main.py:249 - [匹配统计] 模板 133 频道，在线 3867 URL，匹配 45 URL
2026-09-15 06:07:29 - INFO - root:main.py:588 - [酒店源] 开始抓取...
2026-09-15 06:07:29 - INFO - fetch_hotel:fetch_hotel.py:57 - [酒店源] 共获取 791 个节点
2026-09-15 06:07:29 - INFO - fetch_hotel:fetch_hotel.py:67 - [酒店源] 类型分布: {'txiptv': 727, 'zhgxtv': 26, 'hsmdtv': 24, 'jsmpeg': 14}
2026-09-15 06:07:33 - INFO - fetch_hotel:fetch_hotel.py:172 - [酒店源] 解析完成，共 0 个频道-URL 组合
2026-09-15 06:07:33 - INFO - root:main.py:607 - [组播源] 开始抓取...
2026-09-15 06:07:34 - INFO - fetch_multicast:fetch_multicast.py:105 - [组播源] 共 1282 条，保留 1281 条（dead=0，省份过滤=0，运营商过滤=0）
2026-09-15 06:07:34 - INFO - root:main.py:249 - [匹配统计] 模板 133 频道，在线 63635 URL，匹配 891 URL
2026-09-15 06:07:34 - INFO - root:main.py:620 - [组播源] 匹配到 78 个频道
2026-09-15 06:07:34 - INFO - root:main.py:627 - [质量检测] 开始全量检测（无缓存模式）... enable_ffprobe=True, ffprobe_timeout=5s, min_resolution=1080
2026-09-15 06:07:34 - INFO - check:check.py:694 - 开始质量检测，共 936 个 URL，并发数 10，HTTP 超时 3.5s，FFprobe 启用，超时 5s，中度探测启用，超时 6.5s
2026-09-15 06:07:55 - INFO - check:check.py:679 - [质量检测] 进度: 100/936 (10%)
2026-09-15 06:08:30 - INFO - check:check.py:679 - [质量检测] 进度: 200/936 (21%)
2026-09-15 06:09:06 - INFO - check:check.py:679 - [质量检测] 进度: 300/936 (32%)
2026-09-15 06:09:45 - INFO - check:check.py:679 - [质量检测] 进度: 400/936 (42%)
2026-09-15 06:10:17 - INFO - check:check.py:679 - [质量检测] 进度: 500/936 (53%)
2026-09-15 06:10:51 - INFO - check:check.py:679 - [质量检测] 进度: 600/936 (64%)
2026-09-15 06:11:34 - INFO - check:check.py:679 - [质量检测] 进度: 700/936 (74%)
2026-09-15 06:12:16 - INFO - check:check.py:679 - [质量检测] 进度: 800/936 (85%)
2026-09-15 06:13:05 - INFO - check:check.py:679 - [质量检测] 进度: 900/936 (96%)
2026-09-15 06:13:44 - INFO - check:check.py:679 - [质量检测] 进度: 936/936 (100%)
2026-09-15 06:13:44 - INFO - check:check.py:732 - 质量检测完成: 总计=747 通过=250 失败=395 超时=102 错误=0
2026-09-15 06:13:44 - INFO - check:check.py:773 - 过滤后: 保留 46 个有效源，移除 445 个失效源
2026-09-15 06:13:44 - INFO - root:main.py:571 - [黑名单建议] 以下域名检测频繁失败，可考虑加入 url_blacklist：
2026-09-15 06:13:44 - INFO - root:main.py:573 -   http://125.116.246.96:8022  失败次数=254  (failed=254)
2026-09-15 06:13:44 - INFO - root:main.py:573 -   http://home.yulei.online:9999  失败次数=109  (failed=109)
2026-09-15 06:13:44 - INFO - root:main.py:573 -   http://27.10.209.169:8009  失败次数=101  (timeout=101)
2026-09-15 06:13:44 - INFO - root:main.py:573 -   http://60.223.72.170:8004  失败次数=100  (failed=99, timeout=1)
2026-09-15 06:13:44 - INFO - root:main.py:573 -   http://123.157.31.182:7912  失败次数=54  (failed=54)
2026-09-15 06:13:44 - INFO - root:main.py:573 -   http://171.119.206.200:6001  失败次数=47  (failed=47)
2026-09-15 06:13:44 - INFO - root:main.py:573 -   http://121.19.134.113:808  失败次数=1  (failed=1)
2026-09-15 06:13:44 - INFO - root:main.py:636 - [质量检测] 完成
2026-09-15 06:13:44 - INFO - root:main.py:640 - [汇总] 频道分类 6 个，总频道数 33，总URL数 46
2026-09-16 06:07:36 - INFO - root:main.py:167 - [别名映射] 从 config/alias.txt 加载 10022 条别名规则
2026-09-16 06:07:36 - INFO - root:main.py:581 - [抓取] 执行完整抓取流程，config.source_urls=1 个, hotel=True
2026-09-16 06:07:38 - INFO - root:main.py:73 - [EPG映射] 从 http://e.erw.cc/e.xml.gz 加载成功
2026-09-16 06:07:44 - INFO - root:main.py:73 - [EPG映射] 从 https://gitee.com/taksssss/tv/raw/main/epg/112114.xml.gz 加载成功
2026-09-16 06:07:45 - INFO - root:main.py:73 - [EPG映射] 从 http://epg.51zmt.top:8000/e.xml.gz 加载成功
2026-09-16 06:07:45 - INFO - root:main.py:77 - [EPG映射] 共合并加载 845 个频道 ID
2026-09-16 06:07:45 - INFO - root:main.py:276 - [抓取] 开始: https://cdn.qd.je/live.m3u
2026-09-16 06:07:45 - INFO - root:main.py:285 - [抓取] https://cdn.qd.je/live.m3u 获取成功，判断为m3u格式
2026-09-16 06:07:45 - INFO - root:main.py:318 - [抓取] https://cdn.qd.je/live.m3u 抓取成功，包含频道分类: mytv
2026-09-16 06:07:45 - INFO - root:main.py:319 - [抓取] https://cdn.qd.je/live.m3u 共获取 121 个 URL
2026-09-16 06:07:45 - INFO - root:main.py:325 - [抓取] https://cdn.qd.je/live.m3u 样本频道: ['翡翠台4K(字幕)', '凤凰中文', 'CCTV1港澳版', 'CCTV13', 'TVB Plus(字幕)']
2026-09-16 06:07:45 - INFO - root:main.py:347 - [抓取] 等待所有源完成...
2026-09-16 06:07:45 - INFO - root:main.py:249 - [匹配统计] 模板 133 频道，在线 3867 URL，匹配 45 URL
2026-09-16 06:07:45 - INFO - root:main.py:588 - [酒店源] 开始抓取...
2026-09-16 06:07:46 - INFO - fetch_hotel:fetch_hotel.py:57 - [酒店源] 共获取 797 个节点
2026-09-16 06:07:46 - INFO - fetch_hotel:fetch_hotel.py:67 - [酒店源] 类型分布: {'txiptv': 727, 'zhgxtv': 31, 'hsmdtv': 25, 'jsmpeg': 14}
2026-09-16 06:07:49 - INFO - fetch_hotel:fetch_hotel.py:172 - [酒店源] 解析完成，共 88 个频道-URL 组合
2026-09-16 06:07:49 - INFO - root:main.py:249 - [匹配统计] 模板 133 频道，在线 7128 URL，匹配 37 URL
2026-09-16 06:07:49 - INFO - root:main.py:602 - [酒店源] 匹配到 72 个频道
2026-09-16 06:07:49 - INFO - root:main.py:607 - [组播源] 开始抓取...
2026-09-16 06:07:51 - INFO - fetch_multicast:fetch_multicast.py:105 - [组播源] 共 1351 条，保留 1351 条（dead=0，省份过滤=0，运营商过滤=0）
2026-09-16 06:07:51 - INFO - root:main.py:249 - [匹配统计] 模板 133 频道，在线 64708 URL，匹配 731 URL
2026-09-16 06:07:51 - INFO - root:main.py:620 - [组播源] 匹配到 91 个频道
2026-09-16 06:07:51 - INFO - root:main.py:627 - [质量检测] 开始全量检测（无缓存模式）... enable_ffprobe=True, ffprobe_timeout=5s, min_resolution=1080
2026-09-16 06:07:51 - INFO - check:check.py:694 - 开始质量检测，共 813 个 URL，并发数 10，HTTP 超时 3.5s，FFprobe 启用，超时 5s，中度探测启用，超时 6.5s
2026-09-16 06:08:16 - INFO - check:check.py:679 - [质量检测] 进度: 100/813 (12%)
2026-09-16 06:08:56 - INFO - check:check.py:679 - [质量检测] 进度: 200/813 (24%)
2026-09-16 06:09:35 - INFO - check:check.py:679 - [质量检测] 进度: 300/813 (36%)
2026-09-16 06:10:09 - INFO - check:check.py:679 - [质量检测] 进度: 400/813 (49%)
2026-09-16 06:10:50 - INFO - check:check.py:679 - [质量检测] 进度: 500/813 (61%)
2026-09-16 06:11:27 - INFO - check:check.py:679 - [质量检测] 进度: 600/813 (73%)
2026-09-16 06:12:07 - INFO - check:check.py:679 - [质量检测] 进度: 700/813 (86%)
2026-09-16 06:12:42 - INFO - check:check.py:679 - [质量检测] 进度: 800/813 (98%)
2026-09-16 06:12:48 - INFO - check:check.py:679 - [质量检测] 进度: 813/813 (100%)
2026-09-16 06:12:48 - INFO - check:check.py:732 - 质量检测完成: 总计=776 通过=289 失败=387 超时=100 错误=0
2026-09-16 06:12:48 - INFO - check:check.py:773 - 过滤后: 保留 96 个有效源，移除 502 个失效源
2026-09-16 06:12:48 - INFO - root:main.py:571 - [黑名单建议] 以下域名检测频繁失败，可考虑加入 url_blacklist：
2026-09-16 06:12:48 - INFO - root:main.py:573 -   http://183.189.187.80:4022  失败次数=101  (failed=100, timeout=1)
2026-09-16 06:12:48 - INFO - root:main.py:573 -   http://106.120.39.94:4022  失败次数=95  (failed=95)
2026-09-16 06:12:48 - INFO - root:main.py:573 -   http://116.167.145.116:4022  失败次数=90  (failed=90)
2026-09-16 06:12:48 - INFO - root:main.py:573 -   http://223.242.146.29:4022  失败次数=63  (timeout=63)
2026-09-16 06:12:48 - INFO - root:main.py:573 -   http://113.205.161.234:8002  失败次数=63  (failed=63)
2026-09-16 06:12:48 - INFO - root:main.py:573 -   http://120.234.187.66:10086  失败次数=50  (failed=50)
2026-09-16 06:12:48 - INFO - root:main.py:573 -   http://39.164.143.66:13994  失败次数=37  (timeout=37)
2026-09-16 06:12:48 - INFO - root:main.py:573 -   http://116.116.118.132:9999  失败次数=10  (failed=10)
2026-09-16 06:12:48 - INFO - root:main.py:573 -   http://113.238.174.223:9005  失败次数=2  (failed=2)
2026-09-16 06:12:48 - INFO - root:main.py:636 - [质量检测] 完成
2026-09-16 06:12:48 - INFO - root:main.py:640 - [汇总] 频道分类 6 个，总频道数 51，总URL数 96
2026-09-17 06:06:33 - INFO - root:main.py:167 - [别名映射] 从 config/alias.txt 加载 10022 条别名规则
2026-09-17 06:06:33 - INFO - root:main.py:581 - [抓取] 执行完整抓取流程，config.source_urls=1 个, hotel=True
2026-09-17 06:06:35 - INFO - root:main.py:73 - [EPG映射] 从 http://e.erw.cc/e.xml.gz 加载成功
2026-09-17 06:06:44 - INFO - root:main.py:73 - [EPG映射] 从 https://gitee.com/taksssss/tv/raw/main/epg/112114.xml.gz 加载成功
2026-09-17 06:06:46 - INFO - root:main.py:73 - [EPG映射] 从 http://epg.51zmt.top:8000/e.xml.gz 加载成功
2026-09-17 06:06:46 - INFO - root:main.py:77 - [EPG映射] 共合并加载 843 个频道 ID
2026-09-17 06:06:46 - INFO - root:main.py:276 - [抓取] 开始: https://cdn.qd.je/live.m3u
2026-09-17 06:06:47 - INFO - root:main.py:285 - [抓取] https://cdn.qd.je/live.m3u 获取成功，判断为m3u格式
2026-09-17 06:06:47 - INFO - root:main.py:318 - [抓取] https://cdn.qd.je/live.m3u 抓取成功，包含频道分类: mytv
2026-09-17 06:06:47 - INFO - root:main.py:319 - [抓取] https://cdn.qd.je/live.m3u 共获取 121 个 URL
2026-09-17 06:06:47 - INFO - root:main.py:325 - [抓取] https://cdn.qd.je/live.m3u 样本频道: ['翡翠台4K(字幕)', '凤凰中文', 'CCTV1港澳版', 'CCTV13', 'TVB Plus(字幕)']
2026-09-17 06:06:47 - INFO - root:main.py:347 - [抓取] 等待所有源完成...
2026-09-17 06:06:47 - INFO - root:main.py:249 - [匹配统计] 模板 133 频道，在线 3867 URL，匹配 45 URL
2026-09-17 06:06:47 - INFO - root:main.py:588 - [酒店源] 开始抓取...
2026-09-17 06:06:47 - INFO - fetch_hotel:fetch_hotel.py:57 - [酒店源] 共获取 799 个节点
2026-09-17 06:06:47 - INFO - fetch_hotel:fetch_hotel.py:67 - [酒店源] 类型分布: {'txiptv': 730, 'zhgxtv': 30, 'hsmdtv': 25, 'jsmpeg': 14}
2026-09-17 06:06:50 - INFO - fetch_hotel:fetch_hotel.py:172 - [酒店源] 解析完成，共 100 个频道-URL 组合
2026-09-17 06:06:50 - INFO - root:main.py:249 - [匹配统计] 模板 133 频道，在线 9126 URL，匹配 82 URL
2026-09-17 06:06:50 - INFO - root:main.py:602 - [酒店源] 匹配到 69 个频道
2026-09-17 06:06:50 - INFO - root:main.py:607 - [组播源] 开始抓取...
2026-09-17 06:06:51 - INFO - fetch_multicast:fetch_multicast.py:105 - [组播源] 共 1499 条，保留 1499 条（dead=0，省份过滤=0，运营商过滤=0）
2026-09-17 06:06:51 - INFO - root:main.py:249 - [匹配统计] 模板 133 频道，在线 74192 URL，匹配 796 URL
2026-09-17 06:06:51 - INFO - root:main.py:620 - [组播源] 匹配到 89 个频道
2026-09-17 06:06:51 - INFO - root:main.py:627 - [质量检测] 开始全量检测（无缓存模式）... enable_ffprobe=True, ffprobe_timeout=5s, min_resolution=1080
2026-09-17 06:06:51 - INFO - check:check.py:694 - 开始质量检测，共 923 个 URL，并发数 10，HTTP 超时 3.5s，FFprobe 启用，超时 5s，中度探测启用，超时 6.5s
2026-09-17 06:07:34 - INFO - check:check.py:679 - [质量检测] 进度: 100/923 (10%)
2026-09-17 06:08:18 - INFO - check:check.py:679 - [质量检测] 进度: 200/923 (21%)
2026-09-17 06:09:04 - INFO - check:check.py:679 - [质量检测] 进度: 300/923 (32%)
2026-09-17 06:09:47 - INFO - check:check.py:679 - [质量检测] 进度: 400/923 (43%)
2026-09-17 06:10:29 - INFO - check:check.py:679 - [质量检测] 进度: 500/923 (54%)
2026-09-17 06:11:12 - INFO - check:check.py:679 - [质量检测] 进度: 600/923 (65%)
2026-09-17 06:11:54 - INFO - check:check.py:679 - [质量检测] 进度: 700/923 (75%)
2026-09-17 06:12:39 - INFO - check:check.py:679 - [质量检测] 进度: 800/923 (86%)
2026-09-17 06:13:28 - INFO - check:check.py:679 - [质量检测] 进度: 900/923 (97%)
2026-09-17 06:13:41 - INFO - check:check.py:679 - [质量检测] 进度: 923/923 (100%)
2026-09-17 06:13:41 - INFO - check:check.py:732 - 质量检测完成: 总计=885 通过=437 失败=276 超时=35 错误=137
2026-09-17 06:13:41 - INFO - check:check.py:773 - 过滤后: 保留 150 个有效源，移除 661 个失效源
2026-09-17 06:13:41 - INFO - root:main.py:571 - [黑名单建议] 以下域名检测频繁失败，可考虑加入 url_blacklist：
2026-09-17 06:13:41 - INFO - root:main.py:573 -   http://171.116.164.37:9999  失败次数=104  (failed=104)
2026-09-17 06:13:41 - INFO - root:main.py:573 -   http://116.179.114.181:8085  失败次数=103  (failed=102, timeout=1)
2026-09-17 06:13:41 - INFO - root:main.py:573 -   http://183.234.143.5:5353udp:  失败次数=90  (error=90)
2026-09-17 06:13:41 - INFO - root:main.py:573 -   http://116.167.145.116:4022  失败次数=82  (failed=82)
2026-09-17 06:13:41 - INFO - root:main.py:573 -   http://124.152.247.189:21375rtsp:  失败次数=48  (error=48)
2026-09-17 06:13:41 - INFO - root:main.py:573 -   http://192.168.10.200:8008  失败次数=34  (timeout=34)
2026-09-17 06:13:41 - INFO - root:main.py:573 -   http://www.sccckj.cn:8899  失败次数=21  (failed=21)
2026-09-17 06:13:41 - INFO - root:main.py:573 -   http://113.238.174.223:9005  失败次数=1  (failed=1)
2026-09-17 06:13:41 - INFO - root:main.py:636 - [质量检测] 完成
2026-09-17 06:13:41 - INFO - root:main.py:640 - [汇总] 频道分类 6 个，总频道数 61，总URL数 150
2026-09-18 06:07:08 - INFO - root:main.py:167 - [别名映射] 从 config/alias.txt 加载 10022 条别名规则
2026-09-18 06:07:08 - INFO - root:main.py:581 - [抓取] 执行完整抓取流程，config.source_urls=1 个, hotel=True
2026-09-18 06:07:09 - INFO - root:main.py:73 - [EPG映射] 从 http://e.erw.cc/e.xml.gz 加载成功
2026-09-18 06:07:19 - INFO - root:main.py:73 - [EPG映射] 从 https://gitee.com/taksssss/tv/raw/main/epg/112114.xml.gz 加载成功
2026-09-18 06:07:22 - WARNING - root:main.py:75 - [EPG映射] 从 http://epg.51zmt.top:8000/e.xml.gz 加载失败，尝试下一个源: Not a gzipped file (b'<?')
2026-09-18 06:07:22 - INFO - root:main.py:77 - [EPG映射] 共合并加载 831 个频道 ID
2026-09-18 06:07:22 - INFO - root:main.py:276 - [抓取] 开始: https://cdn.qd.je/live.m3u
2026-09-18 06:07:23 - INFO - root:main.py:285 - [抓取] https://cdn.qd.je/live.m3u 获取成功，判断为m3u格式
2026-09-18 06:07:23 - INFO - root:main.py:318 - [抓取] https://cdn.qd.je/live.m3u 抓取成功，包含频道分类: mytv
2026-09-18 06:07:23 - INFO - root:main.py:319 - [抓取] https://cdn.qd.je/live.m3u 共获取 121 个 URL
2026-09-18 06:07:23 - INFO - root:main.py:325 - [抓取] https://cdn.qd.je/live.m3u 样本频道: ['翡翠台4K(字幕)', '凤凰中文', 'CCTV1港澳版', 'CCTV13', 'TVB Plus(字幕)']
2026-09-18 06:07:23 - INFO - root:main.py:347 - [抓取] 等待所有源完成...
2026-09-18 06:07:23 - INFO - root:main.py:249 - [匹配统计] 模板 133 频道，在线 3867 URL，匹配 45 URL
2026-09-18 06:07:23 - INFO - root:main.py:588 - [酒店源] 开始抓取...
2026-09-18 06:07:23 - INFO - fetch_hotel:fetch_hotel.py:57 - [酒店源] 共获取 796 个节点
2026-09-18 06:07:23 - INFO - fetch_hotel:fetch_hotel.py:67 - [酒店源] 类型分布: {'txiptv': 730, 'zhgxtv': 28, 'hsmdtv': 25, 'jsmpeg': 13}
2026-09-18 06:07:27 - INFO - fetch_hotel:fetch_hotel.py:172 - [酒店源] 解析完成，共 91 个频道-URL 组合
2026-09-18 06:07:27 - INFO - root:main.py:249 - [匹配统计] 模板 133 频道，在线 7286 URL，匹配 96 URL
2026-09-18 06:07:27 - INFO - root:main.py:602 - [酒店源] 匹配到 66 个频道
2026-09-18 06:07:27 - INFO - root:main.py:607 - [组播源] 开始抓取...
2026-09-18 06:07:28 - INFO - fetch_multicast:fetch_multicast.py:105 - [组播源] 共 1335 条，保留 1334 条（dead=0，省份过滤=0，运营商过滤=0）
2026-09-18 06:07:28 - INFO - root:main.py:249 - [匹配统计] 模板 133 频道，在线 71229 URL，匹配 853 URL
2026-09-18 06:07:28 - INFO - root:main.py:620 - [组播源] 匹配到 91 个频道
2026-09-18 06:07:28 - INFO - root:main.py:627 - [质量检测] 开始全量检测（无缓存模式）... enable_ffprobe=True, ffprobe_timeout=5s, min_resolution=1080
2026-09-18 06:07:28 - INFO - check:check.py:694 - 开始质量检测，共 994 个 URL，并发数 10，HTTP 超时 3.5s，FFprobe 启用，超时 5s，中度探测启用，超时 6.5s
2026-09-18 06:08:07 - INFO - check:check.py:679 - [质量检测] 进度: 100/994 (10%)
2026-09-18 06:09:01 - INFO - check:check.py:679 - [质量检测] 进度: 200/994 (20%)
2026-09-18 06:10:14 - INFO - check:check.py:679 - [质量检测] 进度: 300/994 (30%)
2026-09-18 06:11:12 - INFO - check:check.py:679 - [质量检测] 进度: 400/994 (40%)
2026-09-18 06:12:27 - INFO - check:check.py:679 - [质量检测] 进度: 500/994 (50%)
2026-09-18 06:13:30 - INFO - check:check.py:679 - [质量检测] 进度: 600/994 (60%)
2026-09-18 06:14:35 - INFO - check:check.py:679 - [质量检测] 进度: 700/994 (70%)
2026-09-18 06:15:36 - INFO - check:check.py:679 - [质量检测] 进度: 800/994 (80%)
2026-09-18 06:16:50 - INFO - check:check.py:679 - [质量检测] 进度: 900/994 (90%)
2026-09-18 06:18:03 - INFO - check:check.py:679 - [质量检测] 进度: 994/994 (100%)
2026-09-18 06:18:03 - INFO - check:check.py:732 - 质量检测完成: 总计=792 通过=518 失败=128 超时=57 错误=89
2026-09-18 06:18:03 - INFO - check:check.py:773 - 过滤后: 保留 123 个有效源，移除 725 个失效源
2026-09-18 06:18:03 - INFO - root:main.py:571 - [黑名单建议] 以下域名检测频繁失败，可考虑加入 url_blacklist：
2026-09-18 06:18:03 - INFO - root:main.py:573 -   http://125.123.46.44:9999  失败次数=185  (failed=185)
2026-09-18 06:18:03 - INFO - root:main.py:573 -   http://183.234.143.5:5353udp:  失败次数=90  (error=90)
2026-09-18 06:18:03 - INFO - root:main.py:573 -   http://120.210.193.151:8006  失败次数=66  (timeout=66)
2026-09-18 06:18:03 - INFO - root:main.py:573 -   http://www.sccckj.cn:8899  失败次数=23  (failed=23)
2026-09-18 06:18:03 - INFO - root:main.py:573 -   http://123.157.31.182:7912  失败次数=15  (failed=8, timeout=7)
2026-09-18 06:18:03 - INFO - root:main.py:573 -   http://175.0.78.167:9999  失败次数=1  (timeout=1)
2026-09-18 06:18:03 - INFO - root:main.py:573 -   http://175.0.71.18:8088  失败次数=1  (failed=1)
2026-09-18 06:18:03 - INFO - root:main.py:636 - [质量检测] 完成
2026-09-18 06:18:03 - INFO - root:main.py:640 - [汇总] 频道分类 6 个，总频道数 58，总URL数 123
2026-09-19 06:06:57 - INFO - root:main.py:167 - [别名映射] 从 config/alias.txt 加载 10022 条别名规则
2026-09-19 06:06:57 - INFO - root:main.py:581 - [抓取] 执行完整抓取流程，config.source_urls=1 个, hotel=True
2026-09-19 06:06:59 - INFO - root:main.py:73 - [EPG映射] 从 http://e.erw.cc/e.xml.gz 加载成功
2026-09-19 06:07:08 - INFO - root:main.py:73 - [EPG映射] 从 https://gitee.com/taksssss/tv/raw/main/epg/112114.xml.gz 加载成功
2026-09-19 06:07:09 - WARNING - root:main.py:75 - [EPG映射] 从 http://epg.51zmt.top:8000/e.xml.gz 加载失败，尝试下一个源: Not a gzipped file (b'<?')
2026-09-19 06:07:09 - INFO - root:main.py:77 - [EPG映射] 共合并加载 833 个频道 ID
2026-09-19 06:07:09 - INFO - root:main.py:276 - [抓取] 开始: https://cdn.qd.je/live.m3u
2026-09-19 06:07:10 - INFO - root:main.py:285 - [抓取] https://cdn.qd.je/live.m3u 获取成功，判断为m3u格式
2026-09-19 06:07:10 - INFO - root:main.py:318 - [抓取] https://cdn.qd.je/live.m3u 抓取成功，包含频道分类: mytv
2026-09-19 06:07:10 - INFO - root:main.py:319 - [抓取] https://cdn.qd.je/live.m3u 共获取 121 个 URL
2026-09-19 06:07:10 - INFO - root:main.py:325 - [抓取] https://cdn.qd.je/live.m3u 样本频道: ['翡翠台4K(字幕)', '凤凰中文', 'CCTV1港澳版', 'CCTV13', 'TVB Plus(字幕)']
2026-09-19 06:07:10 - INFO - root:main.py:347 - [抓取] 等待所有源完成...
2026-09-19 06:07:10 - INFO - root:main.py:249 - [匹配统计] 模板 133 频道，在线 3867 URL，匹配 45 URL
2026-09-19 06:07:10 - INFO - root:main.py:588 - [酒店源] 开始抓取...
2026-09-19 06:07:11 - INFO - fetch_hotel:fetch_hotel.py:57 - [酒店源] 共获取 794 个节点
2026-09-19 06:07:11 - INFO - fetch_hotel:fetch_hotel.py:67 - [酒店源] 类型分布: {'txiptv': 730, 'zhgxtv': 28, 'hsmdtv': 25, 'jsmpeg': 11}
2026-09-19 06:07:14 - INFO - fetch_hotel:fetch_hotel.py:172 - [酒店源] 解析完成，共 219 个频道-URL 组合
2026-09-19 06:07:14 - INFO - root:main.py:249 - [匹配统计] 模板 133 频道，在线 39225 URL，匹配 216 URL
2026-09-19 06:07:14 - INFO - root:main.py:602 - [酒店源] 匹配到 73 个频道
2026-09-19 06:07:14 - INFO - root:main.py:607 - [组播源] 开始抓取...
2026-09-19 06:07:15 - INFO - fetch_multicast:fetch_multicast.py:105 - [组播源] 共 3051 条，保留 3047 条（dead=0，省份过滤=0，运营商过滤=0）
2026-09-19 06:07:15 - INFO - root:main.py:249 - [匹配统计] 模板 133 频道，在线 165383 URL，匹配 2010 URL
2026-09-19 06:07:15 - INFO - root:main.py:620 - [组播源] 匹配到 85 个频道
2026-09-19 06:07:15 - INFO - root:main.py:627 - [质量检测] 开始全量检测（无缓存模式）... enable_ffprobe=True, ffprobe_timeout=5s, min_resolution=1080
2026-09-19 06:07:15 - INFO - check:check.py:694 - 开始质量检测，共 2271 个 URL，并发数 10，HTTP 超时 3.5s，FFprobe 启用，超时 5s，中度探测启用，超时 6.5s
2026-09-19 06:08:14 - INFO - check:check.py:679 - [质量检测] 进度: 100/2271 (4%)
2026-09-19 06:09:04 - INFO - check:check.py:679 - [质量检测] 进度: 200/2271 (8%)
2026-09-19 06:10:16 - INFO - check:check.py:679 - [质量检测] 进度: 300/2271 (13%)
2026-09-19 06:11:31 - INFO - check:check.py:679 - [质量检测] 进度: 400/2271 (17%)
2026-09-19 06:12:55 - INFO - check:check.py:679 - [质量检测] 进度: 500/2271 (22%)
2026-09-19 06:14:03 - INFO - check:check.py:679 - [质量检测] 进度: 600/2271 (26%)
2026-09-19 06:15:23 - INFO - check:check.py:679 - [质量检测] 进度: 700/2271 (30%)
2026-09-19 06:16:37 - INFO - check:check.py:679 - [质量检测] 进度: 800/2271 (35%)
2026-09-19 06:18:08 - INFO - check:check.py:679 - [质量检测] 进度: 900/2271 (39%)
2026-09-19 06:19:18 - INFO - check:check.py:679 - [质量检测] 进度: 1000/2271 (44%)
2026-09-19 06:20:39 - INFO - check:check.py:679 - [质量检测] 进度: 1100/2271 (48%)
2026-09-19 06:21:37 - INFO - check:check.py:679 - [质量检测] 进度: 1200/2271 (52%)
2026-09-19 06:22:44 - INFO - check:check.py:679 - [质量检测] 进度: 1300/2271 (57%)
2026-09-19 06:23:59 - INFO - check:check.py:679 - [质量检测] 进度: 1400/2271 (61%)
2026-09-19 06:25:29 - INFO - check:check.py:679 - [质量检测] 进度: 1500/2271 (66%)
2026-09-19 06:26:48 - INFO - check:check.py:679 - [质量检测] 进度: 1600/2271 (70%)
2026-09-19 06:28:11 - INFO - check:check.py:679 - [质量检测] 进度: 1700/2271 (74%)
2026-09-19 06:29:29 - INFO - check:check.py:679 - [质量检测] 进度: 1800/2271 (79%)
2026-09-19 06:30:49 - INFO - check:check.py:679 - [质量检测] 进度: 1900/2271 (83%)
2026-09-19 06:32:15 - INFO - check:check.py:679 - [质量检测] 进度: 2000/2271 (88%)
2026-09-19 06:33:50 - INFO - check:check.py:679 - [质量检测] 进度: 2100/2271 (92%)
2026-09-19 06:34:58 - INFO - check:check.py:679 - [质量检测] 进度: 2200/2271 (96%)
2026-09-19 06:35:53 - INFO - check:check.py:679 - [质量检测] 进度: 2271/2271 (100%)
2026-09-19 06:35:53 - INFO - check:check.py:732 - 质量检测完成: 总计=1372 通过=789 失败=492 超时=91 错误=0
2026-09-19 06:35:53 - INFO - check:check.py:773 - 过滤后: 保留 473 个有效源，移除 1771 个失效源
2026-09-19 06:35:53 - INFO - root:main.py:571 - [黑名单建议] 以下域名检测频繁失败，可考虑加入 url_blacklist：
2026-09-19 06:35:53 - INFO - root:main.py:573 -   http://183.142.194.198:8888  失败次数=266  (failed=266)
2026-09-19 06:35:53 - INFO - root:main.py:573 -   http://125.119.57.200:4000  失败次数=219  (failed=219)
2026-09-19 06:35:53 - INFO - root:main.py:573 -   http://113.205.174.245:8005  失败次数=84  (failed=83, timeout=1)
2026-09-19 06:35:53 - INFO - root:main.py:573 -   http://183.165.192.29:7000  失败次数=52  (failed=52)
2026-09-19 06:35:53 - INFO - root:main.py:573 -   http://60.186.73.104:4022  失败次数=41  (failed=41)
2026-09-19 06:35:53 - INFO - root:main.py:573 -   http://180.165.13.213:8881  失败次数=36  (failed=36)
2026-09-19 06:35:53 - INFO - root:main.py:573 -   http://183.141.143.39:8888  失败次数=36  (failed=36)
2026-09-19 06:35:53 - INFO - root:main.py:573 -   http://112.89.121.23:80  失败次数=23  (timeout=23)
2026-09-19 06:35:53 - INFO - root:main.py:573 -   http://112.89.121.21:80  失败次数=19  (timeout=19)
2026-09-19 06:35:53 - INFO - root:main.py:573 -   http://42.225.117.174:11199  失败次数=17  (failed=17)
2026-09-19 06:35:53 - INFO - root:main.py:573 -   http://112.89.121.24:80  失败次数=14  (timeout=14)
2026-09-19 06:35:53 - INFO - root:main.py:573 -   http://123.157.31.182:7912  失败次数=8  (failed=4, timeout=4)
2026-09-19 06:35:53 - INFO - root:main.py:573 -   http://120.87.4.13:80  失败次数=6  (timeout=6)
2026-09-19 06:35:53 - INFO - root:main.py:573 -   http://120.87.4.18:80  失败次数=5  (timeout=5)
2026-09-19 06:35:53 - INFO - root:main.py:573 -   http://110.251.165.12:4000  失败次数=5  (failed=5)
2026-09-19 06:35:53 - INFO - root:main.py:573 -   http://112.89.121.22:80  失败次数=4  (timeout=4)
2026-09-19 06:35:53 - INFO - root:main.py:573 -   http://120.87.4.14:80  失败次数=4  (timeout=4)
2026-09-19 06:35:53 - INFO - root:main.py:573 -   https://php.jdshipin.com  失败次数=3  (timeout=3)
2026-09-19 06:35:53 - INFO - root:main.py:573 -   http://112.89.125.23:80  失败次数=2  (timeout=2)
2026-09-19 06:35:53 - INFO - root:main.py:573 -   http://112.89.125.24:80  失败次数=2  (timeout=2)
2026-09-19 06:35:53 - INFO - root:main.py:573 -   http://120.87.4.10:80  失败次数=2  (timeout=2)
2026-09-19 06:35:53 - INFO - root:main.py:573 -   http://120.87.4.12:80  失败次数=2  (timeout=2)
2026-09-19 06:35:53 - INFO - root:main.py:573 -   http://120.87.4.9:80  失败次数=2  (timeout=2)
2026-09-19 06:35:53 - INFO - root:main.py:573 -   http://120.87.4.11:80  失败次数=2  (timeout=2)
2026-09-19 06:35:53 - INFO - root:main.py:573 -   http://120.87.4.19:80  失败次数=1  (timeout=1)
2026-09-19 06:35:53 - INFO - root:main.py:573 -   http://175.0.71.18:8088  失败次数=1  (failed=1)
2026-09-19 06:35:53 - INFO - root:main.py:573 -   http://120.87.4.20:80  失败次数=1  (timeout=1)
2026-09-19 06:35:53 - INFO - root:main.py:573 -   http://112.111.78.223:4022  失败次数=1  (failed=1)
2026-09-19 06:35:53 - INFO - root:main.py:573 -   http://120.87.4.17:80  失败次数=1  (timeout=1)
2026-09-19 06:35:53 - INFO - root:main.py:636 - [质量检测] 完成
2026-09-19 06:35:53 - INFO - root:main.py:640 - [汇总] 频道分类 6 个，总频道数 70，总URL数 473
2026-09-20 06:06:28 - INFO - root:main.py:167 - [别名映射] 从 config/alias.txt 加载 10022 条别名规则
2026-09-20 06:06:28 - INFO - root:main.py:581 - [抓取] 执行完整抓取流程，config.source_urls=1 个, hotel=True
2026-09-20 06:06:30 - INFO - root:main.py:73 - [EPG映射] 从 http://e.erw.cc/e.xml.gz 加载成功
2026-09-20 06:06:37 - INFO - root:main.py:73 - [EPG映射] 从 https://gitee.com/taksssss/tv/raw/main/epg/112114.xml.gz 加载成功
2026-09-20 06:06:39 - INFO - root:main.py:73 - [EPG映射] 从 http://epg.51zmt.top:8000/e.xml.gz 加载成功
2026-09-20 06:06:39 - INFO - root:main.py:77 - [EPG映射] 共合并加载 841 个频道 ID
2026-09-20 06:06:39 - INFO - root:main.py:276 - [抓取] 开始: https://cdn.qd.je/live.m3u
2026-09-20 06:06:40 - INFO - root:main.py:285 - [抓取] https://cdn.qd.je/live.m3u 获取成功，判断为m3u格式
2026-09-20 06:06:40 - INFO - root:main.py:318 - [抓取] https://cdn.qd.je/live.m3u 抓取成功，包含频道分类: mytv
2026-09-20 06:06:40 - INFO - root:main.py:319 - [抓取] https://cdn.qd.je/live.m3u 共获取 121 个 URL
2026-09-20 06:06:40 - INFO - root:main.py:325 - [抓取] https://cdn.qd.je/live.m3u 样本频道: ['翡翠台4K(字幕)', '凤凰中文', 'CCTV1港澳版', 'CCTV13', 'TVB Plus(字幕)']
2026-09-20 06:06:40 - INFO - root:main.py:347 - [抓取] 等待所有源完成...
2026-09-20 06:06:40 - INFO - root:main.py:249 - [匹配统计] 模板 133 频道，在线 3867 URL，匹配 45 URL
2026-09-20 06:06:40 - INFO - root:main.py:588 - [酒店源] 开始抓取...
2026-09-20 06:06:40 - INFO - fetch_hotel:fetch_hotel.py:57 - [酒店源] 共获取 792 个节点
2026-09-20 06:06:40 - INFO - fetch_hotel:fetch_hotel.py:67 - [酒店源] 类型分布: {'txiptv': 730, 'zhgxtv': 25, 'hsmdtv': 25, 'jsmpeg': 12}
2026-09-20 06:06:44 - INFO - fetch_hotel:fetch_hotel.py:172 - [酒店源] 解析完成，共 134 个频道-URL 组合
2026-09-20 06:06:44 - INFO - root:main.py:249 - [匹配统计] 模板 133 频道，在线 9443 URL，匹配 93 URL
2026-09-20 06:06:44 - INFO - root:main.py:602 - [酒店源] 匹配到 67 个频道
2026-09-20 06:06:44 - INFO - root:main.py:607 - [组播源] 开始抓取...
2026-09-20 06:06:45 - INFO - fetch_multicast:fetch_multicast.py:105 - [组播源] 共 3227 条，保留 2485 条（dead=0，省份过滤=0，运营商过滤=0）
2026-09-20 06:06:45 - INFO - root:main.py:249 - [匹配统计] 模板 133 频道，在线 121710 URL，匹配 1564 URL
2026-09-20 06:06:45 - INFO - root:main.py:620 - [组播源] 匹配到 84 个频道
2026-09-20 06:06:45 - INFO - root:main.py:627 - [质量检测] 开始全量检测（无缓存模式）... enable_ffprobe=True, ffprobe_timeout=5s, min_resolution=1080
2026-09-20 06:06:45 - INFO - check:check.py:694 - 开始质量检测，共 1702 个 URL，并发数 10，HTTP 超时 3.5s，FFprobe 启用，超时 5s，中度探测启用，超时 6.5s
2026-09-20 06:07:41 - INFO - check:check.py:679 - [质量检测] 进度: 100/1702 (5%)
2026-09-20 06:08:39 - INFO - check:check.py:679 - [质量检测] 进度: 200/1702 (11%)
2026-09-20 06:09:58 - INFO - check:check.py:679 - [质量检测] 进度: 300/1702 (17%)
2026-09-20 06:11:05 - INFO - check:check.py:679 - [质量检测] 进度: 400/1702 (23%)
2026-09-20 06:12:17 - INFO - check:check.py:679 - [质量检测] 进度: 500/1702 (29%)
2026-09-20 06:13:34 - INFO - check:check.py:679 - [质量检测] 进度: 600/1702 (35%)
2026-09-20 06:14:53 - INFO - check:check.py:679 - [质量检测] 进度: 700/1702 (41%)
2026-09-20 06:16:01 - INFO - check:check.py:679 - [质量检测] 进度: 800/1702 (47%)
2026-09-20 06:17:13 - INFO - check:check.py:679 - [质量检测] 进度: 900/1702 (52%)
2026-09-20 06:18:32 - INFO - check:check.py:679 - [质量检测] 进度: 1000/1702 (58%)
2026-09-20 06:19:56 - INFO - check:check.py:679 - [质量检测] 进度: 1100/1702 (64%)
2026-09-20 06:21:11 - INFO - check:check.py:679 - [质量检测] 进度: 1200/1702 (70%)
2026-09-20 06:22:27 - INFO - check:check.py:679 - [质量检测] 进度: 1300/1702 (76%)
2026-09-20 06:23:33 - INFO - check:check.py:679 - [质量检测] 进度: 1400/1702 (82%)
2026-09-20 06:24:40 - INFO - check:check.py:679 - [质量检测] 进度: 1500/1702 (88%)
2026-09-20 06:25:44 - INFO - check:check.py:679 - [质量检测] 进度: 1600/1702 (94%)
2026-09-20 06:26:38 - INFO - check:check.py:679 - [质量检测] 进度: 1700/1702 (99%)
2026-09-20 06:26:42 - INFO - check:check.py:679 - [质量检测] 进度: 1702/1702 (100%)
2026-09-20 06:26:42 - INFO - check:check.py:732 - 质量检测完成: 总计=1279 通过=930 失败=288 超时=61 错误=0
2026-09-20 06:26:42 - INFO - check:check.py:773 - 过滤后: 保留 546 个有效源，移除 1112 个失效源
2026-09-20 06:26:42 - INFO - root:main.py:571 - [黑名单建议] 以下域名检测频繁失败，可考虑加入 url_blacklist：
2026-09-20 06:26:42 - INFO - root:main.py:573 -   http://125.122.217.184:8888  失败次数=202  (failed=202)
2026-09-20 06:26:42 - INFO - root:main.py:573 -   http://220.168.79.53:8888  失败次数=67  (failed=67)
2026-09-20 06:26:42 - INFO - root:main.py:573 -   http://1.83.121.252:8888  失败次数=37  (failed=37)
2026-09-20 06:26:42 - INFO - root:main.py:573 -   http://125.123.46.44:9999  失败次数=36  (failed=36)
2026-09-20 06:26:42 - INFO - root:main.py:573 -   http://183.141.143.39:8888  失败次数=36  (failed=36)
2026-09-20 06:26:42 - INFO - root:main.py:573 -   http://150.138.8.143  失败次数=26  (timeout=26)
2026-09-20 06:26:42 - INFO - root:main.py:573 -   http://183.165.192.29:7000  失败次数=25  (failed=25)
2026-09-20 06:26:42 - INFO - root:main.py:573 -   http://223.78.65.165:9901  失败次数=24  (timeout=24)
2026-09-20 06:26:42 - INFO - root:main.py:573 -   http://118.120.190.243:9000  失败次数=21  (failed=21)
2026-09-20 06:26:42 - INFO - root:main.py:573 -   http://123.157.31.182:7912  失败次数=5  (timeout=5)
2026-09-20 06:26:42 - INFO - root:main.py:573 -   http://144.123.220.43:80  失败次数=3  (timeout=3)
2026-09-20 06:26:42 - INFO - root:main.py:573 -   http://144.123.220.47:80  失败次数=1  (timeout=1)
2026-09-20 06:26:42 - INFO - root:main.py:573 -   http://144.123.220.44:80  失败次数=1  (timeout=1)
2026-09-20 06:26:42 - INFO - root:main.py:573 -   http://144.123.220.38:80  失败次数=1  (timeout=1)
2026-09-20 06:26:42 - INFO - root:main.py:573 -   http://144.123.220.42:80  失败次数=1  (timeout=1)
2026-09-20 06:26:42 - INFO - root:main.py:636 - [质量检测] 完成
2026-09-20 06:26:42 - INFO - root:main.py:640 - [汇总] 频道分类 6 个，总频道数 69，总URL数 546
2026-09-21 00:48:06 - INFO - root:main.py:187 - [别名映射] 从 config/alias.txt 加载 10022 条别名规则
2026-09-21 00:48:06 - INFO - root:main.py:653 - [抓取] 执行完整抓取流程，config.source_urls=4 个, hotel=True
2026-09-21 00:48:08 - INFO - root:main.py:85 - [EPG映射] 从 http://e.erw.cc/e.xml.gz 加载成功
2026-09-21 00:48:13 - INFO - root:main.py:85 - [EPG映射] 从 https://gitee.com/taksssss/tv/raw/main/epg/112114.xml.gz 加载成功
2026-09-21 00:48:14 - INFO - root:main.py:85 - [EPG映射] 从 http://epg.51zmt.top:8000/e.xml.gz 加载成功
2026-09-21 00:48:14 - INFO - root:main.py:89 - [EPG映射] 共合并加载 752 个频道 ID
2026-09-21 00:48:14 - INFO - root:main.py:297 - [抓取] 开始: https://cdn.qd.je/live.m3u
2026-09-21 00:48:14 - INFO - root:main.py:297 - [抓取] 开始: http://rihou.cc:567/gggg.nzk
2026-09-21 00:48:14 - INFO - root:main.py:297 - [抓取] 开始: http://193.123.86.190:14888/TV/iptv.php
2026-09-21 00:48:14 - INFO - root:main.py:297 - [抓取] 开始: https://raw.githubusercontent.com/Kimentanm/aptv/master/m3u/iptv.m3u
2026-09-21 00:48:14 - INFO - root:main.py:306 - [抓取] https://raw.githubusercontent.com/Kimentanm/aptv/master/m3u/iptv.m3u 获取成功，判断为m3u格式
2026-09-21 00:48:14 - INFO - root:main.py:344 - [抓取] https://raw.githubusercontent.com/Kimentanm/aptv/master/m3u/iptv.m3u 抓取成功，包含频道分类: 央视IPV4, 卫视IPV4, 卫视IPV4" catchup="append" catchup-source="?playseek=${(b)yyyyMMddHHmmss}-${(e)yyyyMMddHHmmss}, 4K8K频道, 历年春晚
2026-09-21 00:48:14 - INFO - root:main.py:345 - [抓取] https://raw.githubusercontent.com/Kimentanm/aptv/master/m3u/iptv.m3u 共获取 120 个 URL
2026-09-21 00:48:14 - INFO - root:main.py:351 - [抓取] https://raw.githubusercontent.com/Kimentanm/aptv/master/m3u/iptv.m3u 样本频道: ['CCTV1', 'CCTV2', 'CCTV3', 'CCTV4', 'CCTV5', '重温经典', '翡翠台', '五星体育', '湖南卫视', '北京卫视']
2026-09-21 00:48:15 - INFO - root:main.py:306 - [抓取] http://193.123.86.190:14888/TV/iptv.php 获取成功，判断为m3u格式
2026-09-21 00:48:15 - INFO - root:main.py:344 - [抓取] http://193.123.86.190:14888/TV/iptv.php 抓取成功，包含频道分类: 央视频道, 卫视频道, 睛彩频道, 咪视界, 历年春晚, 轮播
2026-09-21 00:48:15 - INFO - root:main.py:345 - [抓取] http://193.123.86.190:14888/TV/iptv.php 共获取 188 个 URL
2026-09-21 00:48:15 - INFO - root:main.py:351 - [抓取] http://193.123.86.190:14888/TV/iptv.php 样本频道: ['CCTV1', 'CCTV1', 'CCTV2', 'CCTV2', 'CCTV3', '安徽卫视', '安徽卫视', '北京卫视', '北京卫视', '重庆卫视']
2026-09-21 00:48:15 - INFO - root:main.py:306 - [抓取] https://cdn.qd.je/live.m3u 获取成功，判断为m3u格式
2026-09-21 00:48:15 - INFO - root:main.py:344 - [抓取] https://cdn.qd.je/live.m3u 抓取成功，包含频道分类: mytv
2026-09-21 00:48:15 - INFO - root:main.py:345 - [抓取] https://cdn.qd.je/live.m3u 共获取 121 个 URL
2026-09-21 00:48:15 - INFO - root:main.py:351 - [抓取] https://cdn.qd.je/live.m3u 样本频道: ['翡翠台4K(字幕)', '凤凰中文', 'CCTV1港澳版', 'CCTV13', 'TVB Plus(字幕)']
2026-09-21 00:48:17 - INFO - root:main.py:306 - [抓取] http://rihou.cc:567/gggg.nzk 获取成功，判断为txt格式
2026-09-21 00:48:17 - INFO - root:main.py:344 - [抓取] http://rihou.cc:567/gggg.nzk 抓取成功，包含频道分类: 猫TV影视, 欣赏港乐, 赛事精锦, 央卫咪咕, 欣赏频道, 网页音乐, 欣赏音乐, 特闽FYtv, 抖音网页, 荔枝网页, 虎牙频道, 爱奇频道, 广州电信, 童年频道, 亮剑全集, 雪豹全集, 凡人修仙, 华山论剑, Q-三国粤, 大时代粤, 流星花园, 还珠格格, 甄嬛传国, 大地恩情, 粤经典剧, 射雕英雄, 神雕侠侣, 视觉效果
2026-09-21 00:48:17 - INFO - root:main.py:345 - [抓取] http://rihou.cc:567/gggg.nzk 共获取 1573 个 URL
2026-09-21 00:48:17 - INFO - root:main.py:351 - [抓取] http://rihou.cc:567/gggg.nzk 样本频道: ['➡️抖舞陪看⬅️', '➡️白嫖软件⬅️', '➡️免费观看⬅️', '➡️大街网源⬅️', '➡️互相搬助⬅️', '⬇️港乐翻唱⬇️', '林咏诗翻唱一', '林咏诗翻唱二', '林咏诗翻唱三', '⬇️港乐粤翻⬇️']
2026-09-21 00:48:17 - INFO - root:main.py:373 - [抓取] 等待所有源完成...
2026-09-21 00:48:17 - INFO - root:main.py:270 - [匹配统计] 模板 133 频道，在线 2002 URL，匹配 245 URL
2026-09-21 00:48:17 - INFO - root:main.py:660 - [酒店源] 开始抓取...
2026-09-21 00:48:18 - INFO - fetch_hotel:fetch_hotel.py:57 - [酒店源] 共获取 795 个节点
2026-09-21 00:48:18 - INFO - fetch_hotel:fetch_hotel.py:67 - [酒店源] 类型分布: {'txiptv': 733, 'zhgxtv': 25, 'hsmdtv': 25, 'jsmpeg': 12}
2026-09-21 00:48:33 - INFO - fetch_hotel:fetch_hotel.py:174 - [酒店源] 解析完成，共 343 个频道-URL 组合
2026-09-21 00:48:33 - INFO - root:main.py:270 - [匹配统计] 模板 133 频道，在线 343 URL，匹配 225 URL
2026-09-21 00:48:33 - INFO - root:main.py:675 - [酒店源] 匹配到 82 个频道
2026-09-21 00:48:33 - INFO - root:main.py:680 - [组播源] 开始抓取...
2026-09-21 00:48:34 - INFO - fetch_multicast:fetch_multicast.py:105 - [组播源] 共 3227 条，保留 2485 条（dead=0，省份过滤=0，运营商过滤=0）
2026-09-21 00:48:34 - INFO - root:main.py:270 - [匹配统计] 模板 133 频道，在线 2485 URL，匹配 1538 URL
2026-09-21 00:48:34 - INFO - root:main.py:694 - [组播源] 匹配到 93 个频道
2026-09-21 00:48:34 - INFO - root:main.py:701 - [质量检测] 开始全量检测（无缓存模式）... enable_ffprobe=True, ffprobe_timeout=6s, min_resolution=1080
2026-09-21 00:48:34 - INFO - check:check.py:695 - 开始质量检测，共 2008 个 URL，并发数 10，HTTP 超时 3.5s，FFprobe 启用，超时 6s
2026-09-21 00:49:19 - INFO - check:check.py:680 - [质量检测] 进度: 100/2008 (4%)
2026-09-21 00:50:04 - INFO - check:check.py:680 - [质量检测] 进度: 200/2008 (9%)
2026-09-21 00:50:55 - INFO - check:check.py:680 - [质量检测] 进度: 300/2008 (14%)
2026-09-21 00:51:35 - INFO - check:check.py:680 - [质量检测] 进度: 400/2008 (19%)
2026-09-21 00:52:32 - INFO - check:check.py:680 - [质量检测] 进度: 500/2008 (24%)
2026-09-21 00:53:21 - INFO - check:check.py:680 - [质量检测] 进度: 600/2008 (29%)
2026-09-21 00:54:06 - INFO - check:check.py:680 - [质量检测] 进度: 700/2008 (34%)
2026-09-21 00:54:51 - INFO - check:check.py:680 - [质量检测] 进度: 800/2008 (39%)
2026-09-21 00:55:36 - INFO - check:check.py:680 - [质量检测] 进度: 900/2008 (44%)
2026-09-21 00:56:09 - INFO - check:check.py:680 - [质量检测] 进度: 1000/2008 (49%)
2026-09-21 00:56:47 - INFO - check:check.py:680 - [质量检测] 进度: 1100/2008 (54%)
2026-09-21 00:57:35 - INFO - check:check.py:680 - [质量检测] 进度: 1200/2008 (59%)
2026-09-21 00:58:25 - INFO - check:check.py:680 - [质量检测] 进度: 1300/2008 (64%)
2026-09-21 00:59:15 - INFO - check:check.py:680 - [质量检测] 进度: 1400/2008 (69%)
2026-09-21 01:00:07 - INFO - check:check.py:680 - [质量检测] 进度: 1500/2008 (74%)
2026-09-21 01:00:53 - INFO - check:check.py:680 - [质量检测] 进度: 1600/2008 (79%)
2026-09-21 01:01:34 - INFO - check:check.py:680 - [质量检测] 进度: 1700/2008 (84%)
2026-09-21 01:02:21 - INFO - check:check.py:680 - [质量检测] 进度: 1800/2008 (89%)
2026-09-21 01:02:54 - INFO - check:check.py:680 - [质量检测] 进度: 1900/2008 (94%)
2026-09-21 01:03:22 - INFO - check:check.py:680 - [质量检测] 进度: 2000/2008 (99%)
2026-09-21 01:03:27 - INFO - check:check.py:680 - [质量检测] 进度: 2008/2008 (100%)
2026-09-21 01:03:27 - INFO - check:check.py:735 - 质量检测完成: 总计=1568 通过=683 失败=161 超时=469 错误=255
2026-09-21 01:03:27 - INFO - check:check.py:777 - 过滤后: 保留 523 个有效源，移除 1279 个失效源
2026-09-21 01:03:27 - INFO - root:main.py:642 - [黑名单建议] 以下域名检测频繁失败，可考虑加入 url_blacklist：
2026-09-21 01:03:27 - INFO - root:main.py:644 -   http://118.120.190.243:9000  失败次数=149  (error=148, timeout=1)
2026-09-21 01:03:27 - INFO - root:main.py:644 -   http://1.83.121.252:8888  失败次数=144  (timeout=144)
2026-09-21 01:03:27 - INFO - root:main.py:644 -   http://220.168.79.53:8888  失败次数=125  (timeout=125)
2026-09-21 01:03:27 - INFO - root:main.py:644 -   http://125.122.217.184:8888  失败次数=80  (failed=5, timeout=75)
2026-09-21 01:03:27 - INFO - root:main.py:644 -   http://125.123.46.44:9999  失败次数=66  (empty=1, failed=24, timeout=41)
2026-09-21 01:03:27 - INFO - root:main.py:644 -   http://183.234.143.5:19901udp:  失败次数=59  (error=59)
2026-09-21 01:03:27 - INFO - root:main.py:644 -   http://101.35.240.114:88  失败次数=57  (failed=57)
2026-09-21 01:03:27 - INFO - root:main.py:644 -   http://120.233.73.4:19901  失败次数=37  (failed=1, timeout=36)
2026-09-21 01:03:27 - INFO - root:main.py:644 -   http://183.141.143.39:8888  失败次数=36  (timeout=36)
2026-09-21 01:03:27 - INFO - root:main.py:644 -   http://rihou.cc:555  失败次数=35  (empty=3, error=30, failed=1, timeout=1)
2026-09-21 01:03:27 - INFO - root:main.py:644 -   http://175.0.71.18:8088  失败次数=30  (failed=1, timeout=29)
2026-09-21 01:03:27 - INFO - root:main.py:644 -   http://110.72.61.137:8181  失败次数=30  (failed=27, timeout=3)
2026-09-21 01:03:27 - INFO - root:main.py:644 -   http://220.192.1.234:8007  失败次数=29  (failed=3, timeout=26)
2026-09-21 01:03:27 - INFO - root:main.py:644 -   http://110.72.55.207:8181  失败次数=28  (failed=26, timeout=2)
2026-09-21 01:03:27 - INFO - root:main.py:644 -   http://183.165.192.29:7000  失败次数=19  (failed=7, timeout=12)
2026-09-21 01:03:27 - INFO - root:main.py:644 -   https://cdn.qd.je  失败次数=14  (failed=11, timeout=3)
2026-09-21 01:03:27 - INFO - root:main.py:644 -   http://123.157.31.182:7912  失败次数=9  (failed=9)
2026-09-21 01:03:27 - INFO - root:main.py:644 -   http://tvtj1.jxwltx.com:8003  失败次数=8  (timeout=8)
2026-09-21 01:03:27 - INFO - root:main.py:644 -   http://iptv.4666888.xyz  失败次数=3  (error=1, timeout=2)
2026-09-21 01:03:27 - INFO - root:main.py:644 -   http://tencentplaygzrb01.gztv.com  失败次数=3  (timeout=3)
2026-09-21 01:03:27 - INFO - root:main.py:644 -   http://php.jdshipin.com:8880  失败次数=3  (failed=3)
2026-09-21 01:03:27 - INFO - root:main.py:644 -   http://113.90.154.189:9901  失败次数=2  (timeout=2)
2026-09-21 01:03:27 - INFO - root:main.py:644 -   http://139.227.221.147:9901  失败次数=2  (timeout=2)
2026-09-21 01:03:27 - INFO - root:main.py:644 -   https://php.jdshipin.com  失败次数=1  (failed=1)
2026-09-21 01:03:27 - INFO - root:main.py:644 -   http://180.114.162.2:2380  失败次数=1  (timeout=1)
2026-09-21 01:03:27 - INFO - root:main.py:644 -   http://webcast.hkstv.tv  失败次数=1  (failed=1)
2026-09-21 01:03:27 - INFO - root:main.py:713 - [质量检测] 完成
2026-09-21 01:03:27 - INFO - root:main.py:717 - [订阅白名单] 开始抓取保底源...
2026-09-21 01:03:27 - INFO - root:main.py:297 - [抓取] 开始: http://192.168.1.31:2134
2026-09-21 01:03:38 - ERROR - root:main.py:355 - [抓取] http://192.168.1.31:2134 超时 (>10s)
2026-09-21 01:03:38 - INFO - root:main.py:270 - [匹配统计] 模板 133 频道，在线 0 URL，匹配 0 URL
2026-09-21 01:03:38 - INFO - root:main.py:721 - [订阅白名单] 匹配到 0 个频道
2026-09-21 01:03:38 - INFO - root:main.py:725 - [汇总] 频道分类 6 个，总频道数 54，总URL数 523
2026-09-21 01:03:38 - INFO - root:main.py:813 - [输出统计] 最终输出 53 频道 / 274 URL
2026-09-21 06:06:30 - INFO - root:main.py:187 - [别名映射] 从 config/alias.txt 加载 10022 条别名规则
2026-09-21 06:06:30 - INFO - root:main.py:653 - [抓取] 执行完整抓取流程，config.source_urls=4 个, hotel=True
2026-09-21 06:06:31 - INFO - root:main.py:85 - [EPG映射] 从 http://e.erw.cc/e.xml.gz 加载成功
2026-09-21 06:06:40 - INFO - root:main.py:85 - [EPG映射] 从 https://gitee.com/taksssss/tv/raw/main/epg/112114.xml.gz 加载成功
2026-09-21 06:06:41 - WARNING - root:main.py:87 - [EPG映射] 从 http://epg.51zmt.top:8000/e.xml.gz 加载失败，尝试下一个源: Not a gzipped file (b'<?')
2026-09-21 06:06:41 - INFO - root:main.py:89 - [EPG映射] 共合并加载 740 个频道 ID
2026-09-21 06:06:41 - INFO - root:main.py:297 - [抓取] 开始: https://cdn.qd.je/live.m3u
2026-09-21 06:06:41 - INFO - root:main.py:297 - [抓取] 开始: http://rihou.cc:567/gggg.nzk
2026-09-21 06:06:41 - INFO - root:main.py:297 - [抓取] 开始: http://193.123.86.190:14888/TV/iptv.php
2026-09-21 06:06:41 - INFO - root:main.py:297 - [抓取] 开始: https://raw.githubusercontent.com/Kimentanm/aptv/master/m3u/iptv.m3u
2026-09-21 06:06:41 - INFO - root:main.py:306 - [抓取] https://raw.githubusercontent.com/Kimentanm/aptv/master/m3u/iptv.m3u 获取成功，判断为m3u格式
2026-09-21 06:06:41 - INFO - root:main.py:344 - [抓取] https://raw.githubusercontent.com/Kimentanm/aptv/master/m3u/iptv.m3u 抓取成功，包含频道分类: 央视IPV4, 卫视IPV4, 卫视IPV4" catchup="append" catchup-source="?playseek=${(b)yyyyMMddHHmmss}-${(e)yyyyMMddHHmmss}, 4K8K频道, 历年春晚
2026-09-21 06:06:41 - INFO - root:main.py:345 - [抓取] https://raw.githubusercontent.com/Kimentanm/aptv/master/m3u/iptv.m3u 共获取 120 个 URL
2026-09-21 06:06:41 - INFO - root:main.py:351 - [抓取] https://raw.githubusercontent.com/Kimentanm/aptv/master/m3u/iptv.m3u 样本频道: ['CCTV1', 'CCTV2', 'CCTV3', 'CCTV4', 'CCTV5', '重温经典', '翡翠台', '五星体育', '湖南卫视', '北京卫视']
2026-09-21 06:06:42 - INFO - root:main.py:306 - [抓取] http://193.123.86.190:14888/TV/iptv.php 获取成功，判断为m3u格式
2026-09-21 06:06:42 - INFO - root:main.py:344 - [抓取] http://193.123.86.190:14888/TV/iptv.php 抓取成功，包含频道分类: 央视频道, 卫视频道, 睛彩频道, 咪视界, 历年春晚, 轮播
2026-09-21 06:06:42 - INFO - root:main.py:345 - [抓取] http://193.123.86.190:14888/TV/iptv.php 共获取 188 个 URL
2026-09-21 06:06:42 - INFO - root:main.py:351 - [抓取] http://193.123.86.190:14888/TV/iptv.php 样本频道: ['CCTV1', 'CCTV1', 'CCTV2', 'CCTV2', 'CCTV3', '安徽卫视', '安徽卫视', '北京卫视', '北京卫视', '重庆卫视']
2026-09-21 06:06:42 - INFO - root:main.py:306 - [抓取] https://cdn.qd.je/live.m3u 获取成功，判断为m3u格式
2026-09-21 06:06:42 - INFO - root:main.py:344 - [抓取] https://cdn.qd.je/live.m3u 抓取成功，包含频道分类: mytv
2026-09-21 06:06:42 - INFO - root:main.py:345 - [抓取] https://cdn.qd.je/live.m3u 共获取 121 个 URL
2026-09-21 06:06:42 - INFO - root:main.py:351 - [抓取] https://cdn.qd.je/live.m3u 样本频道: ['翡翠台4K(字幕)', '凤凰中文', 'CCTV1港澳版', 'CCTV13', 'TVB Plus(字幕)']
2026-09-21 06:06:44 - INFO - root:main.py:306 - [抓取] http://rihou.cc:567/gggg.nzk 获取成功，判断为txt格式
2026-09-21 06:06:44 - INFO - root:main.py:344 - [抓取] http://rihou.cc:567/gggg.nzk 抓取成功，包含频道分类: 猫TV影视, 欣赏港乐, 赛事精锦, 央卫咪咕, 欣赏频道, 网页音乐, 欣赏音乐, 特闽FYtv, 抖音网页, 荔枝网页, 虎牙频道, 爱奇频道, 广州电信, 童年频道, 亮剑全集, 雪豹全集, 凡人修仙, 华山论剑, Q-三国粤, 大时代粤, 流星花园, 还珠格格, 甄嬛传国, 大地恩情, 粤经典剧, 射雕英雄, 神雕侠侣, 视觉效果
2026-09-21 06:06:44 - INFO - root:main.py:345 - [抓取] http://rihou.cc:567/gggg.nzk 共获取 1573 个 URL
2026-09-21 06:06:44 - INFO - root:main.py:351 - [抓取] http://rihou.cc:567/gggg.nzk 样本频道: ['➡️抖舞陪看⬅️', '➡️白嫖软件⬅️', '➡️免费观看⬅️', '➡️大街网源⬅️', '➡️互相搬助⬅️', '⬇️港乐翻唱⬇️', '林咏诗翻唱一', '林咏诗翻唱二', '林咏诗翻唱三', '⬇️港乐粤翻⬇️']
2026-09-21 06:06:44 - INFO - root:main.py:373 - [抓取] 等待所有源完成...
2026-09-21 06:06:44 - INFO - root:main.py:270 - [匹配统计] 模板 133 频道，在线 2002 URL，匹配 245 URL
2026-09-21 06:06:44 - INFO - root:main.py:660 - [酒店源] 开始抓取...
2026-09-21 06:06:45 - INFO - fetch_hotel:fetch_hotel.py:57 - [酒店源] 共获取 795 个节点
2026-09-21 06:06:45 - INFO - fetch_hotel:fetch_hotel.py:67 - [酒店源] 类型分布: {'txiptv': 733, 'zhgxtv': 25, 'hsmdtv': 25, 'jsmpeg': 12}
2026-09-21 06:07:00 - INFO - fetch_hotel:fetch_hotel.py:174 - [酒店源] 解析完成，共 436 个频道-URL 组合
2026-09-21 06:07:00 - INFO - root:main.py:270 - [匹配统计] 模板 133 频道，在线 436 URL，匹配 264 URL
2026-09-21 06:07:00 - INFO - root:main.py:675 - [酒店源] 匹配到 94 个频道
2026-09-21 06:07:00 - INFO - root:main.py:680 - [组播源] 开始抓取...
2026-09-21 06:07:01 - INFO - fetch_multicast:fetch_multicast.py:105 - [组播源] 共 1839 条，保留 1837 条（dead=0，省份过滤=0，运营商过滤=0）
2026-09-21 06:07:01 - INFO - root:main.py:270 - [匹配统计] 模板 133 频道，在线 1837 URL，匹配 1092 URL
2026-09-21 06:07:01 - INFO - root:main.py:694 - [组播源] 匹配到 100 个频道
2026-09-21 06:07:01 - INFO - root:main.py:701 - [质量检测] 开始全量检测（无缓存模式）... enable_ffprobe=True, ffprobe_timeout=6s, min_resolution=1080
2026-09-21 06:07:01 - INFO - check:check.py:695 - 开始质量检测，共 1601 个 URL，并发数 10，HTTP 超时 3.5s，FFprobe 启用，超时 6s
2026-09-21 06:07:38 - INFO - check:check.py:680 - [质量检测] 进度: 100/1601 (6%)
2026-09-21 06:08:20 - INFO - check:check.py:680 - [质量检测] 进度: 200/1601 (12%)
2026-09-21 06:08:57 - INFO - check:check.py:680 - [质量检测] 进度: 300/1601 (18%)
2026-09-21 06:09:38 - INFO - check:check.py:680 - [质量检测] 进度: 400/1601 (24%)
2026-09-21 06:10:17 - INFO - check:check.py:680 - [质量检测] 进度: 500/1601 (31%)
2026-09-21 06:10:52 - INFO - check:check.py:680 - [质量检测] 进度: 600/1601 (37%)
2026-09-21 06:11:37 - INFO - check:check.py:680 - [质量检测] 进度: 700/1601 (43%)
2026-09-21 06:12:07 - INFO - check:check.py:680 - [质量检测] 进度: 800/1601 (49%)
2026-09-21 06:12:51 - INFO - check:check.py:680 - [质量检测] 进度: 900/1601 (56%)
2026-09-21 06:13:39 - INFO - check:check.py:680 - [质量检测] 进度: 1000/1601 (62%)
2026-09-21 06:14:20 - INFO - check:check.py:680 - [质量检测] 进度: 1100/1601 (68%)
2026-09-21 06:14:58 - INFO - check:check.py:680 - [质量检测] 进度: 1200/1601 (74%)
2026-09-21 06:15:34 - INFO - check:check.py:680 - [质量检测] 进度: 1300/1601 (81%)
2026-09-21 06:16:17 - INFO - check:check.py:680 - [质量检测] 进度: 1400/1601 (87%)
2026-09-21 06:16:54 - INFO - check:check.py:680 - [质量检测] 进度: 1500/1601 (93%)
2026-09-21 06:17:27 - INFO - check:check.py:680 - [质量检测] 进度: 1600/1601 (99%)
2026-09-21 06:17:28 - INFO - check:check.py:680 - [质量检测] 进度: 1601/1601 (100%)
2026-09-21 06:17:28 - INFO - check:check.py:735 - 质量检测完成: 总计=1315 通过=623 失败=234 超时=275 错误=183
2026-09-21 06:17:28 - INFO - check:check.py:777 - 过滤后: 保留 243 个有效源，移除 1249 个失效源
2026-09-21 06:17:28 - INFO - root:main.py:642 - [黑名单建议] 以下域名检测频繁失败，可考虑加入 url_blacklist：
2026-09-21 06:17:28 - INFO - root:main.py:644 -   http://125.122.217.184:8888  失败次数=281  (timeout=281)
2026-09-21 06:17:28 - INFO - root:main.py:644 -   http://125.123.46.44:9999  失败次数=78  (failed=39, timeout=39)
2026-09-21 06:17:28 - INFO - root:main.py:644 -   http://183.234.143.5:7711udp:  失败次数=74  (error=74)
2026-09-21 06:17:28 - INFO - root:main.py:644 -   http://120.196.235.43:9901udp:  失败次数=62  (error=62)
2026-09-21 06:17:28 - INFO - root:main.py:644 -   http://101.35.240.114:88  失败次数=57  (failed=57)
2026-09-21 06:17:28 - INFO - root:main.py:644 -   http://www.510100.xyz:5050  失败次数=42  (empty=2, failed=25, timeout=15)
2026-09-21 06:17:28 - INFO - root:main.py:644 -   http://rihou.cc:555  失败次数=35  (empty=3, error=27, failed=4, timeout=1)
2026-09-21 06:17:28 - INFO - root:main.py:644 -   http://220.192.1.234:8007  失败次数=35  (failed=9, timeout=26)
2026-09-21 06:17:28 - INFO - root:main.py:644 -   http://139.196.214.238:5079  失败次数=33  (failed=33)
2026-09-21 06:17:28 - INFO - root:main.py:644 -   http://175.0.71.18:8088  失败次数=30  (failed=1, timeout=29)
2026-09-21 06:17:28 - INFO - root:main.py:644 -   http://110.72.61.137:8181  失败次数=28  (failed=27, timeout=1)
2026-09-21 06:17:28 - INFO - root:main.py:644 -   http://110.72.55.207:8181  失败次数=27  (failed=27)
2026-09-21 06:17:28 - INFO - root:main.py:644 -   http://113.205.161.234:8002  失败次数=17  (failed=12, timeout=5)
2026-09-21 06:17:28 - INFO - root:main.py:644 -   https://cdn.qd.je  失败次数=12  (failed=11, timeout=1)
2026-09-21 06:17:28 - INFO - root:main.py:644 -   http://113.205.174.245:8005  失败次数=10  (failed=2, timeout=8)
2026-09-21 06:17:28 - INFO - root:main.py:644 -   http://tvtj1.jxwltx.com:8003  失败次数=8  (timeout=8)
2026-09-21 06:17:28 - INFO - root:main.py:644 -   http://139.227.221.147:9901  失败次数=6  (timeout=6)
2026-09-21 06:17:28 - INFO - root:main.py:644 -   http://iptv.4666888.xyz  失败次数=3  (timeout=3)
2026-09-21 06:17:28 - INFO - root:main.py:644 -   http://tencentplaygzrb01.gztv.com  失败次数=3  (timeout=3)
2026-09-21 06:17:28 - INFO - root:main.py:644 -   http://php.jdshipin.com:8880  失败次数=3  (failed=3)
2026-09-21 06:17:28 - INFO - root:main.py:644 -   https://php.jdshipin.com  失败次数=2  (failed=2)
2026-09-21 06:17:28 - INFO - root:main.py:644 -   http://110.251.165.12:4000  失败次数=2  (timeout=2)
2026-09-21 06:17:28 - INFO - root:main.py:644 -   http://180.114.162.2:2380  失败次数=1  (timeout=1)
2026-09-21 06:17:28 - INFO - root:main.py:644 -   http://webcast.hkstv.tv  失败次数=1  (failed=1)
2026-09-21 06:17:28 - INFO - root:main.py:713 - [质量检测] 完成
2026-09-21 06:17:28 - INFO - root:main.py:717 - [订阅白名单] 开始抓取保底源...
2026-09-21 06:17:28 - INFO - root:main.py:297 - [抓取] 开始: http://192.168.1.31:2134
2026-09-21 06:17:38 - ERROR - root:main.py:355 - [抓取] http://192.168.1.31:2134 超时 (>10s)
2026-09-21 06:17:38 - INFO - root:main.py:270 - [匹配统计] 模板 133 频道，在线 0 URL，匹配 0 URL
2026-09-21 06:17:38 - INFO - root:main.py:721 - [订阅白名单] 匹配到 0 个频道
2026-09-21 06:17:38 - INFO - root:main.py:725 - [汇总] 频道分类 6 个，总频道数 65，总URL数 243
2026-09-21 06:17:38 - INFO - root:main.py:813 - [输出统计] 最终输出 61 频道 / 194 URL
2026-09-22 06:06:43 - INFO - root:main.py:187 - [别名映射] 从 config/alias.txt 加载 10022 条别名规则
2026-09-22 06:06:43 - INFO - root:main.py:653 - [抓取] 执行完整抓取流程，config.source_urls=4 个, hotel=True
2026-09-22 06:06:44 - INFO - root:main.py:85 - [EPG映射] 从 http://e.erw.cc/e.xml.gz 加载成功
2026-09-22 06:06:53 - INFO - root:main.py:85 - [EPG映射] 从 https://gitee.com/taksssss/tv/raw/main/epg/112114.xml.gz 加载成功
2026-09-22 06:06:54 - WARNING - root:main.py:87 - [EPG映射] 从 http://epg.51zmt.top:8000/e.xml.gz 加载失败，尝试下一个源: Not a gzipped file (b'<?')
2026-09-22 06:06:54 - INFO - root:main.py:89 - [EPG映射] 共合并加载 829 个频道 ID
2026-09-22 06:06:54 - INFO - root:main.py:297 - [抓取] 开始: https://cdn.qd.je/live.m3u
2026-09-22 06:06:54 - INFO - root:main.py:297 - [抓取] 开始: http://rihou.cc:567/gggg.nzk
2026-09-22 06:06:54 - INFO - root:main.py:297 - [抓取] 开始: http://193.123.86.190:14888/TV/iptv.php
2026-09-22 06:06:54 - INFO - root:main.py:297 - [抓取] 开始: https://raw.githubusercontent.com/Kimentanm/aptv/master/m3u/iptv.m3u
2026-09-22 06:06:54 - INFO - root:main.py:306 - [抓取] https://raw.githubusercontent.com/Kimentanm/aptv/master/m3u/iptv.m3u 获取成功，判断为m3u格式
2026-09-22 06:06:54 - INFO - root:main.py:344 - [抓取] https://raw.githubusercontent.com/Kimentanm/aptv/master/m3u/iptv.m3u 抓取成功，包含频道分类: 央视IPV4, 卫视IPV4, 卫视IPV4" catchup="append" catchup-source="?playseek=${(b)yyyyMMddHHmmss}-${(e)yyyyMMddHHmmss}, 4K8K频道, 历年春晚
2026-09-22 06:06:54 - INFO - root:main.py:345 - [抓取] https://raw.githubusercontent.com/Kimentanm/aptv/master/m3u/iptv.m3u 共获取 120 个 URL
2026-09-22 06:06:54 - INFO - root:main.py:351 - [抓取] https://raw.githubusercontent.com/Kimentanm/aptv/master/m3u/iptv.m3u 样本频道: ['CCTV1', 'CCTV2', 'CCTV3', 'CCTV4', 'CCTV5', '重温经典', '翡翠台', '五星体育', '湖南卫视', '北京卫视']
2026-09-22 06:06:55 - INFO - root:main.py:306 - [抓取] http://193.123.86.190:14888/TV/iptv.php 获取成功，判断为m3u格式
2026-09-22 06:06:55 - INFO - root:main.py:344 - [抓取] http://193.123.86.190:14888/TV/iptv.php 抓取成功，包含频道分类: 央视频道, 卫视频道, 睛彩频道, 咪视界, 历年春晚, 轮播
2026-09-22 06:06:55 - INFO - root:main.py:345 - [抓取] http://193.123.86.190:14888/TV/iptv.php 共获取 188 个 URL
2026-09-22 06:06:55 - INFO - root:main.py:351 - [抓取] http://193.123.86.190:14888/TV/iptv.php 样本频道: ['CCTV1', 'CCTV1', 'CCTV2', 'CCTV2', 'CCTV3', '安徽卫视', '安徽卫视', '北京卫视', '北京卫视', '重庆卫视']
2026-09-22 06:06:55 - INFO - root:main.py:306 - [抓取] https://cdn.qd.je/live.m3u 获取成功，判断为m3u格式
2026-09-22 06:06:55 - INFO - root:main.py:344 - [抓取] https://cdn.qd.je/live.m3u 抓取成功，包含频道分类: mytv
2026-09-22 06:06:55 - INFO - root:main.py:345 - [抓取] https://cdn.qd.je/live.m3u 共获取 121 个 URL
2026-09-22 06:06:55 - INFO - root:main.py:351 - [抓取] https://cdn.qd.je/live.m3u 样本频道: ['翡翠台4K(字幕)', '凤凰中文', 'CCTV1港澳版', 'CCTV13', 'TVB Plus(字幕)']
2026-09-22 06:06:57 - INFO - root:main.py:306 - [抓取] http://rihou.cc:567/gggg.nzk 获取成功，判断为txt格式
2026-09-22 06:06:57 - INFO - root:main.py:344 - [抓取] http://rihou.cc:567/gggg.nzk 抓取成功，包含频道分类: 猫TV影视, 欣赏港乐, 赛事精锦, 央卫咪咕, 欣赏频道, 网页音乐, 欣赏音乐, 特闽FYtv, 抖音网页, 荔枝网页, 虎牙频道, 爱奇频道, 广州电信, 童年频道, 亮剑全集, 雪豹全集, 凡人修仙, 华山论剑, Q-三国粤, 大时代粤, 流星花园, 还珠格格, 甄嬛传国, 大地恩情, 粤经典剧, 射雕英雄, 神雕侠侣, 视觉效果
2026-09-22 06:06:57 - INFO - root:main.py:345 - [抓取] http://rihou.cc:567/gggg.nzk 共获取 1573 个 URL
2026-09-22 06:06:57 - INFO - root:main.py:351 - [抓取] http://rihou.cc:567/gggg.nzk 样本频道: ['➡️抖舞陪看⬅️', '➡️白嫖软件⬅️', '➡️免费观看⬅️', '➡️大街网源⬅️', '➡️互相搬助⬅️', '⬇️港乐翻唱⬇️', '林咏诗翻唱一', '林咏诗翻唱二', '林咏诗翻唱三', '⬇️港乐粤翻⬇️']
2026-09-22 06:06:57 - INFO - root:main.py:373 - [抓取] 等待所有源完成...
2026-09-22 06:06:57 - INFO - root:main.py:270 - [匹配统计] 模板 133 频道，在线 2002 URL，匹配 245 URL
2026-09-22 06:06:57 - INFO - root:main.py:660 - [酒店源] 开始抓取...
2026-09-22 06:06:58 - INFO - fetch_hotel:fetch_hotel.py:57 - [酒店源] 共获取 799 个节点
2026-09-22 06:06:58 - INFO - fetch_hotel:fetch_hotel.py:67 - [酒店源] 类型分布: {'txiptv': 734, 'zhgxtv': 29, 'hsmdtv': 25, 'jsmpeg': 11}
2026-09-22 06:07:13 - INFO - fetch_hotel:fetch_hotel.py:174 - [酒店源] 解析完成，共 218 个频道-URL 组合
2026-09-22 06:07:13 - INFO - root:main.py:270 - [匹配统计] 模板 133 频道，在线 218 URL，匹配 128 URL
2026-09-22 06:07:13 - INFO - root:main.py:675 - [酒店源] 匹配到 80 个频道
2026-09-22 06:07:13 - INFO - root:main.py:680 - [组播源] 开始抓取...
2026-09-22 06:07:14 - INFO - fetch_multicast:fetch_multicast.py:105 - [组播源] 共 1030 条，保留 1030 条（dead=0，省份过滤=0，运营商过滤=0）
2026-09-22 06:07:14 - INFO - root:main.py:270 - [匹配统计] 模板 133 频道，在线 1030 URL，匹配 465 URL
2026-09-22 06:07:14 - INFO - root:main.py:694 - [组播源] 匹配到 93 个频道
2026-09-22 06:07:14 - INFO - root:main.py:701 - [质量检测] 开始全量检测（无缓存模式）... enable_ffprobe=True, ffprobe_timeout=6s, min_resolution=1080
2026-09-22 06:07:14 - INFO - check:check.py:695 - 开始质量检测，共 838 个 URL，并发数 10，HTTP 超时 3.5s，FFprobe 启用，超时 6s
2026-09-22 06:07:53 - INFO - check:check.py:680 - [质量检测] 进度: 100/838 (11%)
2026-09-22 06:08:48 - INFO - check:check.py:680 - [质量检测] 进度: 200/838 (23%)
2026-09-22 06:09:38 - INFO - check:check.py:680 - [质量检测] 进度: 300/838 (35%)
2026-09-22 06:10:20 - INFO - check:check.py:680 - [质量检测] 进度: 400/838 (47%)
2026-09-22 06:11:11 - INFO - check:check.py:680 - [质量检测] 进度: 500/838 (59%)
2026-09-22 06:12:01 - INFO - check:check.py:680 - [质量检测] 进度: 600/838 (71%)
2026-09-22 06:12:56 - INFO - check:check.py:680 - [质量检测] 进度: 700/838 (83%)
2026-09-22 06:13:43 - INFO - check:check.py:680 - [质量检测] 进度: 800/838 (95%)
2026-09-22 06:13:56 - INFO - check:check.py:680 - [质量检测] 进度: 838/838 (100%)
2026-09-22 06:13:56 - INFO - check:check.py:735 - 质量检测完成: 总计=832 通过=387 失败=166 超时=231 错误=48
2026-09-22 06:13:56 - INFO - check:check.py:777 - 过滤后: 保留 168 个有效源，移除 529 个失效源
2026-09-22 06:13:56 - INFO - root:main.py:642 - [黑名单建议] 以下域名检测频繁失败，可考虑加入 url_blacklist：
2026-09-22 06:13:56 - INFO - root:main.py:644 -   http://220.192.1.234:8007  失败次数=100  (timeout=100)
2026-09-22 06:13:56 - INFO - root:main.py:644 -   http://101.35.240.114:88  失败次数=57  (failed=57)
2026-09-22 06:13:56 - INFO - root:main.py:644 -   http://183.165.192.29:7000  失败次数=40  (failed=3, timeout=37)
2026-09-22 06:13:56 - INFO - root:main.py:644 -   http://www.510100.xyz:5050  失败次数=36  (empty=1, failed=25, timeout=10)
2026-09-22 06:13:56 - INFO - root:main.py:644 -   http://rihou.cc:555  失败次数=35  (empty=3, error=27, failed=4, timeout=1)
2026-09-22 06:13:56 - INFO - root:main.py:644 -   http://110.72.61.137:8181  失败次数=34  (failed=27, timeout=7)
2026-09-22 06:13:56 - INFO - root:main.py:644 -   http://175.0.71.18:8088  失败次数=30  (failed=1, timeout=29)
2026-09-22 06:13:56 - INFO - root:main.py:644 -   http://110.72.55.207:8181  失败次数=27  (failed=27)
2026-09-22 06:13:56 - INFO - root:main.py:644 -   http://101.wifi98.com:9001  失败次数=22  (failed=3, timeout=19)
2026-09-22 06:13:56 - INFO - root:main.py:644 -   http://139.227.221.147:9901  失败次数=13  (timeout=13)
2026-09-22 06:13:56 - INFO - root:main.py:644 -   https://cdn.qd.je  失败次数=12  (failed=11, timeout=1)
2026-09-22 06:13:56 - INFO - root:main.py:644 -   http://tvtj1.jxwltx.com:8003  失败次数=8  (timeout=8)
2026-09-22 06:13:56 - INFO - root:main.py:644 -   http://123.157.31.182:7912  失败次数=4  (failed=4)
2026-09-22 06:13:56 - INFO - root:main.py:644 -   http://iptv.4666888.xyz  失败次数=3  (error=1, timeout=2)
2026-09-22 06:13:56 - INFO - root:main.py:644 -   http://tencentplaygzrb01.gztv.com  失败次数=3  (timeout=3)
2026-09-22 06:13:56 - INFO - root:main.py:644 -   http://php.jdshipin.com:8880  失败次数=3  (failed=3)
2026-09-22 06:13:56 - INFO - root:main.py:644 -   https://php.jdshipin.com  失败次数=1  (failed=1)
2026-09-22 06:13:56 - INFO - root:main.py:644 -   http://180.114.162.2:2380  失败次数=1  (timeout=1)
2026-09-22 06:13:56 - INFO - root:main.py:644 -   http://webcast.hkstv.tv  失败次数=1  (failed=1)
2026-09-22 06:13:56 - INFO - root:main.py:713 - [质量检测] 完成
2026-09-22 06:13:56 - INFO - root:main.py:717 - [订阅白名单] 开始抓取保底源...
2026-09-22 06:13:56 - INFO - root:main.py:297 - [抓取] 开始: http://192.168.1.31:2134
2026-09-22 06:14:06 - ERROR - root:main.py:355 - [抓取] http://192.168.1.31:2134 超时 (>10s)
2026-09-22 06:14:06 - INFO - root:main.py:270 - [匹配统计] 模板 133 频道，在线 0 URL，匹配 0 URL
2026-09-22 06:14:06 - INFO - root:main.py:721 - [订阅白名单] 匹配到 0 个频道
2026-09-22 06:14:06 - INFO - root:main.py:725 - [汇总] 频道分类 6 个，总频道数 57，总URL数 168
2026-09-22 06:14:06 - INFO - root:main.py:813 - [输出统计] 最终输出 52 频道 / 135 URL
2026-09-23 06:06:26 - INFO - root:main.py:187 - [别名映射] 从 config/alias.txt 加载 10022 条别名规则
2026-09-23 06:06:26 - INFO - root:main.py:653 - [抓取] 执行完整抓取流程，config.source_urls=4 个, hotel=True
2026-09-23 06:06:28 - INFO - root:main.py:85 - [EPG映射] 从 http://e.erw.cc/e.xml.gz 加载成功
2026-09-23 06:06:36 - INFO - root:main.py:85 - [EPG映射] 从 https://gitee.com/taksssss/tv/raw/main/epg/112114.xml.gz 加载成功
2026-09-23 06:06:38 - INFO - root:main.py:85 - [EPG映射] 从 http://epg.51zmt.top:8000/e.xml.gz 加载成功
2026-09-23 06:06:38 - INFO - root:main.py:89 - [EPG映射] 共合并加载 836 个频道 ID
2026-09-23 06:06:38 - INFO - root:main.py:297 - [抓取] 开始: https://cdn.qd.je/live.m3u
2026-09-23 06:06:38 - INFO - root:main.py:297 - [抓取] 开始: http://rihou.cc:567/gggg.nzk
2026-09-23 06:06:38 - INFO - root:main.py:297 - [抓取] 开始: http://193.123.86.190:14888/TV/iptv.php
2026-09-23 06:06:38 - INFO - root:main.py:297 - [抓取] 开始: https://raw.githubusercontent.com/Kimentanm/aptv/master/m3u/iptv.m3u
2026-09-23 06:06:38 - INFO - root:main.py:306 - [抓取] https://raw.githubusercontent.com/Kimentanm/aptv/master/m3u/iptv.m3u 获取成功，判断为m3u格式
2026-09-23 06:06:38 - INFO - root:main.py:344 - [抓取] https://raw.githubusercontent.com/Kimentanm/aptv/master/m3u/iptv.m3u 抓取成功，包含频道分类: 央视IPV4, 卫视IPV4, 卫视IPV4" catchup="append" catchup-source="?playseek=${(b)yyyyMMddHHmmss}-${(e)yyyyMMddHHmmss}, 4K8K频道, 历年春晚
2026-09-23 06:06:38 - INFO - root:main.py:345 - [抓取] https://raw.githubusercontent.com/Kimentanm/aptv/master/m3u/iptv.m3u 共获取 120 个 URL
2026-09-23 06:06:38 - INFO - root:main.py:351 - [抓取] https://raw.githubusercontent.com/Kimentanm/aptv/master/m3u/iptv.m3u 样本频道: ['CCTV1', 'CCTV2', 'CCTV3', 'CCTV4', 'CCTV5', '重温经典', '翡翠台', '五星体育', '湖南卫视', '北京卫视']
2026-09-23 06:06:38 - INFO - root:main.py:306 - [抓取] http://193.123.86.190:14888/TV/iptv.php 获取成功，判断为m3u格式
2026-09-23 06:06:38 - INFO - root:main.py:344 - [抓取] http://193.123.86.190:14888/TV/iptv.php 抓取成功，包含频道分类: 央视频道, 卫视频道, 睛彩频道, 咪视界, 历年春晚, 轮播
2026-09-23 06:06:38 - INFO - root:main.py:345 - [抓取] http://193.123.86.190:14888/TV/iptv.php 共获取 188 个 URL
2026-09-23 06:06:38 - INFO - root:main.py:351 - [抓取] http://193.123.86.190:14888/TV/iptv.php 样本频道: ['CCTV1', 'CCTV1', 'CCTV2', 'CCTV2', 'CCTV3', '安徽卫视', '安徽卫视', '北京卫视', '北京卫视', '重庆卫视']
2026-09-23 06:06:38 - INFO - root:main.py:306 - [抓取] https://cdn.qd.je/live.m3u 获取成功，判断为m3u格式
2026-09-23 06:06:38 - INFO - root:main.py:344 - [抓取] https://cdn.qd.je/live.m3u 抓取成功，包含频道分类: mytv
2026-09-23 06:06:38 - INFO - root:main.py:345 - [抓取] https://cdn.qd.je/live.m3u 共获取 121 个 URL
2026-09-23 06:06:38 - INFO - root:main.py:351 - [抓取] https://cdn.qd.je/live.m3u 样本频道: ['翡翠台4K(字幕)', '凤凰中文', 'CCTV1港澳版', 'CCTV13', 'TVB Plus(字幕)']
2026-09-23 06:06:41 - INFO - root:main.py:306 - [抓取] http://rihou.cc:567/gggg.nzk 获取成功，判断为txt格式
2026-09-23 06:06:41 - INFO - root:main.py:344 - [抓取] http://rihou.cc:567/gggg.nzk 抓取成功，包含频道分类: 猫TV影视, 欣赏港乐, 赛事精锦, 央卫咪咕, 欣赏频道, 网页音乐, 欣赏音乐, 特闽FYtv, 抖音网页, 荔枝网页, 虎牙频道, 爱奇频道, 广州电信, 童年频道, 亮剑全集, 雪豹全集, 凡人修仙, 华山论剑, Q-三国粤, 大时代粤, 流星花园, 还珠格格, 甄嬛传国, 大地恩情, 粤经典剧, 射雕英雄, 神雕侠侣, 视觉效果
2026-09-23 06:06:41 - INFO - root:main.py:345 - [抓取] http://rihou.cc:567/gggg.nzk 共获取 1573 个 URL
2026-09-23 06:06:41 - INFO - root:main.py:351 - [抓取] http://rihou.cc:567/gggg.nzk 样本频道: ['➡️抖舞陪看⬅️', '➡️白嫖软件⬅️', '➡️免费观看⬅️', '➡️大街网源⬅️', '➡️互相搬助⬅️', '⬇️港乐翻唱⬇️', '林咏诗翻唱一', '林咏诗翻唱二', '林咏诗翻唱三', '⬇️港乐粤翻⬇️']
2026-09-23 06:06:41 - INFO - root:main.py:373 - [抓取] 等待所有源完成...
2026-09-23 06:06:41 - INFO - root:main.py:270 - [匹配统计] 模板 133 频道，在线 2002 URL，匹配 245 URL
2026-09-23 06:06:41 - INFO - root:main.py:660 - [酒店源] 开始抓取...
2026-09-23 06:06:41 - INFO - fetch_hotel:fetch_hotel.py:57 - [酒店源] 共获取 796 个节点
2026-09-23 06:06:41 - INFO - fetch_hotel:fetch_hotel.py:67 - [酒店源] 类型分布: {'txiptv': 732, 'zhgxtv': 28, 'hsmdtv': 25, 'jsmpeg': 11}
2026-09-23 06:06:57 - INFO - fetch_hotel:fetch_hotel.py:174 - [酒店源] 解析完成，共 294 个频道-URL 组合
2026-09-23 06:06:57 - INFO - root:main.py:270 - [匹配统计] 模板 133 频道，在线 294 URL，匹配 190 URL
2026-09-23 06:06:57 - INFO - root:main.py:675 - [酒店源] 匹配到 85 个频道
2026-09-23 06:06:57 - INFO - root:main.py:680 - [组播源] 开始抓取...
2026-09-23 06:06:58 - INFO - fetch_multicast:fetch_multicast.py:105 - [组播源] 共 1045 条，保留 1045 条（dead=0，省份过滤=0，运营商过滤=0）
2026-09-23 06:06:58 - INFO - root:main.py:270 - [匹配统计] 模板 133 频道，在线 1045 URL，匹配 493 URL
2026-09-23 06:06:58 - INFO - root:main.py:694 - [组播源] 匹配到 96 个频道
2026-09-23 06:06:58 - INFO - root:main.py:701 - [质量检测] 开始全量检测（无缓存模式）... enable_ffprobe=True, ffprobe_timeout=6s, min_resolution=1080
2026-09-23 06:06:58 - INFO - check:check.py:695 - 开始质量检测，共 928 个 URL，并发数 10，HTTP 超时 3.5s，FFprobe 启用，超时 6s
2026-09-23 06:07:52 - INFO - check:check.py:680 - [质量检测] 进度: 100/928 (10%)
2026-09-23 06:08:48 - INFO - check:check.py:680 - [质量检测] 进度: 200/928 (21%)
2026-09-23 06:09:36 - INFO - check:check.py:680 - [质量检测] 进度: 300/928 (32%)
2026-09-23 06:10:04 - INFO - check:check.py:680 - [质量检测] 进度: 400/928 (43%)
2026-09-23 06:11:07 - INFO - check:check.py:680 - [质量检测] 进度: 500/928 (53%)
2026-09-23 06:12:13 - INFO - check:check.py:680 - [质量检测] 进度: 600/928 (64%)
2026-09-23 06:13:08 - INFO - check:check.py:680 - [质量检测] 进度: 700/928 (75%)
2026-09-23 06:14:06 - INFO - check:check.py:680 - [质量检测] 进度: 800/928 (86%)
2026-09-23 06:14:56 - INFO - check:check.py:680 - [质量检测] 进度: 900/928 (96%)
2026-09-23 06:15:09 - INFO - check:check.py:680 - [质量检测] 进度: 928/928 (100%)
2026-09-23 06:15:09 - INFO - check:check.py:735 - 质量检测完成: 总计=898 通过=314 失败=148 超时=355 错误=81
2026-09-23 06:15:09 - INFO - check:check.py:777 - 过滤后: 保留 163 个有效源，移除 636 个失效源
2026-09-23 06:15:09 - INFO - root:main.py:642 - [黑名单建议] 以下域名检测频繁失败，可考虑加入 url_blacklist：
2026-09-23 06:15:09 - INFO - root:main.py:644 -   http://42.235.39.247:8800  失败次数=99  (timeout=99)
2026-09-23 06:15:09 - INFO - root:main.py:644 -   http://171.213.130.105:22222  失败次数=64  (timeout=64)
2026-09-23 06:15:09 - INFO - root:main.py:644 -   http://183.234.143.5:19902udp:  失败次数=62  (error=62)
2026-09-23 06:15:09 - INFO - root:main.py:644 -   http://101.35.240.114:88  失败次数=57  (failed=57)
2026-09-23 06:15:09 - INFO - root:main.py:644 -   http://125.43.80.236:8090  失败次数=49  (timeout=49)
2026-09-23 06:15:09 - INFO - root:main.py:644 -   http://223.214.248.248:4022  失败次数=45  (failed=2, timeout=43)
2026-09-23 06:15:09 - INFO - root:main.py:644 -   http://rihou.cc:555  失败次数=35  (empty=3, failed=4, timeout=28)
2026-09-23 06:15:09 - INFO - root:main.py:644 -   http://175.0.71.18:8088  失败次数=30  (failed=1, timeout=29)
2026-09-23 06:15:09 - INFO - root:main.py:644 -   http://110.72.61.137:8181  失败次数=30  (failed=25, timeout=5)
2026-09-23 06:15:09 - INFO - root:main.py:644 -   http://139.227.221.147:9901  失败次数=28  (failed=2, timeout=26)
2026-09-23 06:15:09 - INFO - root:main.py:644 -   http://110.72.55.207:8181  失败次数=28  (failed=26, timeout=2)
2026-09-23 06:15:09 - INFO - root:main.py:644 -   http://101.wifi98.com:9001  失败次数=25  (failed=15, timeout=10)
2026-09-23 06:15:09 - INFO - root:main.py:644 -   https://cdn.qd.je  失败次数=13  (failed=11, timeout=2)
2026-09-23 06:15:09 - INFO - root:main.py:644 -   http://tvtj1.jxwltx.com:8003  失败次数=8  (timeout=8)
2026-09-23 06:15:09 - INFO - root:main.py:644 -   http://173.208.212.130:8181  失败次数=7  (failed=1, timeout=6)
2026-09-23 06:15:09 - INFO - root:main.py:644 -   http://iptv.4666888.xyz  失败次数=3  (timeout=3)
2026-09-23 06:15:09 - INFO - root:main.py:644 -   http://tencentplaygzrb01.gztv.com  失败次数=3  (timeout=3)
2026-09-23 06:15:09 - INFO - root:main.py:644 -   http://php.jdshipin.com:8880  失败次数=3  (failed=3)
2026-09-23 06:15:09 - INFO - root:main.py:644 -   http://113.90.154.189:9901  失败次数=2  (timeout=2)
2026-09-23 06:15:09 - INFO - root:main.py:644 -   https://php.jdshipin.com  失败次数=1  (failed=1)
2026-09-23 06:15:09 - INFO - root:main.py:644 -   http://180.114.162.2:2380  失败次数=1  (timeout=1)
2026-09-23 06:15:09 - INFO - root:main.py:644 -   http://webcast.hkstv.tv  失败次数=1  (failed=1)
2026-09-23 06:15:09 - INFO - root:main.py:713 - [质量检测] 完成
2026-09-23 06:15:09 - INFO - root:main.py:717 - [订阅白名单] 开始抓取保底源...
2026-09-23 06:15:09 - INFO - root:main.py:297 - [抓取] 开始: http://192.168.1.31:2134
2026-09-23 06:15:20 - ERROR - root:main.py:355 - [抓取] http://192.168.1.31:2134 超时 (>10s)
2026-09-23 06:15:20 - INFO - root:main.py:270 - [匹配统计] 模板 133 频道，在线 0 URL，匹配 0 URL
2026-09-23 06:15:20 - INFO - root:main.py:721 - [订阅白名单] 匹配到 0 个频道
2026-09-23 06:15:20 - INFO - root:main.py:725 - [汇总] 频道分类 6 个，总频道数 58，总URL数 163
2026-09-23 06:15:20 - INFO - root:main.py:813 - [输出统计] 最终输出 53 频道 / 137 URL
2026-09-24 06:07:23 - INFO - root:main.py:187 - [别名映射] 从 config/alias.txt 加载 10022 条别名规则
2026-09-24 06:07:23 - INFO - root:main.py:653 - [抓取] 执行完整抓取流程，config.source_urls=4 个, hotel=True
2026-09-24 06:07:24 - INFO - root:main.py:85 - [EPG映射] 从 http://e.erw.cc/e.xml.gz 加载成功
2026-09-24 06:07:34 - INFO - root:main.py:85 - [EPG映射] 从 https://gitee.com/taksssss/tv/raw/main/epg/112114.xml.gz 加载成功
2026-09-24 06:07:35 - WARNING - root:main.py:87 - [EPG映射] 从 http://epg.51zmt.top:8000/e.xml.gz 加载失败，尝试下一个源: Not a gzipped file (b'<?')
2026-09-24 06:07:35 - INFO - root:main.py:89 - [EPG映射] 共合并加载 816 个频道 ID
2026-09-24 06:07:35 - INFO - root:main.py:297 - [抓取] 开始: https://cdn.qd.je/live.m3u
2026-09-24 06:07:35 - INFO - root:main.py:297 - [抓取] 开始: http://rihou.cc:567/gggg.nzk
2026-09-24 06:07:35 - INFO - root:main.py:297 - [抓取] 开始: http://193.123.86.190:14888/TV/iptv.php
2026-09-24 06:07:35 - INFO - root:main.py:297 - [抓取] 开始: https://raw.githubusercontent.com/Kimentanm/aptv/master/m3u/iptv.m3u
2026-09-24 06:07:35 - INFO - root:main.py:306 - [抓取] https://raw.githubusercontent.com/Kimentanm/aptv/master/m3u/iptv.m3u 获取成功，判断为m3u格式
2026-09-24 06:07:35 - INFO - root:main.py:344 - [抓取] https://raw.githubusercontent.com/Kimentanm/aptv/master/m3u/iptv.m3u 抓取成功，包含频道分类: 央视IPV4, 卫视IPV4, 卫视IPV4" catchup="append" catchup-source="?playseek=${(b)yyyyMMddHHmmss}-${(e)yyyyMMddHHmmss}, 4K8K频道, 历年春晚
2026-09-24 06:07:35 - INFO - root:main.py:345 - [抓取] https://raw.githubusercontent.com/Kimentanm/aptv/master/m3u/iptv.m3u 共获取 120 个 URL
2026-09-24 06:07:35 - INFO - root:main.py:351 - [抓取] https://raw.githubusercontent.com/Kimentanm/aptv/master/m3u/iptv.m3u 样本频道: ['CCTV1', 'CCTV2', 'CCTV3', 'CCTV4', 'CCTV5', '重温经典', '翡翠台', '五星体育', '湖南卫视', '北京卫视']
2026-09-24 06:07:36 - INFO - root:main.py:306 - [抓取] http://193.123.86.190:14888/TV/iptv.php 获取成功，判断为m3u格式
2026-09-24 06:07:36 - INFO - root:main.py:344 - [抓取] http://193.123.86.190:14888/TV/iptv.php 抓取成功，包含频道分类: 央视频道, 卫视频道, 睛彩频道, 咪视界, 历年春晚, 轮播
2026-09-24 06:07:36 - INFO - root:main.py:345 - [抓取] http://193.123.86.190:14888/TV/iptv.php 共获取 188 个 URL
2026-09-24 06:07:36 - INFO - root:main.py:351 - [抓取] http://193.123.86.190:14888/TV/iptv.php 样本频道: ['CCTV1', 'CCTV1', 'CCTV2', 'CCTV2', 'CCTV3', '安徽卫视', '安徽卫视', '北京卫视', '北京卫视', '重庆卫视']
2026-09-24 06:07:36 - INFO - root:main.py:306 - [抓取] https://cdn.qd.je/live.m3u 获取成功，判断为m3u格式
2026-09-24 06:07:36 - INFO - root:main.py:344 - [抓取] https://cdn.qd.je/live.m3u 抓取成功，包含频道分类: mytv
2026-09-24 06:07:36 - INFO - root:main.py:345 - [抓取] https://cdn.qd.je/live.m3u 共获取 121 个 URL
2026-09-24 06:07:36 - INFO - root:main.py:351 - [抓取] https://cdn.qd.je/live.m3u 样本频道: ['翡翠台4K(字幕)', '凤凰中文', 'CCTV1港澳版', 'CCTV13', 'TVB Plus(字幕)']
2026-09-24 06:07:38 - INFO - root:main.py:306 - [抓取] http://rihou.cc:567/gggg.nzk 获取成功，判断为txt格式
2026-09-24 06:07:38 - INFO - root:main.py:344 - [抓取] http://rihou.cc:567/gggg.nzk 抓取成功，包含频道分类: 猫TV影视, 欣赏港乐, 赛事精锦, 央卫咪咕, 欣赏频道, 网页音乐, 欣赏音乐, 特闽FYtv, 抖音网页, 荔枝网页, 虎牙频道, 爱奇频道, 广州电信, 童年频道, 亮剑全集, 雪豹全集, 凡人修仙, 华山论剑, Q-三国粤, 大时代粤, 流星花园, 还珠格格, 甄嬛传国, 大地恩情, 粤经典剧, 射雕英雄, 神雕侠侣, 视觉效果
2026-09-24 06:07:38 - INFO - root:main.py:345 - [抓取] http://rihou.cc:567/gggg.nzk 共获取 1573 个 URL
2026-09-24 06:07:38 - INFO - root:main.py:351 - [抓取] http://rihou.cc:567/gggg.nzk 样本频道: ['➡️抖舞陪看⬅️', '➡️白嫖软件⬅️', '➡️免费观看⬅️', '➡️大街网源⬅️', '➡️互相搬助⬅️', '⬇️港乐翻唱⬇️', '林咏诗翻唱一', '林咏诗翻唱二', '林咏诗翻唱三', '⬇️港乐粤翻⬇️']
2026-09-24 06:07:38 - INFO - root:main.py:373 - [抓取] 等待所有源完成...
2026-09-24 06:07:38 - INFO - root:main.py:270 - [匹配统计] 模板 133 频道，在线 2002 URL，匹配 245 URL
2026-09-24 06:07:38 - INFO - root:main.py:660 - [酒店源] 开始抓取...
2026-09-24 06:07:39 - INFO - fetch_hotel:fetch_hotel.py:57 - [酒店源] 共获取 796 个节点
2026-09-24 06:07:39 - INFO - fetch_hotel:fetch_hotel.py:67 - [酒店源] 类型分布: {'txiptv': 732, 'hsmdtv': 25, 'zhgxtv': 28, 'jsmpeg': 11}
2026-09-24 06:07:54 - INFO - fetch_hotel:fetch_hotel.py:174 - [酒店源] 解析完成，共 213 个频道-URL 组合
2026-09-24 06:07:54 - INFO - root:main.py:270 - [匹配统计] 模板 133 频道，在线 213 URL，匹配 198 URL
2026-09-24 06:07:54 - INFO - root:main.py:675 - [酒店源] 匹配到 87 个频道
2026-09-24 06:07:54 - INFO - root:main.py:680 - [组播源] 开始抓取...
2026-09-24 06:07:56 - INFO - fetch_multicast:fetch_multicast.py:105 - [组播源] 共 3553 条，保留 3542 条（dead=0，省份过滤=0，运营商过滤=0）
2026-09-24 06:07:56 - INFO - root:main.py:270 - [匹配统计] 模板 133 频道，在线 3542 URL，匹配 2029 URL
2026-09-24 06:07:56 - INFO - root:main.py:694 - [组播源] 匹配到 109 个频道
2026-09-24 06:07:56 - INFO - root:main.py:701 - [质量检测] 开始全量检测（无缓存模式）... enable_ffprobe=True, ffprobe_timeout=6s, min_resolution=1080
2026-09-24 06:07:56 - INFO - check:check.py:695 - 开始质量检测，共 2472 个 URL，并发数 10，HTTP 超时 3.5s，FFprobe 启用，超时 6s
2026-09-24 06:08:51 - INFO - check:check.py:680 - [质量检测] 进度: 100/2472 (4%)
2026-09-24 06:09:52 - INFO - check:check.py:680 - [质量检测] 进度: 200/2472 (8%)
2026-09-24 06:10:55 - INFO - check:check.py:680 - [质量检测] 进度: 300/2472 (12%)
2026-09-24 06:11:48 - INFO - check:check.py:680 - [质量检测] 进度: 400/2472 (16%)
2026-09-24 06:12:46 - INFO - check:check.py:680 - [质量检测] 进度: 500/2472 (20%)
2026-09-24 06:13:43 - INFO - check:check.py:680 - [质量检测] 进度: 600/2472 (24%)
2026-09-24 06:14:38 - INFO - check:check.py:680 - [质量检测] 进度: 700/2472 (28%)
2026-09-24 06:15:43 - INFO - check:check.py:680 - [质量检测] 进度: 800/2472 (32%)
2026-09-24 06:16:44 - INFO - check:check.py:680 - [质量检测] 进度: 900/2472 (36%)
2026-09-24 06:17:32 - INFO - check:check.py:680 - [质量检测] 进度: 1000/2472 (40%)
2026-09-24 06:17:59 - INFO - check:check.py:680 - [质量检测] 进度: 1100/2472 (44%)
2026-09-24 06:18:46 - INFO - check:check.py:680 - [质量检测] 进度: 1200/2472 (48%)
2026-09-24 06:19:41 - INFO - check:check.py:680 - [质量检测] 进度: 1300/2472 (52%)
2026-09-24 06:20:33 - INFO - check:check.py:680 - [质量检测] 进度: 1400/2472 (56%)
2026-09-24 06:21:33 - INFO - check:check.py:680 - [质量检测] 进度: 1500/2472 (60%)
2026-09-24 06:22:29 - INFO - check:check.py:680 - [质量检测] 进度: 1600/2472 (64%)
2026-09-24 06:23:25 - INFO - check:check.py:680 - [质量检测] 进度: 1700/2472 (68%)
2026-09-24 06:24:21 - INFO - check:check.py:680 - [质量检测] 进度: 1800/2472 (72%)
2026-09-24 06:25:21 - INFO - check:check.py:680 - [质量检测] 进度: 1900/2472 (76%)
2026-09-24 06:26:18 - INFO - check:check.py:680 - [质量检测] 进度: 2000/2472 (80%)
2026-09-24 06:27:12 - INFO - check:check.py:680 - [质量检测] 进度: 2100/2472 (84%)
2026-09-24 06:28:06 - INFO - check:check.py:680 - [质量检测] 进度: 2200/2472 (88%)
2026-09-24 06:29:02 - INFO - check:check.py:680 - [质量检测] 进度: 2300/2472 (93%)
2026-09-24 06:29:49 - INFO - check:check.py:680 - [质量检测] 进度: 2400/2472 (97%)
2026-09-24 06:30:28 - INFO - check:check.py:680 - [质量检测] 进度: 2472/2472 (100%)
2026-09-24 06:30:28 - INFO - check:check.py:735 - 质量检测完成: 总计=2188 通过=932 失败=129 超时=951 错误=176
2026-09-24 06:30:28 - INFO - check:check.py:777 - 过滤后: 保留 467 个有效源，移除 1839 个失效源
2026-09-24 06:30:28 - INFO - root:main.py:642 - [黑名单建议] 以下域名检测频繁失败，可考虑加入 url_blacklist：
2026-09-24 06:30:28 - INFO - root:main.py:644 -   http://183.30.201.117:10002  失败次数=214  (timeout=214)
2026-09-24 06:30:28 - INFO - root:main.py:644 -   http://171.213.130.105:22222  失败次数=138  (failed=5, timeout=133)
2026-09-24 06:30:28 - INFO - root:main.py:644 -   http://125.43.80.236:8090  失败次数=103  (timeout=103)
2026-09-24 06:30:28 - INFO - root:main.py:644 -   http://175.0.78.167:9999  失败次数=92  (failed=3, timeout=89)
2026-09-24 06:30:28 - INFO - root:main.py:644 -   http://183.234.143.5:5353udp:  失败次数=90  (error=90)
2026-09-24 06:30:28 - INFO - root:main.py:644 -   http://59.173.53.59:8888  失败次数=72  (timeout=72)
2026-09-24 06:30:28 - INFO - root:main.py:644 -   http://180.165.13.213:8881  失败次数=71  (failed=6, timeout=65)
2026-09-24 06:30:28 - INFO - root:main.py:644 -   http://49.234.31.101:7027udp:  失败次数=66  (error=66)
2026-09-24 06:30:28 - INFO - root:main.py:644 -   http://120.210.193.151:8006  失败次数=65  (timeout=65)
2026-09-24 06:30:28 - INFO - root:main.py:644 -   http://123.189.66.98:4022  失败次数=59  (timeout=59)
2026-09-24 06:30:28 - INFO - root:main.py:644 -   http://101.35.240.114:88  失败次数=57  (failed=57)
2026-09-24 06:30:28 - INFO - root:main.py:644 -   http://220.192.160.171:10000  失败次数=38  (failed=9, timeout=29)
2026-09-24 06:30:28 - INFO - root:main.py:644 -   http://183.141.143.39:8888  失败次数=36  (timeout=36)
2026-09-24 06:30:28 - INFO - root:main.py:644 -   http://rihou.cc:555  失败次数=35  (empty=3, failed=4, timeout=28)
2026-09-24 06:30:28 - INFO - root:main.py:644 -   http://120.233.73.4:19901  失败次数=32  (failed=1, timeout=31)
2026-09-24 06:30:28 - INFO - root:main.py:644 -   http://111.196.130.52:20000  失败次数=31  (failed=4, timeout=27)
2026-09-24 06:30:28 - INFO - root:main.py:644 -   http://110.177.176.224:5555  失败次数=31  (failed=1, timeout=30)
2026-09-24 06:30:28 - INFO - root:main.py:644 -   http://www.sccckj.cn:8899  失败次数=26  (empty=1, failed=10, timeout=15)
2026-09-24 06:30:28 - INFO - root:main.py:644 -   http://111.4.59.41:60901  失败次数=26  (timeout=26)
2026-09-24 06:30:28 - INFO - root:main.py:644 -   http://175.3.238.52:4022  失败次数=23  (failed=2, timeout=21)
2026-09-24 06:30:28 - INFO - root:main.py:644 -   http://113.205.161.234:8002  失败次数=22  (failed=9, timeout=13)
2026-09-24 06:30:28 - INFO - root:main.py:644 -   https://cdn.qd.je  失败次数=14  (failed=11, timeout=3)
2026-09-24 06:30:28 - INFO - root:main.py:644 -   http://139.227.221.147:9901  失败次数=10  (timeout=10)
2026-09-24 06:30:28 - INFO - root:main.py:644 -   http://tvtj1.jxwltx.com:8003  失败次数=8  (timeout=8)
2026-09-24 06:30:28 - INFO - root:main.py:644 -   http://36.129.58.18:9901  失败次数=6  (failed=6)
2026-09-24 06:30:28 - INFO - root:main.py:644 -   http://iptv.4666888.xyz  失败次数=3  (error=1, timeout=2)
2026-09-24 06:30:28 - INFO - root:main.py:644 -   http://tencentplaygzrb01.gztv.com  失败次数=3  (timeout=3)
2026-09-24 06:30:28 - INFO - root:main.py:644 -   http://php.jdshipin.com:8880  失败次数=3  (failed=3)
2026-09-24 06:30:28 - INFO - root:main.py:644 -   https://php.jdshipin.com  失败次数=1  (failed=1)
2026-09-24 06:30:28 - INFO - root:main.py:644 -   http://180.114.162.2:2380  失败次数=1  (timeout=1)
2026-09-24 06:30:28 - INFO - root:main.py:644 -   http://webcast.hkstv.tv  失败次数=1  (failed=1)
2026-09-24 06:30:28 - INFO - root:main.py:713 - [质量检测] 完成
2026-09-24 06:30:28 - INFO - root:main.py:717 - [订阅白名单] 开始抓取保底源...
2026-09-24 06:30:28 - INFO - root:main.py:297 - [抓取] 开始: http://192.168.1.31:2134
2026-09-24 06:30:38 - ERROR - root:main.py:355 - [抓取] http://192.168.1.31:2134 超时 (>10s)
2026-09-24 06:30:38 - INFO - root:main.py:270 - [匹配统计] 模板 133 频道，在线 0 URL，匹配 0 URL
2026-09-24 06:30:38 - INFO - root:main.py:721 - [订阅白名单] 匹配到 0 个频道
2026-09-24 06:30:38 - INFO - root:main.py:725 - [汇总] 频道分类 6 个，总频道数 69，总URL数 467
2026-09-24 06:30:38 - INFO - root:main.py:813 - [输出统计] 最终输出 66 频道 / 328 URL
2026-09-25 06:07:06 - INFO - root:main.py:187 - [别名映射] 从 config/alias.txt 加载 10022 条别名规则
2026-09-25 06:07:06 - INFO - root:main.py:653 - [抓取] 执行完整抓取流程，config.source_urls=4 个, hotel=True
2026-09-25 06:07:07 - INFO - root:main.py:85 - [EPG映射] 从 http://e.erw.cc/e.xml.gz 加载成功
2026-09-25 06:07:15 - INFO - root:main.py:85 - [EPG映射] 从 https://gitee.com/taksssss/tv/raw/main/epg/112114.xml.gz 加载成功
2026-09-25 06:07:16 - WARNING - root:main.py:87 - [EPG映射] 从 http://epg.51zmt.top:8000/e.xml.gz 加载失败，尝试下一个源: Not a gzipped file (b'<?')
2026-09-25 06:07:16 - INFO - root:main.py:89 - [EPG映射] 共合并加载 798 个频道 ID
2026-09-25 06:07:16 - INFO - root:main.py:297 - [抓取] 开始: https://cdn.qd.je/live.m3u
2026-09-25 06:07:16 - INFO - root:main.py:297 - [抓取] 开始: http://rihou.cc:567/gggg.nzk
2026-09-25 06:07:16 - INFO - root:main.py:297 - [抓取] 开始: http://193.123.86.190:14888/TV/iptv.php
2026-09-25 06:07:16 - INFO - root:main.py:297 - [抓取] 开始: https://raw.githubusercontent.com/Kimentanm/aptv/master/m3u/iptv.m3u
2026-09-25 06:07:16 - INFO - root:main.py:306 - [抓取] https://raw.githubusercontent.com/Kimentanm/aptv/master/m3u/iptv.m3u 获取成功，判断为m3u格式
2026-09-25 06:07:17 - INFO - root:main.py:344 - [抓取] https://raw.githubusercontent.com/Kimentanm/aptv/master/m3u/iptv.m3u 抓取成功，包含频道分类: 央视IPV4, 卫视IPV4, 卫视IPV4" catchup="append" catchup-source="?playseek=${(b)yyyyMMddHHmmss}-${(e)yyyyMMddHHmmss}, 4K8K频道, 历年春晚
2026-09-25 06:07:17 - INFO - root:main.py:345 - [抓取] https://raw.githubusercontent.com/Kimentanm/aptv/master/m3u/iptv.m3u 共获取 120 个 URL
2026-09-25 06:07:17 - INFO - root:main.py:351 - [抓取] https://raw.githubusercontent.com/Kimentanm/aptv/master/m3u/iptv.m3u 样本频道: ['CCTV1', 'CCTV2', 'CCTV3', 'CCTV4', 'CCTV5', '重温经典', '翡翠台', '五星体育', '湖南卫视', '北京卫视']
2026-09-25 06:07:17 - INFO - root:main.py:306 - [抓取] http://193.123.86.190:14888/TV/iptv.php 获取成功，判断为m3u格式
2026-09-25 06:07:17 - INFO - root:main.py:344 - [抓取] http://193.123.86.190:14888/TV/iptv.php 抓取成功，包含频道分类: 央视频道, 卫视频道, 睛彩频道, 咪视界, 历年春晚, 轮播
2026-09-25 06:07:17 - INFO - root:main.py:345 - [抓取] http://193.123.86.190:14888/TV/iptv.php 共获取 188 个 URL
2026-09-25 06:07:17 - INFO - root:main.py:351 - [抓取] http://193.123.86.190:14888/TV/iptv.php 样本频道: ['CCTV1', 'CCTV1', 'CCTV2', 'CCTV2', 'CCTV3', '安徽卫视', '安徽卫视', '北京卫视', '北京卫视', '重庆卫视']
2026-09-25 06:07:17 - INFO - root:main.py:306 - [抓取] https://cdn.qd.je/live.m3u 获取成功，判断为m3u格式
2026-09-25 06:07:17 - INFO - root:main.py:344 - [抓取] https://cdn.qd.je/live.m3u 抓取成功，包含频道分类: mytv
2026-09-25 06:07:17 - INFO - root:main.py:345 - [抓取] https://cdn.qd.je/live.m3u 共获取 121 个 URL
2026-09-25 06:07:17 - INFO - root:main.py:351 - [抓取] https://cdn.qd.je/live.m3u 样本频道: ['翡翠台4K(字幕)', '凤凰中文', 'CCTV1港澳版', 'CCTV13', 'TVB Plus(字幕)']
2026-09-25 06:07:19 - INFO - root:main.py:306 - [抓取] http://rihou.cc:567/gggg.nzk 获取成功，判断为txt格式
2026-09-25 06:07:19 - INFO - root:main.py:344 - [抓取] http://rihou.cc:567/gggg.nzk 抓取成功，包含频道分类: 猫TV影视, 欣赏港乐, 赛事精锦, 央卫咪咕, 欣赏频道, 网页音乐, 欣赏音乐, 特闽FYtv, 抖音网页, 荔枝网页, 虎牙频道, 爱奇频道, 广州电信, 童年频道, 亮剑全集, 雪豹全集, 凡人修仙, 华山论剑, Q-三国粤, 大时代粤, 流星花园, 还珠格格, 甄嬛传国, 大地恩情, 粤经典剧, 射雕英雄, 神雕侠侣, 视觉效果
2026-09-25 06:07:19 - INFO - root:main.py:345 - [抓取] http://rihou.cc:567/gggg.nzk 共获取 1573 个 URL
2026-09-25 06:07:19 - INFO - root:main.py:351 - [抓取] http://rihou.cc:567/gggg.nzk 样本频道: ['➡️抖舞陪看⬅️', '➡️白嫖软件⬅️', '➡️免费观看⬅️', '➡️大街网源⬅️', '➡️互相搬助⬅️', '⬇️港乐翻唱⬇️', '林咏诗翻唱一', '林咏诗翻唱二', '林咏诗翻唱三', '⬇️港乐粤翻⬇️']
2026-09-25 06:07:19 - INFO - root:main.py:373 - [抓取] 等待所有源完成...
2026-09-25 06:07:19 - INFO - root:main.py:270 - [匹配统计] 模板 133 频道，在线 2002 URL，匹配 245 URL
2026-09-25 06:07:19 - INFO - root:main.py:660 - [酒店源] 开始抓取...
2026-09-25 06:07:20 - INFO - fetch_hotel:fetch_hotel.py:57 - [酒店源] 共获取 795 个节点
2026-09-25 06:07:20 - INFO - fetch_hotel:fetch_hotel.py:67 - [酒店源] 类型分布: {'txiptv': 731, 'hsmdtv': 25, 'zhgxtv': 28, 'jsmpeg': 11}
2026-09-25 06:07:35 - INFO - fetch_hotel:fetch_hotel.py:174 - [酒店源] 解析完成，共 62 个频道-URL 组合
2026-09-25 06:07:35 - INFO - root:main.py:270 - [匹配统计] 模板 133 频道，在线 62 URL，匹配 71 URL
2026-09-25 06:07:35 - INFO - root:main.py:675 - [酒店源] 匹配到 81 个频道
2026-09-25 06:07:35 - INFO - root:main.py:680 - [组播源] 开始抓取...
2026-09-25 06:07:36 - INFO - fetch_multicast:fetch_multicast.py:105 - [组播源] 共 2301 条，保留 2300 条（dead=0，省份过滤=0，运营商过滤=0）
2026-09-25 06:07:36 - INFO - root:main.py:270 - [匹配统计] 模板 133 频道，在线 2300 URL，匹配 1463 URL
2026-09-25 06:07:36 - INFO - root:main.py:694 - [组播源] 匹配到 91 个频道
2026-09-25 06:07:36 - INFO - root:main.py:701 - [质量检测] 开始全量检测（无缓存模式）... enable_ffprobe=True, ffprobe_timeout=6s, min_resolution=1080
2026-09-25 06:07:36 - INFO - check:check.py:695 - 开始质量检测，共 1779 个 URL，并发数 10，HTTP 超时 3.5s，FFprobe 启用，超时 6s
2026-09-25 06:08:26 - INFO - check:check.py:680 - [质量检测] 进度: 100/1779 (5%)
2026-09-25 06:09:16 - INFO - check:check.py:680 - [质量检测] 进度: 200/1779 (11%)
2026-09-25 06:10:04 - INFO - check:check.py:680 - [质量检测] 进度: 300/1779 (16%)
2026-09-25 06:10:55 - INFO - check:check.py:680 - [质量检测] 进度: 400/1779 (22%)
2026-09-25 06:11:46 - INFO - check:check.py:680 - [质量检测] 进度: 500/1779 (28%)
2026-09-25 06:12:35 - INFO - check:check.py:680 - [质量检测] 进度: 600/1779 (33%)
2026-09-25 06:13:27 - INFO - check:check.py:680 - [质量检测] 进度: 700/1779 (39%)
2026-09-25 06:13:57 - INFO - check:check.py:680 - [质量检测] 进度: 800/1779 (44%)
2026-09-25 06:14:40 - INFO - check:check.py:680 - [质量检测] 进度: 900/1779 (50%)
2026-09-25 06:15:27 - INFO - check:check.py:680 - [质量检测] 进度: 1000/1779 (56%)
2026-09-25 06:16:13 - INFO - check:check.py:680 - [质量检测] 进度: 1100/1779 (61%)
2026-09-25 06:17:03 - INFO - check:check.py:680 - [质量检测] 进度: 1200/1779 (67%)
2026-09-25 06:17:50 - INFO - check:check.py:680 - [质量检测] 进度: 1300/1779 (73%)
2026-09-25 06:18:36 - INFO - check:check.py:680 - [质量检测] 进度: 1400/1779 (78%)
2026-09-25 06:19:19 - INFO - check:check.py:680 - [质量检测] 进度: 1500/1779 (84%)
2026-09-25 06:20:04 - INFO - check:check.py:680 - [质量检测] 进度: 1600/1779 (89%)
2026-09-25 06:20:45 - INFO - check:check.py:680 - [质量检测] 进度: 1700/1779 (95%)
2026-09-25 06:21:23 - INFO - check:check.py:680 - [质量检测] 进度: 1779/1779 (100%)
2026-09-25 06:21:23 - INFO - check:check.py:735 - 质量检测完成: 总计=1596 通过=716 失败=121 超时=504 错误=255
2026-09-25 06:21:23 - INFO - check:check.py:777 - 过滤后: 保留 402 个有效源，移除 1296 个失效源
2026-09-25 06:21:23 - INFO - root:main.py:642 - [黑名单建议] 以下域名检测频繁失败，可考虑加入 url_blacklist：
2026-09-25 06:21:23 - INFO - root:main.py:644 -   http://59.173.53.59:8888  失败次数=119  (error=119)
2026-09-25 06:21:23 - INFO - root:main.py:644 -   http://27.10.209.192:8009  失败次数=100  (timeout=100)
2026-09-25 06:21:23 - INFO - root:main.py:644 -   http://220.192.160.171:10000  失败次数=96  (timeout=96)
2026-09-25 06:21:23 - INFO - root:main.py:644 -   http://183.234.143.5:5353udp:  失败次数=90  (error=90)
2026-09-25 06:21:23 - INFO - root:main.py:644 -   http://180.165.13.213:8881  失败次数=81  (failed=8, timeout=73)
2026-09-25 06:21:23 - INFO - root:main.py:644 -   http://120.210.193.151:8006  失败次数=65  (timeout=65)
2026-09-25 06:21:23 - INFO - root:main.py:644 -   http://101.35.240.114:88  失败次数=57  (failed=57)
2026-09-25 06:21:23 - INFO - root:main.py:644 -   http://27.8.239.57:8010  失败次数=49  (failed=3, timeout=46)
2026-09-25 06:21:23 - INFO - root:main.py:644 -   http://175.0.78.167:9999  失败次数=46  (failed=1, timeout=45)
2026-09-25 06:21:23 - INFO - root:main.py:644 -   http://183.141.143.39:8888  失败次数=36  (timeout=36)
2026-09-25 06:21:23 - INFO - root:main.py:644 -   http://rihou.cc:555  失败次数=35  (empty=3, error=27, failed=4, timeout=1)
2026-09-25 06:21:23 - INFO - root:main.py:644 -   http://116.168.205.72:4022  失败次数=29  (failed=2, timeout=27)
2026-09-25 06:21:23 - INFO - root:main.py:644 -   http://113.205.161.234:8002  失败次数=26  (empty=1, failed=23, timeout=2)
2026-09-25 06:21:23 - INFO - root:main.py:644 -   http://123.157.31.182:7912  失败次数=15  (failed=5, timeout=10)
2026-09-25 06:21:23 - INFO - root:main.py:644 -   https://cdn.qd.je  失败次数=14  (failed=11, timeout=3)
2026-09-25 06:21:23 - INFO - root:main.py:644 -   http://139.227.221.147:9901  失败次数=12  (timeout=12)
2026-09-25 06:21:23 - INFO - root:main.py:644 -   http://tvtj1.jxwltx.com:8003  失败次数=8  (timeout=8)
2026-09-25 06:21:23 - INFO - root:main.py:644 -   http://125.38.166.193:5002  失败次数=7  (timeout=7)
2026-09-25 06:21:23 - INFO - root:main.py:644 -   http://36.129.58.18:9901  失败次数=6  (failed=6)
2026-09-25 06:21:23 - INFO - root:main.py:644 -   http://iptv.4666888.xyz  失败次数=3  (error=1, timeout=2)
2026-09-25 06:21:23 - INFO - root:main.py:644 -   http://tencentplaygzrb01.gztv.com  失败次数=3  (timeout=3)
2026-09-25 06:21:23 - INFO - root:main.py:644 -   http://php.jdshipin.com:8880  失败次数=3  (failed=3)
2026-09-25 06:21:23 - INFO - root:main.py:644 -   https://php.jdshipin.com  失败次数=1  (failed=1)
2026-09-25 06:21:23 - INFO - root:main.py:644 -   http://180.114.162.2:2380  失败次数=1  (timeout=1)
2026-09-25 06:21:23 - INFO - root:main.py:644 -   http://webcast.hkstv.tv  失败次数=1  (failed=1)
2026-09-25 06:21:23 - INFO - root:main.py:713 - [质量检测] 完成
2026-09-25 06:21:23 - INFO - root:main.py:717 - [订阅白名单] 开始抓取保底源...
2026-09-25 06:21:23 - INFO - root:main.py:297 - [抓取] 开始: http://192.168.1.31:2134
2026-09-25 06:21:34 - ERROR - root:main.py:355 - [抓取] http://192.168.1.31:2134 超时 (>10s)
2026-09-25 06:21:34 - INFO - root:main.py:270 - [匹配统计] 模板 133 频道，在线 0 URL，匹配 0 URL
2026-09-25 06:21:34 - INFO - root:main.py:721 - [订阅白名单] 匹配到 0 个频道
2026-09-25 06:21:34 - INFO - root:main.py:725 - [汇总] 频道分类 6 个，总频道数 68，总URL数 402
2026-09-25 06:21:34 - INFO - root:main.py:813 - [输出统计] 最终输出 65 频道 / 273 URL
2026-09-25 17:56:39 - INFO - root:main.py:193 - [别名映射] 从 config/alias.txt 加载 10030 条别名规则
2026-09-25 17:56:39 - INFO - root:main.py:666 - [抓取] 执行完整抓取流程，config.source_urls=2 个, hotel=True
2026-09-25 17:56:42 - INFO - root:main.py:85 - [EPG映射] 从 http://e.erw.cc/e.xml.gz 加载成功
2026-09-25 17:56:52 - INFO - root:main.py:85 - [EPG映射] 从 https://gitee.com/taksssss/tv/raw/main/epg/112114.xml.gz 加载成功
2026-09-25 17:56:54 - WARNING - root:main.py:87 - [EPG映射] 从 http://epg.51zmt.top:8000/e.xml.gz 加载失败，尝试下一个源: Not a gzipped file (b'<?')
2026-09-25 17:56:54 - INFO - root:main.py:89 - [EPG映射] 共合并加载 825 个频道 ID
2026-09-25 17:56:54 - INFO - root:main.py:303 - [抓取] 开始: https://cdn.qd.je/live.m3u
2026-09-25 17:56:54 - INFO - root:main.py:303 - [抓取] 开始: http://rihou.cc:567/gggg.nzk
2026-09-25 17:56:55 - INFO - root:main.py:312 - [抓取] https://cdn.qd.je/live.m3u 获取成功，判断为m3u格式
2026-09-25 17:56:55 - INFO - root:main.py:356 - [抓取] https://cdn.qd.je/live.m3u 抓取成功，包含频道分类: mytv
2026-09-25 17:56:55 - INFO - root:main.py:357 - [抓取] https://cdn.qd.je/live.m3u 共获取 121 个 URL
2026-09-25 17:56:55 - INFO - root:main.py:363 - [抓取] https://cdn.qd.je/live.m3u 样本频道: ['翡翠台4K(字幕)', '凤凰中文', 'CCTV1港澳版', 'CCTV13', 'TVB Plus(字幕)']
2026-09-25 17:56:57 - INFO - root:main.py:312 - [抓取] http://rihou.cc:567/gggg.nzk 获取成功，判断为txt格式
2026-09-25 17:56:57 - INFO - root:main.py:356 - [抓取] http://rihou.cc:567/gggg.nzk 抓取成功，包含频道分类: 猫TV影视, 欣赏港乐, 赛事精锦, 央卫咪咕, 欣赏频道, 网页音乐, 欣赏音乐, 特闽FYtv, 抖音网页, 荔枝网页, 虎牙频道, 爱奇频道, 广州电信, 童年频道, 亮剑全集, 雪豹全集, 凡人修仙, 华山论剑, Q-三国粤, 大时代粤, 流星花园, 还珠格格, 甄嬛传国, 大地恩情, 粤经典剧, 射雕英雄, 神雕侠侣, 视觉效果
2026-09-25 17:56:57 - INFO - root:main.py:357 - [抓取] http://rihou.cc:567/gggg.nzk 共获取 1573 个 URL
2026-09-25 17:56:57 - INFO - root:main.py:363 - [抓取] http://rihou.cc:567/gggg.nzk 样本频道: ['➡️抖舞陪看⬅️', '➡️白嫖软件⬅️', '➡️免费观看⬅️', '➡️大街网源⬅️', '➡️互相搬助⬅️', '⬇️港乐翻唱⬇️', '林咏诗翻唱一', '林咏诗翻唱二', '林咏诗翻唱三', '⬇️港乐粤翻⬇️']
2026-09-25 17:56:57 - INFO - root:main.py:385 - [抓取] 等待所有源完成...
2026-09-25 17:56:57 - INFO - root:main.py:276 - [匹配统计] 模板 137 频道，在线 1694 URL，匹配 95 URL
2026-09-25 17:56:57 - INFO - root:main.py:673 - [酒店源] 开始抓取...
2026-09-25 17:56:57 - INFO - fetch_hotel:fetch_hotel.py:69 - [酒店源] 共获取 795 个节点
2026-09-25 17:56:57 - INFO - fetch_hotel:fetch_hotel.py:79 - [酒店源] 类型分布: {'txiptv': 731, 'hsmdtv': 25, 'zhgxtv': 28, 'jsmpeg': 11}
2026-09-25 17:57:17 - INFO - fetch_hotel:fetch_hotel.py:272 - [酒店源] 延迟探测 795 个 host，存活 226，取最快 50 个
2026-09-25 17:57:24 - INFO - fetch_hotel:fetch_hotel.py:306 - [酒店源] 解析完成，共 1772 个频道-URL 组合
2026-09-25 17:57:24 - INFO - root:main.py:276 - [匹配统计] 模板 137 频道，在线 1772 URL，匹配 1350 URL
2026-09-25 17:57:24 - INFO - root:main.py:688 - [酒店源] 匹配到 91 个频道
2026-09-25 17:57:24 - INFO - root:main.py:693 - [组播源] 开始抓取...
2026-09-25 17:57:25 - INFO - fetch_multicast:fetch_multicast.py:112 - [组播源] 共 2301 条，保留 2294 条（dead=0，省份过滤=0，运营商过滤=0）
2026-09-25 17:57:25 - INFO - root:main.py:276 - [匹配统计] 模板 137 频道，在线 2294 URL，匹配 1455 URL
2026-09-25 17:57:25 - INFO - root:main.py:707 - [组播源] 匹配到 92 个频道
2026-09-25 17:57:25 - INFO - root:main.py:714 - [质量检测] 开始全量检测（无缓存模式）... enable_ffprobe=True, ffprobe_timeout=6s, min_resolution=1080
2026-09-25 17:57:25 - INFO - check:check.py:714 - 开始质量检测，共 2900 个 URL，并发数 10，HTTP 超时 3.5s，FFprobe 启用，超时 6s
2026-09-25 17:58:29 - INFO - check:check.py:699 - [质量检测] 进度: 100/2900 (3%)
2026-09-25 17:59:38 - INFO - check:check.py:699 - [质量检测] 进度: 200/2900 (6%)
2026-09-25 18:00:46 - INFO - check:check.py:699 - [质量检测] 进度: 300/2900 (10%)
2026-09-25 18:01:54 - INFO - check:check.py:699 - [质量检测] 进度: 400/2900 (13%)
2026-09-25 18:03:03 - INFO - check:check.py:699 - [质量检测] 进度: 500/2900 (17%)
2026-09-25 18:04:06 - INFO - check:check.py:699 - [质量检测] 进度: 600/2900 (20%)
2026-09-25 18:05:03 - INFO - check:check.py:699 - [质量检测] 进度: 700/2900 (24%)
2026-09-25 18:05:59 - INFO - check:check.py:699 - [质量检测] 进度: 800/2900 (27%)
2026-09-25 18:06:59 - INFO - check:check.py:699 - [质量检测] 进度: 900/2900 (31%)
2026-09-25 18:07:54 - INFO - check:check.py:699 - [质量检测] 进度: 1000/2900 (34%)
2026-09-25 18:08:53 - INFO - check:check.py:699 - [质量检测] 进度: 1100/2900 (37%)
2026-09-25 18:09:37 - INFO - check:check.py:699 - [质量检测] 进度: 1200/2900 (41%)
2026-09-25 18:10:24 - INFO - check:check.py:699 - [质量检测] 进度: 1300/2900 (44%)
2026-09-25 18:11:20 - INFO - check:check.py:699 - [质量检测] 进度: 1400/2900 (48%)
2026-09-25 18:12:19 - INFO - check:check.py:699 - [质量检测] 进度: 1500/2900 (51%)
2026-09-25 18:13:26 - INFO - check:check.py:699 - [质量检测] 进度: 1600/2900 (55%)
2026-09-25 18:14:40 - INFO - check:check.py:699 - [质量检测] 进度: 1700/2900 (58%)
2026-09-25 18:15:51 - INFO - check:check.py:699 - [质量检测] 进度: 1800/2900 (62%)
2026-09-25 18:16:50 - INFO - check:check.py:699 - [质量检测] 进度: 1900/2900 (65%)
2026-09-25 18:17:55 - INFO - check:check.py:699 - [质量检测] 进度: 2000/2900 (68%)
2026-09-25 18:18:49 - INFO - check:check.py:699 - [质量检测] 进度: 2100/2900 (72%)
2026-09-25 18:19:35 - INFO - check:check.py:699 - [质量检测] 进度: 2200/2900 (75%)
2026-09-25 18:20:27 - INFO - check:check.py:699 - [质量检测] 进度: 2300/2900 (79%)
2026-09-25 18:21:25 - INFO - check:check.py:699 - [质量检测] 进度: 2400/2900 (82%)
2026-09-25 18:22:31 - INFO - check:check.py:699 - [质量检测] 进度: 2500/2900 (86%)
2026-09-25 18:23:34 - INFO - check:check.py:699 - [质量检测] 进度: 2600/2900 (89%)
2026-09-25 18:24:32 - INFO - check:check.py:699 - [质量检测] 进度: 2700/2900 (93%)
2026-09-25 18:25:24 - INFO - check:check.py:699 - [质量检测] 进度: 2800/2900 (96%)
2026-09-25 18:28:40 - INFO - check:check.py:699 - [质量检测] 进度: 2900/2900 (100%)
2026-09-25 18:28:40 - INFO - check:check.py:754 - 质量检测完成: 总计=2652 通过=619 失败=140 超时=1362 错误=531
2026-09-25 18:28:40 - INFO - check:check.py:796 - 过滤后: 保留 349 个有效源，移除 2368 个失效源
2026-09-25 18:28:40 - INFO - root:main.py:655 - [黑名单建议] 以下域名检测频繁失败，可考虑加入 url_blacklist：
2026-09-25 18:28:40 - INFO - root:main.py:657 -   http://59.173.53.59:8888  失败次数=119  (error=119)
2026-09-25 18:28:40 - INFO - root:main.py:657 -   http://27.10.209.192:8009  失败次数=100  (timeout=100)
2026-09-25 18:28:40 - INFO - root:main.py:657 -   http://220.192.160.171:10000  失败次数=96  (timeout=96)
2026-09-25 18:28:40 - INFO - root:main.py:657 -   http://113.205.161.234:8002  失败次数=95  (timeout=95)
2026-09-25 18:28:40 - INFO - root:main.py:657 -   http://183.234.143.5:5353udp:  失败次数=83  (error=83)
2026-09-25 18:28:40 - INFO - root:main.py:657 -   http://116.168.205.72:4022  失败次数=83  (failed=11, timeout=72)
2026-09-25 18:28:40 - INFO - root:main.py:657 -   http://180.165.13.213:8881  失败次数=79  (failed=9, timeout=70)
2026-09-25 18:28:40 - INFO - root:main.py:657 -   http://218.56.123.244:3322udp:  失败次数=67  (error=67)
2026-09-25 18:28:40 - INFO - root:main.py:657 -   http://120.210.193.151:8006  失败次数=65  (timeout=65)
2026-09-25 18:28:40 - INFO - root:main.py:657 -   http://61.143.15.139:59901  失败次数=61  (failed=4, timeout=57)
2026-09-25 18:28:40 - INFO - root:main.py:657 -   http://120.198.84.146:9901udp:  失败次数=61  (error=61)
2026-09-25 18:28:40 - INFO - root:main.py:657 -   http://120.238.94.82:9901udp:  失败次数=58  (error=58)
2026-09-25 18:28:40 - INFO - root:main.py:657 -   http://49.234.31.101:7027udp:  失败次数=56  (error=56)
2026-09-25 18:28:40 - INFO - root:main.py:657 -   http://27.8.239.57:8010  失败次数=56  (failed=3, timeout=53)
2026-09-25 18:28:40 - INFO - root:main.py:657 -   http://59.39.89.130:60901  失败次数=54  (failed=19, timeout=35)
2026-09-25 18:28:40 - INFO - root:main.py:657 -   http://120.198.86.186:9901  失败次数=54  (failed=1, timeout=53)
2026-09-25 18:28:40 - INFO - root:main.py:657 -   http://112.99.195.122:65000  失败次数=51  (timeout=51)
2026-09-25 18:28:40 - INFO - root:main.py:657 -   http://125.38.166.193:5002  失败次数=48  (timeout=48)
2026-09-25 18:28:40 - INFO - root:main.py:657 -   http://124.129.78.63:9901  失败次数=48  (failed=1, timeout=47)
2026-09-25 18:28:40 - INFO - root:main.py:657 -   http://124.152.247.189:21375rtsp:  失败次数=47  (error=47)
2026-09-25 18:28:40 - INFO - root:main.py:657 -   http://175.0.78.167:9999  失败次数=46  (failed=2, timeout=44)
2026-09-25 18:28:40 - INFO - root:main.py:657 -   http://61.138.128.226:29901  失败次数=44  (failed=5, timeout=39)
2026-09-25 18:28:40 - INFO - root:main.py:657 -   http://112.234.22.76:9901  失败次数=43  (failed=6, timeout=37)
2026-09-25 18:28:40 - INFO - root:main.py:657 -   http://120.238.84.45:9901  失败次数=43  (timeout=43)
2026-09-25 18:28:40 - INFO - root:main.py:657 -   http://27.188.74.234:24333  失败次数=39  (failed=2, timeout=37)
2026-09-25 18:28:40 - INFO - root:main.py:657 -   http://42.225.117.174:11199  失败次数=36  (failed=17, timeout=19)
2026-09-25 18:28:40 - INFO - root:main.py:657 -   http://183.141.143.39:8888  失败次数=36  (timeout=36)
2026-09-25 18:28:40 - INFO - root:main.py:657 -   http://116.76.254.170:44330  失败次数=35  (timeout=35)
2026-09-25 18:28:40 - INFO - root:main.py:657 -   http://192.168.10.200:8008  失败次数=34  (timeout=34)
2026-09-25 18:28:40 - INFO - root:main.py:657 -   http://218.104.239.114:9901  失败次数=34  (timeout=34)
2026-09-25 18:28:40 - INFO - root:main.py:657 -   http://rihou.cc:555  失败次数=33  (empty=1, error=21, failed=5, timeout=6)
2026-09-25 18:28:40 - INFO - root:main.py:657 -   http://111.59.24.227:8181  失败次数=32  (failed=25, timeout=7)
2026-09-25 18:28:40 - INFO - root:main.py:657 -   http://175.0.71.18:8088  失败次数=30  (failed=1, timeout=29)
2026-09-25 18:28:40 - INFO - root:main.py:657 -   http://111.33.88.123:9901rtp:  失败次数=30  (error=30)
2026-09-25 18:28:40 - INFO - root:main.py:657 -   http://112.249.75.196:9989  失败次数=29  (timeout=29)
2026-09-25 18:28:40 - INFO - root:main.py:657 -   http://150.138.8.143  失败次数=26  (timeout=26)
2026-09-25 18:28:40 - INFO - root:main.py:657 -   http://183.94.146.79:9901  失败次数=24  (failed=1, timeout=23)
2026-09-25 18:28:40 - INFO - root:main.py:657 -   http://183.234.143.5:5555  失败次数=23  (failed=15, timeout=8)
2026-09-25 18:28:40 - INFO - root:main.py:657 -   http://111.4.59.41:60901  失败次数=22  (timeout=22)
2026-09-25 18:28:40 - INFO - root:main.py:657 -   http://111.4.82.49:8008  失败次数=21  (timeout=21)
2026-09-25 18:28:40 - INFO - root:main.py:657 -   http://221.221.137.78:9000  失败次数=20  (timeout=20)
2026-09-25 18:28:40 - INFO - root:main.py:657 -   http://113.90.154.189:9901  失败次数=19  (timeout=19)
2026-09-25 18:28:40 - INFO - root:main.py:657 -   http://61.143.43.2:9901  失败次数=12  (timeout=12)
2026-09-25 18:28:40 - INFO - root:main.py:657 -   http://119.39.9.8:9901  失败次数=8  (timeout=8)
2026-09-25 18:28:40 - INFO - root:main.py:657 -   https://cdn.qd.je  失败次数=7  (failed=6, timeout=1)
2026-09-25 18:28:40 - INFO - root:main.py:657 -   http://36.129.58.18:9901  失败次数=6  (failed=6)
2026-09-25 18:28:40 - INFO - root:main.py:657 -   http://111.33.88.123:9901udp:  失败次数=4  (error=4)
2026-09-25 18:28:40 - INFO - root:main.py:657 -   http://tvtj1.jxwltx.com:8003  失败次数=3  (timeout=3)
2026-09-25 18:28:40 - INFO - root:main.py:657 -   http://144.123.220.43:80  失败次数=3  (timeout=3)
2026-09-25 18:28:40 - INFO - root:main.py:657 -   https://php.jdshipin.com  失败次数=2  (failed=1, timeout=1)
2026-09-25 18:28:40 - INFO - root:main.py:657 -   http://tencentplaygzrb01.gztv.com  失败次数=2  (timeout=2)
2026-09-25 18:28:40 - INFO - root:main.py:657 -   http://php.jdshipin.com:8880  失败次数=2  (failed=2)
2026-09-25 18:28:40 - INFO - root:main.py:657 -   http://iptv.4666888.xyz  失败次数=1  (error=1)
2026-09-25 18:28:40 - INFO - root:main.py:657 -   http://180.114.162.2:2380  失败次数=1  (timeout=1)
2026-09-25 18:28:40 - INFO - root:main.py:657 -   http://144.123.220.47:80  失败次数=1  (timeout=1)
2026-09-25 18:28:40 - INFO - root:main.py:657 -   http://222.71.55.147:9901  失败次数=1  (timeout=1)
2026-09-25 18:28:40 - INFO - root:main.py:657 -   http://144.123.220.44:80  失败次数=1  (timeout=1)
2026-09-25 18:28:40 - INFO - root:main.py:657 -   http://webcast.hkstv.tv  失败次数=1  (failed=1)
2026-09-25 18:28:40 - INFO - root:main.py:657 -   http://144.123.220.38:80  失败次数=1  (timeout=1)
2026-09-25 18:28:40 - INFO - root:main.py:657 -   http://144.123.220.42:80  失败次数=1  (timeout=1)
2026-09-25 18:28:40 - INFO - root:main.py:726 - [质量检测] 完成
2026-09-25 18:28:40 - INFO - root:main.py:730 - [订阅白名单] 开始抓取保底源...
2026-09-25 18:28:40 - INFO - root:main.py:303 - [抓取] 开始: http://192.168.1.31:2134
2026-09-25 18:28:40 - INFO - root:main.py:303 - [抓取] 开始: http://192.168.1.31:18808/hoy-proxy.txt
2026-09-25 18:28:40 - INFO - root:main.py:303 - [抓取] 开始: http://192.168.1.31:18080/channels.txt
2026-09-25 18:28:50 - ERROR - root:main.py:367 - [抓取] http://192.168.1.31:2134 超时 (>10s)
2026-09-25 18:28:50 - ERROR - root:main.py:367 - [抓取] http://192.168.1.31:18808/hoy-proxy.txt 超时 (>10s)
2026-09-25 18:28:50 - ERROR - root:main.py:367 - [抓取] http://192.168.1.31:18080/channels.txt 超时 (>10s)
2026-09-25 18:28:50 - INFO - root:main.py:276 - [匹配统计] 模板 137 频道，在线 0 URL，匹配 0 URL
2026-09-25 18:28:50 - INFO - root:main.py:734 - [订阅白名单] 匹配到 0 个频道
2026-09-25 18:28:50 - INFO - root:main.py:738 - [汇总] 频道分类 6 个，总频道数 64，总URL数 349
2026-09-25 18:28:50 - INFO - root:main.py:828 - [输出统计] 最终输出 64 频道 / 245 URL
2026-09-26 06:06:30 - INFO - root:main.py:193 - [别名映射] 从 config/alias.txt 加载 10030 条别名规则
2026-09-26 06:06:30 - INFO - root:main.py:666 - [抓取] 执行完整抓取流程，config.source_urls=2 个, hotel=True
2026-09-26 06:06:31 - INFO - root:main.py:85 - [EPG映射] 从 http://e.erw.cc/e.xml.gz 加载成功
2026-09-26 06:06:41 - INFO - root:main.py:85 - [EPG映射] 从 https://gitee.com/taksssss/tv/raw/main/epg/112114.xml.gz 加载成功
2026-09-26 06:06:42 - INFO - root:main.py:85 - [EPG映射] 从 http://epg.51zmt.top:8000/e.xml.gz 加载成功
2026-09-26 06:06:42 - INFO - root:main.py:89 - [EPG映射] 共合并加载 805 个频道 ID
2026-09-26 06:06:42 - INFO - root:main.py:303 - [抓取] 开始: https://cdn.qd.je/live.m3u
2026-09-26 06:06:42 - INFO - root:main.py:303 - [抓取] 开始: http://rihou.cc:567/gggg.nzk
2026-09-26 06:06:43 - INFO - root:main.py:312 - [抓取] https://cdn.qd.je/live.m3u 获取成功，判断为m3u格式
2026-09-26 06:06:43 - INFO - root:main.py:356 - [抓取] https://cdn.qd.je/live.m3u 抓取成功，包含频道分类: mytv
2026-09-26 06:06:43 - INFO - root:main.py:357 - [抓取] https://cdn.qd.je/live.m3u 共获取 121 个 URL
2026-09-26 06:06:43 - INFO - root:main.py:363 - [抓取] https://cdn.qd.je/live.m3u 样本频道: ['翡翠台4K(字幕)', '凤凰中文', 'CCTV1港澳版', 'CCTV13', 'TVB Plus(字幕)']
2026-09-26 06:06:46 - INFO - root:main.py:312 - [抓取] http://rihou.cc:567/gggg.nzk 获取成功，判断为txt格式
2026-09-26 06:06:46 - INFO - root:main.py:356 - [抓取] http://rihou.cc:567/gggg.nzk 抓取成功，包含频道分类: 猫TV影视, 欣赏港乐, 赛事精锦, 央卫咪咕, 欣赏频道, 网页音乐, 欣赏音乐, 特闽FYtv, 抖音网页, 荔枝网页, 虎牙频道, 爱奇频道, 广州电信, 童年频道, 亮剑全集, 雪豹全集, 凡人修仙, 华山论剑, Q-三国粤, 大时代粤, 流星花园, 还珠格格, 甄嬛传国, 大地恩情, 粤经典剧, 射雕英雄, 神雕侠侣, 视觉效果
2026-09-26 06:06:46 - INFO - root:main.py:357 - [抓取] http://rihou.cc:567/gggg.nzk 共获取 1573 个 URL
2026-09-26 06:06:46 - INFO - root:main.py:363 - [抓取] http://rihou.cc:567/gggg.nzk 样本频道: ['➡️抖舞陪看⬅️', '➡️白嫖软件⬅️', '➡️免费观看⬅️', '➡️大街网源⬅️', '➡️互相搬助⬅️', '⬇️港乐翻唱⬇️', '林咏诗翻唱一', '林咏诗翻唱二', '林咏诗翻唱三', '⬇️港乐粤翻⬇️']
2026-09-26 06:06:46 - INFO - root:main.py:385 - [抓取] 等待所有源完成...
2026-09-26 06:06:46 - INFO - root:main.py:276 - [匹配统计] 模板 137 频道，在线 1694 URL，匹配 95 URL
2026-09-26 06:06:46 - INFO - root:main.py:673 - [酒店源] 开始抓取...
2026-09-26 06:06:46 - INFO - fetch_hotel:fetch_hotel.py:69 - [酒店源] 共获取 794 个节点
2026-09-26 06:06:46 - INFO - fetch_hotel:fetch_hotel.py:79 - [酒店源] 类型分布: {'txiptv': 731, 'hsmdtv': 25, 'zhgxtv': 27, 'jsmpeg': 11}
2026-09-26 06:07:05 - INFO - fetch_hotel:fetch_hotel.py:272 - [酒店源] 延迟探测 794 个 host，存活 228，取最快 50 个
2026-09-26 06:07:13 - INFO - fetch_hotel:fetch_hotel.py:306 - [酒店源] 解析完成，共 1712 个频道-URL 组合
2026-09-26 06:07:13 - INFO - root:main.py:276 - [匹配统计] 模板 137 频道，在线 1712 URL，匹配 1277 URL
2026-09-26 06:07:13 - INFO - root:main.py:688 - [酒店源] 匹配到 91 个频道
2026-09-26 06:07:13 - INFO - root:main.py:693 - [组播源] 开始抓取...
2026-09-26 06:07:14 - WARNING - fetch_multicast:fetch_multicast.py:49 - [组播源] 未获取到数据
2026-09-26 06:07:14 - INFO - root:main.py:714 - [质量检测] 开始全量检测（无缓存模式）... enable_ffprobe=True, ffprobe_timeout=6s, min_resolution=1080
2026-09-26 06:07:14 - INFO - check:check.py:714 - 开始质量检测，共 1372 个 URL，并发数 10，HTTP 超时 3.5s，FFprobe 启用，超时 6s
2026-09-26 06:08:36 - INFO - check:check.py:699 - [质量检测] 进度: 100/1372 (7%)
2026-09-26 06:10:05 - INFO - check:check.py:699 - [质量检测] 进度: 200/1372 (14%)
2026-09-26 06:11:11 - INFO - check:check.py:699 - [质量检测] 进度: 300/1372 (21%)
2026-09-26 06:12:32 - INFO - check:check.py:699 - [质量检测] 进度: 400/1372 (29%)
2026-09-26 06:13:51 - INFO - check:check.py:699 - [质量检测] 进度: 500/1372 (36%)
2026-09-26 06:14:36 - INFO - check:check.py:699 - [质量检测] 进度: 600/1372 (43%)
2026-09-26 06:15:41 - INFO - check:check.py:699 - [质量检测] 进度: 700/1372 (51%)
2026-09-26 06:16:42 - INFO - check:check.py:699 - [质量检测] 进度: 800/1372 (58%)
2026-09-26 06:17:40 - INFO - check:check.py:699 - [质量检测] 进度: 900/1372 (65%)
2026-09-26 06:18:42 - INFO - check:check.py:699 - [质量检测] 进度: 1000/1372 (72%)
2026-09-26 06:19:31 - INFO - check:check.py:699 - [质量检测] 进度: 1100/1372 (80%)
2026-09-26 06:20:39 - INFO - check:check.py:699 - [质量检测] 进度: 1200/1372 (87%)
2026-09-26 06:21:42 - INFO - check:check.py:699 - [质量检测] 进度: 1300/1372 (94%)
2026-09-26 06:22:22 - INFO - check:check.py:699 - [质量检测] 进度: 1372/1372 (100%)
2026-09-26 06:22:22 - INFO - check:check.py:754 - 质量检测完成: 总计=1284 通过=170 失败=112 超时=739 错误=263
2026-09-26 06:22:22 - INFO - check:check.py:796 - 过滤后: 保留 86 个有效源，移除 931 个失效源
2026-09-26 06:22:22 - INFO - root:main.py:655 - [黑名单建议] 以下域名检测频繁失败，可考虑加入 url_blacklist：
2026-09-26 06:22:22 - INFO - root:main.py:657 -   http://218.56.123.244:3322udp:  失败次数=67  (error=67)
2026-09-26 06:22:22 - INFO - root:main.py:657 -   http://120.210.193.151:8006  失败次数=65  (timeout=65)
2026-09-26 06:22:22 - INFO - root:main.py:657 -   http://120.238.94.82:9901udp:  失败次数=58  (error=58)
2026-09-26 06:22:22 - INFO - root:main.py:657 -   http://49.234.31.101:7027udp:  失败次数=56  (error=56)
2026-09-26 06:22:22 - INFO - root:main.py:657 -   http://49.234.31.101:7316  失败次数=54  (failed=5, timeout=49)
2026-09-26 06:22:22 - INFO - root:main.py:657 -   http://61.143.15.139:59901  失败次数=51  (failed=4, timeout=47)
2026-09-26 06:22:22 - INFO - root:main.py:657 -   http://124.129.78.63:9901  失败次数=50  (failed=1, timeout=49)
2026-09-26 06:22:22 - INFO - root:main.py:657 -   http://124.152.247.189:21375rtsp:  失败次数=47  (error=47)
2026-09-26 06:22:22 - INFO - root:main.py:657 -   http://118.193.115.2:9901  失败次数=46  (failed=17, timeout=29)
2026-09-26 06:22:22 - INFO - root:main.py:657 -   http://61.138.128.226:29901  失败次数=44  (failed=6, timeout=38)
2026-09-26 06:22:22 - INFO - root:main.py:657 -   http://112.99.195.122:65000  失败次数=43  (timeout=43)
2026-09-26 06:22:22 - INFO - root:main.py:657 -   http://112.234.22.76:9901  失败次数=43  (failed=6, timeout=37)
2026-09-26 06:22:22 - INFO - root:main.py:657 -   http://59.39.89.130:60901  失败次数=41  (failed=19, timeout=22)
2026-09-26 06:22:22 - INFO - root:main.py:657 -   http://27.188.74.234:24333  失败次数=39  (failed=2, timeout=37)
2026-09-26 06:22:22 - INFO - root:main.py:657 -   http://120.238.84.45:9901  失败次数=36  (failed=4, timeout=32)
2026-09-26 06:22:22 - INFO - root:main.py:657 -   http://218.104.239.114:9901  失败次数=35  (timeout=35)
2026-09-26 06:22:22 - INFO - root:main.py:657 -   http://116.76.254.170:44330  失败次数=35  (timeout=35)
2026-09-26 06:22:22 - INFO - root:main.py:657 -   http://10.34.171.1:4001  失败次数=35  (timeout=35)
2026-09-26 06:22:22 - INFO - root:main.py:657 -   http://192.168.10.200:8008  失败次数=34  (timeout=34)
2026-09-26 06:22:22 - INFO - root:main.py:657 -   http://rihou.cc:555  失败次数=33  (empty=1, error=9, failed=1, timeout=22)
2026-09-26 06:22:22 - INFO - root:main.py:657 -   http://112.249.75.196:9989  失败次数=33  (timeout=33)
2026-09-26 06:22:22 - INFO - root:main.py:657 -   http://111.33.88.123:9901rtp:  失败次数=30  (error=30)
2026-09-26 06:22:22 - INFO - root:main.py:657 -   http://42.225.117.174:11199  失败次数=29  (failed=17, timeout=12)
2026-09-26 06:22:22 - INFO - root:main.py:657 -   http://150.138.8.143  失败次数=26  (timeout=26)
2026-09-26 06:22:22 - INFO - root:main.py:657 -   http://183.234.143.5:5555  失败次数=23  (failed=15, timeout=8)
2026-09-26 06:22:22 - INFO - root:main.py:657 -   http://183.94.146.79:9901  失败次数=20  (failed=1, timeout=19)
2026-09-26 06:22:22 - INFO - root:main.py:657 -   http://10.34.171.1:4000  失败次数=18  (timeout=18)
2026-09-26 06:22:22 - INFO - root:main.py:657 -   http://111.4.82.49:8008  失败次数=18  (timeout=18)
2026-09-26 06:22:22 - INFO - root:main.py:657 -   http://10.34.171.1:4002  失败次数=16  (timeout=16)
2026-09-26 06:22:22 - INFO - root:main.py:657 -   http://61.143.43.2:9901  失败次数=8  (timeout=8)
2026-09-26 06:22:22 - INFO - root:main.py:657 -   https://cdn.qd.je  失败次数=7  (failed=6, timeout=1)
2026-09-26 06:22:22 - INFO - root:main.py:657 -   http://36.129.58.18:9901  失败次数=6  (failed=6)
2026-09-26 06:22:22 - INFO - root:main.py:657 -   https://php.jdshipin.com  失败次数=5  (failed=3, timeout=2)
2026-09-26 06:22:22 - INFO - root:main.py:657 -   http://111.33.88.123:9901udp:  失败次数=4  (error=4)
2026-09-26 06:22:22 - INFO - root:main.py:657 -   http://tvtj1.jxwltx.com:8003  失败次数=3  (timeout=3)
2026-09-26 06:22:22 - INFO - root:main.py:657 -   http://144.123.220.43:80  失败次数=3  (timeout=3)
2026-09-26 06:22:22 - INFO - root:main.py:657 -   http://119.39.9.8:9901  失败次数=2  (timeout=2)
2026-09-26 06:22:22 - INFO - root:main.py:657 -   http://tencentplaygzrb01.gztv.com  失败次数=2  (timeout=2)
2026-09-26 06:22:22 - INFO - root:main.py:657 -   http://php.jdshipin.com:8880  失败次数=2  (failed=2)
2026-09-26 06:22:22 - INFO - root:main.py:657 -   http://1.1.1.1:1234.m3u8  失败次数=1  (error=1)
2026-09-26 06:22:22 - INFO - root:main.py:657 -   http://39.165.39.49:19901  失败次数=1  (timeout=1)
2026-09-26 06:22:22 - INFO - root:main.py:657 -   http://192.168.0.254:7700  失败次数=1  (timeout=1)
2026-09-26 06:22:22 - INFO - root:main.py:657 -   http://iptv.4666888.xyz  失败次数=1  (error=1)
2026-09-26 06:22:22 - INFO - root:main.py:657 -   http://180.114.162.2:2380  失败次数=1  (timeout=1)
2026-09-26 06:22:22 - INFO - root:main.py:657 -   http://144.123.220.47:80  失败次数=1  (timeout=1)
2026-09-26 06:22:22 - INFO - root:main.py:657 -   http://144.123.220.44:80  失败次数=1  (timeout=1)
2026-09-26 06:22:22 - INFO - root:main.py:657 -   http://webcast.hkstv.tv  失败次数=1  (timeout=1)
2026-09-26 06:22:22 - INFO - root:main.py:657 -   http://144.123.220.38:80  失败次数=1  (timeout=1)
2026-09-26 06:22:22 - INFO - root:main.py:657 -   http://144.123.220.42:80  失败次数=1  (timeout=1)
2026-09-26 06:22:22 - INFO - root:main.py:726 - [质量检测] 完成
2026-09-26 06:22:22 - INFO - root:main.py:730 - [订阅白名单] 开始抓取保底源...
2026-09-26 06:22:22 - INFO - root:main.py:303 - [抓取] 开始: http://192.168.1.31:2134
2026-09-26 06:22:22 - INFO - root:main.py:303 - [抓取] 开始: http://192.168.1.31:18808/hoy-proxy.txt
2026-09-26 06:22:22 - INFO - root:main.py:303 - [抓取] 开始: http://192.168.1.31:18080/channels.txt
2026-09-26 06:22:33 - ERROR - root:main.py:367 - [抓取] http://192.168.1.31:2134 超时 (>10s)
2026-09-26 06:22:33 - ERROR - root:main.py:367 - [抓取] http://192.168.1.31:18808/hoy-proxy.txt 超时 (>10s)
2026-09-26 06:22:33 - ERROR - root:main.py:367 - [抓取] http://192.168.1.31:18080/channels.txt 超时 (>10s)
2026-09-26 06:22:33 - INFO - root:main.py:276 - [匹配统计] 模板 137 频道，在线 0 URL，匹配 0 URL
2026-09-26 06:22:33 - INFO - root:main.py:734 - [订阅白名单] 匹配到 0 个频道
2026-09-26 06:22:33 - INFO - root:main.py:738 - [汇总] 频道分类 6 个，总频道数 48，总URL数 86
2026-09-26 06:22:33 - INFO - root:main.py:828 - [输出统计] 最终输出 48 频道 / 83 URL
2026-09-27 06:06:45 - INFO - root:main.py:193 - [别名映射] 从 config/alias.txt 加载 10030 条别名规则
2026-09-27 06:06:45 - INFO - root:main.py:666 - [抓取] 执行完整抓取流程，config.source_urls=4 个, hotel=True
2026-09-27 06:06:47 - WARNING - root:main.py:87 - [EPG映射] 从 http://e.erw.cc/e.xml.gz 加载失败，尝试下一个源: 550 Server Error: Response Reset by EdgeOne for url: http://e.erw.cc/e.xml.gz
2026-09-27 06:06:52 - INFO - root:main.py:85 - [EPG映射] 从 https://gitee.com/taksssss/tv/raw/main/epg/112114.xml.gz 加载成功
2026-09-27 06:06:54 - WARNING - root:main.py:87 - [EPG映射] 从 http://epg.51zmt.top:8000/e.xml.gz 加载失败，尝试下一个源: Not a gzipped file (b'<?')
2026-09-27 06:06:54 - INFO - root:main.py:89 - [EPG映射] 共合并加载 445 个频道 ID
2026-09-27 06:06:54 - INFO - root:main.py:303 - [抓取] 开始: https://cdn.qd.je/live.m3u
2026-09-27 06:06:54 - INFO - root:main.py:303 - [抓取] 开始: http://rihou.cc:567/gggg.nzk
2026-09-27 06:06:54 - INFO - root:main.py:303 - [抓取] 开始: http://193.123.86.190:14888/TV/iptv.php
2026-09-27 06:06:54 - INFO - root:main.py:303 - [抓取] 开始: https://gh.927223.xyz/https://raw.githubusercontent.com/Kimentanm/aptv/master/m3u/iptv.m3u
2026-09-27 06:06:54 - ERROR - root:main.py:369 - [抓取] https://gh.927223.xyz/https://raw.githubusercontent.com/Kimentanm/aptv/master/m3u/iptv.m3u 网络错误: ClientResponseError: 429, message='Too Many Requests', url='https://gh.927223.xyz/https://raw.githubusercontent.com/Kimentanm/aptv/master/m3u/iptv.m3u'
2026-09-27 06:06:54 - INFO - root:main.py:312 - [抓取] http://193.123.86.190:14888/TV/iptv.php 获取成功，判断为m3u格式
2026-09-27 06:06:54 - INFO - root:main.py:356 - [抓取] http://193.123.86.190:14888/TV/iptv.php 抓取成功，包含频道分类: 央视频道, 卫视频道, 睛彩频道, 咪视界, 历年春晚, 轮播
2026-09-27 06:06:54 - INFO - root:main.py:357 - [抓取] http://193.123.86.190:14888/TV/iptv.php 共获取 188 个 URL
2026-09-27 06:06:54 - INFO - root:main.py:363 - [抓取] http://193.123.86.190:14888/TV/iptv.php 样本频道: ['CCTV1', 'CCTV1', 'CCTV2', 'CCTV2', 'CCTV3', '安徽卫视', '安徽卫视', '北京卫视', '北京卫视', '重庆卫视']
2026-09-27 06:06:54 - INFO - root:main.py:312 - [抓取] https://cdn.qd.je/live.m3u 获取成功，判断为m3u格式
2026-09-27 06:06:54 - INFO - root:main.py:356 - [抓取] https://cdn.qd.je/live.m3u 抓取成功，包含频道分类: mytv
2026-09-27 06:06:54 - INFO - root:main.py:357 - [抓取] https://cdn.qd.je/live.m3u 共获取 121 个 URL
2026-09-27 06:06:54 - INFO - root:main.py:363 - [抓取] https://cdn.qd.je/live.m3u 样本频道: ['翡翠台4K(字幕)', '凤凰中文', 'CCTV1港澳版', 'CCTV13', 'TVB Plus(字幕)']
2026-09-27 06:06:56 - INFO - root:main.py:312 - [抓取] http://rihou.cc:567/gggg.nzk 获取成功，判断为txt格式
2026-09-27 06:06:56 - INFO - root:main.py:356 - [抓取] http://rihou.cc:567/gggg.nzk 抓取成功，包含频道分类: 猫TV影视, 欣赏港乐, 赛事精锦, 央卫咪咕, 欣赏频道, 网页音乐, 欣赏音乐, 特闽FYtv, 抖音网页, 荔枝网页, 虎牙频道, 爱奇频道, 广州电信, 童年频道, 亮剑全集, 雪豹全集, 凡人修仙, 华山论剑, Q-三国粤, 大时代粤, 流星花园, 还珠格格, 甄嬛传国, 大地恩情, 粤经典剧, 射雕英雄, 神雕侠侣, 视觉效果
2026-09-27 06:06:56 - INFO - root:main.py:357 - [抓取] http://rihou.cc:567/gggg.nzk 共获取 1573 个 URL
2026-09-27 06:06:56 - INFO - root:main.py:363 - [抓取] http://rihou.cc:567/gggg.nzk 样本频道: ['➡️抖舞陪看⬅️', '➡️白嫖软件⬅️', '➡️免费观看⬅️', '➡️大街网源⬅️', '➡️互相搬助⬅️', '⬇️港乐翻唱⬇️', '林咏诗翻唱一', '林咏诗翻唱二', '林咏诗翻唱三', '⬇️港乐粤翻⬇️']
2026-09-27 06:06:56 - INFO - root:main.py:385 - [抓取] 等待所有源完成...
2026-09-27 06:06:56 - INFO - root:main.py:276 - [匹配统计] 模板 137 频道，在线 1882 URL，匹配 157 URL
2026-09-27 06:06:56 - INFO - root:main.py:673 - [酒店源] 开始抓取...
2026-09-27 06:06:57 - INFO - fetch_hotel:fetch_hotel.py:69 - [酒店源] 共获取 783 个节点
2026-09-27 06:06:57 - INFO - fetch_hotel:fetch_hotel.py:79 - [酒店源] 类型分布: {'txiptv': 729, 'hsmdtv': 25, 'zhgxtv': 19, 'jsmpeg': 10}
2026-09-27 06:07:15 - INFO - fetch_hotel:fetch_hotel.py:272 - [酒店源] 延迟探测 783 个 host，存活 226，取最快 60 个
2026-09-27 06:07:22 - INFO - fetch_hotel:fetch_hotel.py:306 - [酒店源] 解析完成，共 2244 个频道-URL 组合
2026-09-27 06:07:22 - INFO - root:main.py:276 - [匹配统计] 模板 137 频道，在线 2244 URL，匹配 1646 URL
2026-09-27 06:07:22 - INFO - root:main.py:688 - [酒店源] 匹配到 96 个频道
2026-09-27 06:07:22 - INFO - root:main.py:693 - [组播源] 开始抓取...
2026-09-27 06:07:22 - INFO - fetch_multicast:fetch_multicast.py:112 - [组播源] 共 1603 条，保留 1600 条（dead=0，省份过滤=0，运营商过滤=0）
2026-09-27 06:07:22 - INFO - root:main.py:276 - [匹配统计] 模板 137 频道，在线 1600 URL，匹配 801 URL
2026-09-27 06:07:22 - INFO - root:main.py:707 - [组播源] 匹配到 105 个频道
2026-09-27 06:07:22 - INFO - root:main.py:714 - [质量检测] 开始全量检测（无缓存模式）... enable_ffprobe=True, ffprobe_timeout=6s, min_resolution=1080
2026-09-27 06:07:22 - INFO - check:check.py:714 - 开始质量检测，共 2604 个 URL，并发数 10，HTTP 超时 3.5s，FFprobe 启用，超时 6s
2026-09-27 06:08:29 - INFO - check:check.py:699 - [质量检测] 进度: 100/2604 (3%)
2026-09-27 06:10:00 - INFO - check:check.py:699 - [质量检测] 进度: 200/2604 (7%)
2026-09-27 06:11:09 - INFO - check:check.py:699 - [质量检测] 进度: 300/2604 (11%)
2026-09-27 06:12:20 - INFO - check:check.py:699 - [质量检测] 进度: 400/2604 (15%)
2026-09-27 06:13:39 - INFO - check:check.py:699 - [质量检测] 进度: 500/2604 (19%)
2026-09-27 06:14:40 - INFO - check:check.py:699 - [质量检测] 进度: 600/2604 (23%)
2026-09-27 06:15:46 - INFO - check:check.py:699 - [质量检测] 进度: 700/2604 (26%)
2026-09-27 06:16:51 - INFO - check:check.py:699 - [质量检测] 进度: 800/2604 (30%)
2026-09-27 06:17:54 - INFO - check:check.py:699 - [质量检测] 进度: 900/2604 (34%)
2026-09-27 06:18:52 - INFO - check:check.py:699 - [质量检测] 进度: 1000/2604 (38%)
2026-09-27 06:20:02 - INFO - check:check.py:699 - [质量检测] 进度: 1100/2604 (42%)
2026-09-27 06:21:03 - INFO - check:check.py:699 - [质量检测] 进度: 1200/2604 (46%)
2026-09-27 06:22:08 - INFO - check:check.py:699 - [质量检测] 进度: 1300/2604 (49%)
2026-09-27 06:23:14 - INFO - check:check.py:699 - [质量检测] 进度: 1400/2604 (53%)
2026-09-27 06:24:20 - INFO - check:check.py:699 - [质量检测] 进度: 1500/2604 (57%)
2026-09-27 06:25:18 - INFO - check:check.py:699 - [质量检测] 进度: 1600/2604 (61%)
2026-09-27 06:26:16 - INFO - check:check.py:699 - [质量检测] 进度: 1700/2604 (65%)
2026-09-27 06:27:20 - INFO - check:check.py:699 - [质量检测] 进度: 1800/2604 (69%)
2026-09-27 06:28:18 - INFO - check:check.py:699 - [质量检测] 进度: 1900/2604 (72%)
2026-09-27 06:29:12 - INFO - check:check.py:699 - [质量检测] 进度: 2000/2604 (76%)
2026-09-27 06:30:10 - INFO - check:check.py:699 - [质量检测] 进度: 2100/2604 (80%)
2026-09-27 06:31:04 - INFO - check:check.py:699 - [质量检测] 进度: 2200/2604 (84%)
2026-09-27 06:32:02 - INFO - check:check.py:699 - [质量检测] 进度: 2300/2604 (88%)
2026-09-27 06:32:56 - INFO - check:check.py:699 - [质量检测] 进度: 2400/2604 (92%)
2026-09-27 06:33:52 - INFO - check:check.py:699 - [质量检测] 进度: 2500/2604 (96%)
2026-09-27 06:34:35 - INFO - check:check.py:699 - [质量检测] 进度: 2600/2604 (99%)
2026-09-27 06:34:44 - INFO - check:check.py:699 - [质量检测] 进度: 2604/2604 (100%)
2026-09-27 06:34:44 - INFO - check:check.py:754 - 质量检测完成: 总计=2496 通过=591 失败=290 超时=1277 错误=338
2026-09-27 06:34:44 - INFO - check:check.py:796 - 过滤后: 保留 349 个有效源，移除 2067 个失效源
2026-09-27 06:34:44 - INFO - root:main.py:655 - [黑名单建议] 以下域名检测频繁失败，可考虑加入 url_blacklist：
2026-09-27 06:34:44 - INFO - root:main.py:657 -   http://113.110.201.238:55555  失败次数=156  (failed=1, timeout=155)
2026-09-27 06:34:44 - INFO - root:main.py:657 -   http://yy15238.netyiyang.com:8800  失败次数=119  (failed=114, timeout=5)
2026-09-27 06:34:44 - INFO - root:main.py:657 -   http://27.8.239.57:8010  失败次数=100  (timeout=100)
2026-09-27 06:34:44 - INFO - root:main.py:657 -   http://220.192.160.171:10000  失败次数=96  (timeout=96)
2026-09-27 06:34:44 - INFO - root:main.py:657 -   http://yulang132.cn:4022  失败次数=75  (failed=1, timeout=74)
2026-09-27 06:34:44 - INFO - root:main.py:657 -   http://218.56.123.244:3322udp:  失败次数=67  (error=67)
2026-09-27 06:34:44 - INFO - root:main.py:657 -   http://120.210.193.151:8006  失败次数=65  (timeout=65)
2026-09-27 06:34:44 - INFO - root:main.py:657 -   http://120.198.84.146:9901udp:  失败次数=61  (error=61)
2026-09-27 06:34:44 - INFO - root:main.py:657 -   http://120.238.94.82:9901udp:  失败次数=58  (error=58)
2026-09-27 06:34:44 - INFO - root:main.py:657 -   http://49.234.31.101:7027udp:  失败次数=56  (error=56)
2026-09-27 06:34:44 - INFO - root:main.py:657 -   http://192.168.102.1  失败次数=56  (timeout=56)
2026-09-27 06:34:44 - INFO - root:main.py:657 -   http://49.234.31.101:7316  失败次数=54  (failed=5, timeout=49)
2026-09-27 06:34:44 - INFO - root:main.py:657 -   http://124.129.78.63:9901  失败次数=49  (failed=1, timeout=48)
2026-09-27 06:34:44 - INFO - root:main.py:657 -   http://124.152.247.189:21375rtsp:  失败次数=47  (error=47)
2026-09-27 06:34:44 - INFO - root:main.py:657 -   http://118.193.115.2:9901  失败次数=46  (failed=17, timeout=29)
2026-09-27 06:34:44 - INFO - root:main.py:657 -   http://61.143.15.139:59901  失败次数=45  (failed=4, timeout=41)
2026-09-27 06:34:44 - INFO - root:main.py:657 -   http://120.198.86.186:9901  失败次数=45  (failed=1, timeout=44)
2026-09-27 06:34:44 - INFO - root:main.py:657 -   http://112.234.22.76:9901  失败次数=43  (failed=6, timeout=37)
2026-09-27 06:34:44 - INFO - root:main.py:657 -   http://112.99.195.122:65000  失败次数=40  (timeout=40)
2026-09-27 06:34:44 - INFO - root:main.py:657 -   http://27.188.74.234:24333  失败次数=38  (failed=2, timeout=36)
2026-09-27 06:34:44 - INFO - root:main.py:657 -   http://59.39.89.130:60901  失败次数=38  (failed=19, timeout=19)
2026-09-27 06:34:44 - INFO - root:main.py:657 -   http://42.225.117.174:11199  失败次数=36  (failed=17, timeout=19)
2026-09-27 06:34:44 - INFO - root:main.py:657 -   http://116.76.254.170:44330  失败次数=35  (timeout=35)
2026-09-27 06:34:44 - INFO - root:main.py:657 -   http://10.34.171.1:4001  失败次数=35  (timeout=35)
2026-09-27 06:34:44 - INFO - root:main.py:657 -   http://192.168.10.200:8008  失败次数=34  (timeout=34)
2026-09-27 06:34:44 - INFO - root:main.py:657 -   http://rihou.cc:555  失败次数=33  (empty=1, error=27, failed=1, timeout=4)
2026-09-27 06:34:44 - INFO - root:main.py:657 -   http://112.249.75.196:9989  失败次数=33  (timeout=33)
2026-09-27 06:34:44 - INFO - root:main.py:657 -   http://120.238.84.45:9901  失败次数=32  (failed=2, timeout=30)
2026-09-27 06:34:44 - INFO - root:main.py:657 -   http://124.112.241.231:4022  失败次数=31  (failed=7, timeout=24)
2026-09-27 06:34:44 - INFO - root:main.py:657 -   http://219.145.93.74:10000  失败次数=30  (failed=5, timeout=25)
2026-09-27 06:34:44 - INFO - root:main.py:657 -   http://175.0.71.18:8088  失败次数=30  (failed=1, timeout=29)
2026-09-27 06:34:44 - INFO - root:main.py:657 -   http://111.33.88.123:9901rtp:  失败次数=30  (error=30)
2026-09-27 06:34:44 - INFO - root:main.py:657 -   http://111.4.59.41:60901  失败次数=29  (failed=29)
2026-09-27 06:34:44 - INFO - root:main.py:657 -   http://150.138.8.143  失败次数=26  (timeout=26)
2026-09-27 06:34:44 - INFO - root:main.py:657 -   http://111.59.24.227:8181  失败次数=26  (failed=26)
2026-09-27 06:34:44 - INFO - root:main.py:657 -   http://183.234.143.5:5555  失败次数=23  (failed=15, timeout=8)
2026-09-27 06:34:44 - INFO - root:main.py:657 -   http://139.227.221.147:9901  失败次数=22  (timeout=22)
2026-09-27 06:34:44 - INFO - root:main.py:657 -   http://111.4.82.49:8008  失败次数=18  (timeout=18)
2026-09-27 06:34:44 - INFO - root:main.py:657 -   http://10.34.171.1:4000  失败次数=18  (timeout=18)
2026-09-27 06:34:44 - INFO - root:main.py:657 -   http://10.34.171.1:4002  失败次数=16  (timeout=16)
2026-09-27 06:34:44 - INFO - root:main.py:657 -   http://218.104.239.114:9901  失败次数=14  (timeout=14)
2026-09-27 06:34:44 - INFO - root:main.py:657 -   http://61.138.128.226:29901  失败次数=12  (failed=1, timeout=11)
2026-09-27 06:34:44 - INFO - root:main.py:657 -   https://cdn.qd.je  失败次数=8  (failed=6, timeout=2)
2026-09-27 06:34:44 - INFO - root:main.py:657 -   http://183.94.146.79:9901  失败次数=7  (failed=1, timeout=6)
2026-09-27 06:34:44 - INFO - root:main.py:657 -   http://61.143.43.2:9901  失败次数=7  (timeout=7)
2026-09-27 06:34:44 - INFO - root:main.py:657 -   http://36.129.58.18:9901  失败次数=6  (failed=6)
2026-09-27 06:34:44 - INFO - root:main.py:657 -   http://183.223.157.33:9901  失败次数=5  (timeout=5)
2026-09-27 06:34:44 - INFO - root:main.py:657 -   http://111.33.88.123:9901udp:  失败次数=4  (error=4)
2026-09-27 06:34:44 - INFO - root:main.py:657 -   http://tvtj1.jxwltx.com:8003  失败次数=3  (timeout=3)
2026-09-27 06:34:44 - INFO - root:main.py:657 -   http://144.123.220.43:80  失败次数=3  (timeout=3)
2026-09-27 06:34:44 - INFO - root:main.py:657 -   https://php.jdshipin.com  失败次数=2  (failed=2)
2026-09-27 06:34:44 - INFO - root:main.py:657 -   http://tencentplaygzrb01.gztv.com  失败次数=2  (timeout=2)
2026-09-27 06:34:44 - INFO - root:main.py:657 -   http://php.jdshipin.com:8880  失败次数=2  (failed=2)
2026-09-27 06:34:44 - INFO - root:main.py:657 -   http://123.157.31.182:7912  失败次数=2  (failed=1, timeout=1)
2026-09-27 06:34:44 - INFO - root:main.py:657 -   http://1.1.1.1:1234.m3u8  失败次数=1  (error=1)
2026-09-27 06:34:44 - INFO - root:main.py:657 -   http://119.39.9.8:9901  失败次数=1  (timeout=1)
2026-09-27 06:34:44 - INFO - root:main.py:657 -   http://39.165.39.49:19901  失败次数=1  (timeout=1)
2026-09-27 06:34:44 - INFO - root:main.py:657 -   http://192.168.0.254:7700  失败次数=1  (timeout=1)
2026-09-27 06:34:44 - INFO - root:main.py:657 -   http://192.168.100.1  失败次数=1  (timeout=1)
2026-09-27 06:34:44 - INFO - root:main.py:657 -   http://iptv.4666888.xyz  失败次数=1  (error=1)
2026-09-27 06:34:44 - INFO - root:main.py:657 -   http://180.114.162.2:2380  失败次数=1  (timeout=1)
2026-09-27 06:34:44 - INFO - root:main.py:657 -   http://222.71.55.147:9901  失败次数=1  (timeout=1)
2026-09-27 06:34:44 - INFO - root:main.py:657 -   http://144.123.220.47:80  失败次数=1  (timeout=1)
2026-09-27 06:34:44 - INFO - root:main.py:657 -   http://144.123.220.44:80  失败次数=1  (timeout=1)
2026-09-27 06:34:44 - INFO - root:main.py:657 -   http://webcast.hkstv.tv  失败次数=1  (failed=1)
2026-09-27 06:34:44 - INFO - root:main.py:657 -   http://144.123.220.38:80  失败次数=1  (timeout=1)
2026-09-27 06:34:44 - INFO - root:main.py:657 -   http://144.123.220.42:80  失败次数=1  (timeout=1)
2026-09-27 06:34:44 - INFO - root:main.py:726 - [质量检测] 完成
2026-09-27 06:34:44 - INFO - root:main.py:730 - [订阅白名单] 开始抓取保底源...
2026-09-27 06:34:44 - INFO - root:main.py:303 - [抓取] 开始: http://192.168.1.31:2134
2026-09-27 06:34:44 - INFO - root:main.py:303 - [抓取] 开始: http://192.168.1.31:18808/hoy-proxy.txt
2026-09-27 06:34:44 - INFO - root:main.py:303 - [抓取] 开始: http://192.168.1.31:18080/channels.txt
2026-09-27 06:34:54 - ERROR - root:main.py:367 - [抓取] http://192.168.1.31:2134 超时 (>10s)
2026-09-27 06:34:54 - ERROR - root:main.py:367 - [抓取] http://192.168.1.31:18808/hoy-proxy.txt 超时 (>10s)
2026-09-27 06:34:54 - ERROR - root:main.py:367 - [抓取] http://192.168.1.31:18080/channels.txt 超时 (>10s)
2026-09-27 06:34:54 - INFO - root:main.py:276 - [匹配统计] 模板 137 频道，在线 0 URL，匹配 0 URL
2026-09-27 06:34:54 - INFO - root:main.py:734 - [订阅白名单] 匹配到 0 个频道
2026-09-27 06:34:54 - INFO - root:main.py:738 - [汇总] 频道分类 6 个，总频道数 66，总URL数 349
2026-09-27 06:34:54 - INFO - root:main.py:828 - [输出统计] 最终输出 66 频道 / 292 URL
2026-09-28 06:06:43 - INFO - root:main.py:193 - [别名映射] 从 config/alias.txt 加载 10030 条别名规则
2026-09-28 06:06:43 - INFO - root:main.py:666 - [抓取] 执行完整抓取流程，config.source_urls=4 个, hotel=True
2026-09-28 06:06:43 - WARNING - root:main.py:87 - [EPG映射] 从 http://e.erw.cc/e.xml.gz 加载失败，尝试下一个源: HTTPConnectionPool(host='e.erw.cc', port=80): Max retries exceeded with url: /e.xml.gz (Caused by NameResolutionError("HTTPConnection(host='e.erw.cc', port=80): Failed to resolve 'e.erw.cc' ([Errno -5] No address associated with hostname)"))
2026-09-28 06:06:53 - INFO - root:main.py:85 - [EPG映射] 从 https://gitee.com/taksssss/tv/raw/main/epg/112114.xml.gz 加载成功
2026-09-28 06:06:55 - INFO - root:main.py:85 - [EPG映射] 从 http://epg.51zmt.top:8000/e.xml.gz 加载成功
2026-09-28 06:06:55 - INFO - root:main.py:89 - [EPG映射] 共合并加载 414 个频道 ID
2026-09-28 06:06:55 - INFO - root:main.py:303 - [抓取] 开始: https://cdn.qd.je/live.m3u
2026-09-28 06:06:55 - INFO - root:main.py:303 - [抓取] 开始: http://rihou.cc:567/gggg.nzk
2026-09-28 06:06:55 - INFO - root:main.py:303 - [抓取] 开始: http://193.123.86.190:14888/TV/iptv.php
2026-09-28 06:06:55 - INFO - root:main.py:303 - [抓取] 开始: https://gh.927223.xyz/https://raw.githubusercontent.com/Kimentanm/aptv/master/m3u/iptv.m3u
2026-09-28 06:06:55 - INFO - root:main.py:312 - [抓取] http://193.123.86.190:14888/TV/iptv.php 获取成功，判断为m3u格式
2026-09-28 06:06:55 - INFO - root:main.py:356 - [抓取] http://193.123.86.190:14888/TV/iptv.php 抓取成功，包含频道分类: 央视频道, 卫视频道, 睛彩频道, 咪视界, 历年春晚, 轮播
2026-09-28 06:06:55 - INFO - root:main.py:357 - [抓取] http://193.123.86.190:14888/TV/iptv.php 共获取 188 个 URL
2026-09-28 06:06:55 - INFO - root:main.py:363 - [抓取] http://193.123.86.190:14888/TV/iptv.php 样本频道: ['CCTV1', 'CCTV1', 'CCTV2', 'CCTV2', 'CCTV3', '安徽卫视', '安徽卫视', '北京卫视', '北京卫视', '重庆卫视']
2026-09-28 06:06:55 - INFO - root:main.py:312 - [抓取] https://cdn.qd.je/live.m3u 获取成功，判断为m3u格式
2026-09-28 06:06:55 - INFO - root:main.py:356 - [抓取] https://cdn.qd.je/live.m3u 抓取成功，包含频道分类: mytv
2026-09-28 06:06:55 - INFO - root:main.py:357 - [抓取] https://cdn.qd.je/live.m3u 共获取 121 个 URL
2026-09-28 06:06:55 - INFO - root:main.py:363 - [抓取] https://cdn.qd.je/live.m3u 样本频道: ['翡翠台4K(字幕)', '凤凰中文', 'CCTV1港澳版', 'CCTV13', 'TVB Plus(字幕)']
2026-09-28 06:06:56 - INFO - root:main.py:312 - [抓取] https://gh.927223.xyz/https://raw.githubusercontent.com/Kimentanm/aptv/master/m3u/iptv.m3u 获取成功，判断为m3u格式
2026-09-28 06:06:56 - INFO - root:main.py:356 - [抓取] https://gh.927223.xyz/https://raw.githubusercontent.com/Kimentanm/aptv/master/m3u/iptv.m3u 抓取成功，包含频道分类: 央视IPV4, 卫视IPV4, 卫视IPV4" catchup="append" catchup-source="?playseek=${(b)yyyyMMddHHmmss}-${(e)yyyyMMddHHmmss}, 4K8K频道, 历年春晚
2026-09-28 06:06:56 - INFO - root:main.py:357 - [抓取] https://gh.927223.xyz/https://raw.githubusercontent.com/Kimentanm/aptv/master/m3u/iptv.m3u 共获取 120 个 URL
2026-09-28 06:06:56 - INFO - root:main.py:363 - [抓取] https://gh.927223.xyz/https://raw.githubusercontent.com/Kimentanm/aptv/master/m3u/iptv.m3u 样本频道: ['CCTV1', 'CCTV2', 'CCTV3', 'CCTV4', 'CCTV5', '重温经典', '翡翠台', '五星体育', '湖南卫视', '北京卫视']
2026-09-28 06:06:58 - INFO - root:main.py:312 - [抓取] http://rihou.cc:567/gggg.nzk 获取成功，判断为txt格式
2026-09-28 06:06:58 - INFO - root:main.py:356 - [抓取] http://rihou.cc:567/gggg.nzk 抓取成功，包含频道分类: 猫TV影视, 欣赏港乐, 赛事精锦, 央卫咪咕, 欣赏频道, 网页音乐, 欣赏音乐, 特闽FYtv, 抖音网页, 荔枝网页, 虎牙频道, 爱奇频道, 广州电信, 童年频道, 亮剑全集, 雪豹全集, 凡人修仙, 华山论剑, Q-三国粤, 大时代粤, 流星花园, 还珠格格, 甄嬛传国, 大地恩情, 粤经典剧, 射雕英雄, 神雕侠侣, 视觉效果
2026-09-28 06:06:58 - INFO - root:main.py:357 - [抓取] http://rihou.cc:567/gggg.nzk 共获取 1573 个 URL
2026-09-28 06:06:58 - INFO - root:main.py:363 - [抓取] http://rihou.cc:567/gggg.nzk 样本频道: ['➡️抖舞陪看⬅️', '➡️白嫖软件⬅️', '➡️免费观看⬅️', '➡️大街网源⬅️', '➡️互相搬助⬅️', '⬇️港乐翻唱⬇️', '林咏诗翻唱一', '林咏诗翻唱二', '林咏诗翻唱三', '⬇️港乐粤翻⬇️']
2026-09-28 06:06:58 - INFO - root:main.py:385 - [抓取] 等待所有源完成...
2026-09-28 06:06:58 - INFO - root:main.py:276 - [匹配统计] 模板 137 频道，在线 2002 URL，匹配 215 URL
2026-09-28 06:06:58 - INFO - root:main.py:673 - [酒店源] 开始抓取...
2026-09-28 06:06:58 - INFO - fetch_hotel:fetch_hotel.py:69 - [酒店源] 共获取 777 个节点
2026-09-28 06:06:58 - INFO - fetch_hotel:fetch_hotel.py:79 - [酒店源] 类型分布: {'txiptv': 728, 'hsmdtv': 25, 'zhgxtv': 14, 'jsmpeg': 10}
2026-09-28 06:07:18 - INFO - fetch_hotel:fetch_hotel.py:272 - [酒店源] 延迟探测 777 个 host，存活 223，取最快 60 个
2026-09-28 06:07:23 - INFO - fetch_hotel:fetch_hotel.py:306 - [酒店源] 解析完成，共 2284 个频道-URL 组合
2026-09-28 06:07:23 - INFO - root:main.py:276 - [匹配统计] 模板 137 频道，在线 2284 URL，匹配 1687 URL
2026-09-28 06:07:23 - INFO - root:main.py:688 - [酒店源] 匹配到 97 个频道
2026-09-28 06:07:23 - INFO - root:main.py:693 - [组播源] 开始抓取...
2026-09-28 06:07:23 - INFO - fetch_multicast:fetch_multicast.py:112 - [组播源] 共 1755 条，保留 1753 条（dead=0，省份过滤=0，运营商过滤=0）
2026-09-28 06:07:23 - INFO - root:main.py:276 - [匹配统计] 模板 137 频道，在线 1753 URL，匹配 867 URL
2026-09-28 06:07:23 - INFO - root:main.py:707 - [组播源] 匹配到 108 个频道
2026-09-28 06:07:23 - INFO - root:main.py:714 - [质量检测] 开始全量检测（无缓存模式）... enable_ffprobe=True, ffprobe_timeout=6s, min_resolution=1080
2026-09-28 06:07:23 - INFO - check:check.py:714 - 开始质量检测，共 2769 个 URL，并发数 10，HTTP 超时 3.5s，FFprobe 启用，超时 6s
2026-09-28 06:08:30 - INFO - check:check.py:699 - [质量检测] 进度: 100/2769 (3%)
2026-09-28 06:09:31 - INFO - check:check.py:699 - [质量检测] 进度: 200/2769 (7%)
2026-09-28 06:10:51 - INFO - check:check.py:699 - [质量检测] 进度: 300/2769 (10%)
2026-09-28 06:11:58 - INFO - check:check.py:699 - [质量检测] 进度: 400/2769 (14%)
2026-09-28 06:13:08 - INFO - check:check.py:699 - [质量检测] 进度: 500/2769 (18%)
2026-09-28 06:14:12 - INFO - check:check.py:699 - [质量检测] 进度: 600/2769 (21%)
2026-09-28 06:15:20 - INFO - check:check.py:699 - [质量检测] 进度: 700/2769 (25%)
2026-09-28 06:16:26 - INFO - check:check.py:699 - [质量检测] 进度: 800/2769 (28%)
2026-09-28 06:17:32 - INFO - check:check.py:699 - [质量检测] 进度: 900/2769 (32%)
2026-09-28 06:18:30 - INFO - check:check.py:699 - [质量检测] 进度: 1000/2769 (36%)
2026-09-28 06:19:16 - INFO - check:check.py:699 - [质量检测] 进度: 1100/2769 (39%)
2026-09-28 06:20:06 - INFO - check:check.py:699 - [质量检测] 进度: 1200/2769 (43%)
2026-09-28 06:21:06 - INFO - check:check.py:699 - [质量检测] 进度: 1300/2769 (46%)
2026-09-28 06:22:08 - INFO - check:check.py:699 - [质量检测] 进度: 1400/2769 (50%)
2026-09-28 06:23:11 - INFO - check:check.py:699 - [质量检测] 进度: 1500/2769 (54%)
2026-09-28 06:24:08 - INFO - check:check.py:699 - [质量检测] 进度: 1600/2769 (57%)
2026-09-28 06:25:09 - INFO - check:check.py:699 - [质量检测] 进度: 1700/2769 (61%)
2026-09-28 06:26:16 - INFO - check:check.py:699 - [质量检测] 进度: 1800/2769 (65%)
2026-09-28 06:27:13 - INFO - check:check.py:699 - [质量检测] 进度: 1900/2769 (68%)
2026-09-28 06:28:07 - INFO - check:check.py:699 - [质量检测] 进度: 2000/2769 (72%)
2026-09-28 06:29:13 - INFO - check:check.py:699 - [质量检测] 进度: 2100/2769 (75%)
2026-09-28 06:30:06 - INFO - check:check.py:699 - [质量检测] 进度: 2200/2769 (79%)
2026-09-28 06:31:09 - INFO - check:check.py:699 - [质量检测] 进度: 2300/2769 (83%)
2026-09-28 06:32:07 - INFO - check:check.py:699 - [质量检测] 进度: 2400/2769 (86%)
2026-09-28 06:33:00 - INFO - check:check.py:699 - [质量检测] 进度: 2500/2769 (90%)
2026-09-28 06:33:58 - INFO - check:check.py:699 - [质量检测] 进度: 2600/2769 (93%)
2026-09-28 06:34:44 - INFO - check:check.py:699 - [质量检测] 进度: 2700/2769 (97%)
2026-09-28 06:35:34 - INFO - check:check.py:699 - [质量检测] 进度: 2769/2769 (100%)
2026-09-28 06:35:34 - INFO - check:check.py:754 - 质量检测完成: 总计=2642 通过=499 失败=350 超时=1429 错误=364
2026-09-28 06:35:35 - INFO - check:check.py:796 - 过滤后: 保留 272 个有效源，移除 2204 个失效源
2026-09-28 06:35:35 - INFO - root:main.py:655 - [黑名单建议] 以下域名检测频繁失败，可考虑加入 url_blacklist：
2026-09-28 06:35:35 - INFO - root:main.py:657 -   http://113.110.201.238:55555  失败次数=176  (timeout=176)
2026-09-28 06:35:35 - INFO - root:main.py:657 -   http://yy15238.netyiyang.com:8800  失败次数=119  (failed=118, timeout=1)
2026-09-28 06:35:35 - INFO - root:main.py:657 -   http://27.8.239.57:8010  失败次数=100  (failed=1, timeout=99)
2026-09-28 06:35:35 - INFO - root:main.py:657 -   http://60.223.72.247:8001  失败次数=99  (timeout=99)
2026-09-28 06:35:35 - INFO - root:main.py:657 -   http://yulang132.cn:4022  失败次数=98  (timeout=98)
2026-09-28 06:35:35 - INFO - root:main.py:657 -   http://117.172.235.44:60000  失败次数=71  (failed=4, timeout=67)
2026-09-28 06:35:35 - INFO - root:main.py:657 -   http://218.56.123.244:3322udp:  失败次数=67  (error=67)
2026-09-28 06:35:35 - INFO - root:main.py:657 -   http://120.210.193.151:8006  失败次数=65  (timeout=65)
2026-09-28 06:35:35 - INFO - root:main.py:657 -   http://120.198.84.146:9901udp:  失败次数=61  (error=61)
2026-09-28 06:35:35 - INFO - root:main.py:657 -   http://120.238.94.82:9901udp:  失败次数=58  (error=58)
2026-09-28 06:35:35 - INFO - root:main.py:657 -   http://101.35.240.114:88  失败次数=57  (failed=57)
2026-09-28 06:35:35 - INFO - root:main.py:657 -   http://61.143.15.139:59901  失败次数=56  (failed=4, timeout=52)
2026-09-28 06:35:35 - INFO - root:main.py:657 -   http://192.168.102.1  失败次数=56  (timeout=56)
2026-09-28 06:35:35 - INFO - root:main.py:657 -   http://49.234.31.101:7027udp:  失败次数=56  (error=56)
2026-09-28 06:35:35 - INFO - root:main.py:657 -   http://49.234.31.101:7316  失败次数=54  (failed=6, timeout=48)
2026-09-28 06:35:35 - INFO - root:main.py:657 -   http://218.13.138.139:59901udp:  失败次数=52  (error=52)
2026-09-28 06:35:35 - INFO - root:main.py:657 -   http://124.129.78.63:9901  失败次数=50  (failed=1, timeout=49)
2026-09-28 06:35:35 - INFO - root:main.py:657 -   http://124.152.247.189:21375rtsp:  失败次数=47  (error=47)
2026-09-28 06:35:35 - INFO - root:main.py:657 -   http://61.138.128.226:29901  失败次数=45  (failed=5, timeout=40)
2026-09-28 06:35:35 - INFO - root:main.py:657 -   http://112.234.22.76:9901  失败次数=43  (failed=6, timeout=37)
2026-09-28 06:35:35 - INFO - root:main.py:657 -   http://118.193.115.2:9901  失败次数=42  (failed=17, timeout=25)
2026-09-28 06:35:35 - INFO - root:main.py:657 -   http://120.198.86.186:9901  失败次数=41  (failed=1, timeout=40)
2026-09-28 06:35:35 - INFO - root:main.py:657 -   http://27.188.74.234:24333  失败次数=38  (failed=2, timeout=36)
2026-09-28 06:35:35 - INFO - root:main.py:657 -   http://59.39.89.130:60901  失败次数=37  (failed=19, timeout=18)
2026-09-28 06:35:35 - INFO - root:main.py:657 -   http://116.76.254.170:44330  失败次数=35  (timeout=35)
2026-09-28 06:35:35 - INFO - root:main.py:657 -   http://10.34.171.1:4001  失败次数=35  (timeout=35)
2026-09-28 06:35:35 - INFO - root:main.py:657 -   http://192.168.10.200:8008  失败次数=34  (timeout=34)
2026-09-28 06:35:35 - INFO - root:main.py:657 -   http://rihou.cc:555  失败次数=33  (empty=1, failed=1, timeout=31)
2026-09-28 06:35:35 - INFO - root:main.py:657 -   http://112.249.75.196:9989  失败次数=33  (timeout=33)
2026-09-28 06:35:35 - INFO - root:main.py:657 -   http://139.196.214.238:5079  失败次数=33  (failed=33)
2026-09-28 06:35:35 - INFO - root:main.py:657 -   http://120.238.84.45:9901  失败次数=32  (timeout=32)
2026-09-28 06:35:35 - INFO - root:main.py:657 -   http://42.225.117.174:11199  失败次数=31  (failed=17, timeout=14)
2026-09-28 06:35:35 - INFO - root:main.py:657 -   http://175.0.71.18:8088  失败次数=30  (failed=1, timeout=29)
2026-09-28 06:35:35 - INFO - root:main.py:657 -   http://111.33.88.123:9901rtp:  失败次数=30  (error=30)
2026-09-28 06:35:35 - INFO - root:main.py:657 -   http://218.104.239.114:9901  失败次数=29  (timeout=29)
2026-09-28 06:35:35 - INFO - root:main.py:657 -   http://111.59.24.227:8181  失败次数=29  (failed=26, timeout=3)
2026-09-28 06:35:35 - INFO - root:main.py:657 -   http://112.99.195.122:65000  失败次数=27  (timeout=27)
2026-09-28 06:35:35 - INFO - root:main.py:657 -   http://150.138.8.143  失败次数=26  (timeout=26)
2026-09-28 06:35:35 - INFO - root:main.py:657 -   http://111.4.59.41:60901  失败次数=24  (failed=1, timeout=23)
2026-09-28 06:35:35 - INFO - root:main.py:657 -   http://139.227.221.147:9901  失败次数=24  (timeout=24)
2026-09-28 06:35:35 - INFO - root:main.py:657 -   http://183.234.143.5:5555  失败次数=23  (failed=15, timeout=8)
2026-09-28 06:35:35 - INFO - root:main.py:657 -   http://10.34.171.1:4000  失败次数=18  (timeout=18)
2026-09-28 06:35:35 - INFO - root:main.py:657 -   http://221.221.137.78:9000  失败次数=17  (timeout=17)
2026-09-28 06:35:35 - INFO - root:main.py:657 -   http://10.34.171.1:4002  失败次数=16  (timeout=16)
2026-09-28 06:35:35 - INFO - root:main.py:657 -   http://111.4.82.49:8008  失败次数=15  (timeout=15)
2026-09-28 06:35:35 - INFO - root:main.py:657 -   http://183.223.157.33:9901  失败次数=15  (timeout=15)
2026-09-28 06:35:35 - INFO - root:main.py:657 -   http://61.143.43.2:9901  失败次数=10  (timeout=10)
2026-09-28 06:35:35 - INFO - root:main.py:657 -   http://183.94.146.79:9901  失败次数=9  (failed=1, timeout=8)
2026-09-28 06:35:35 - INFO - root:main.py:657 -   https://cdn.qd.je  失败次数=7  (failed=6, timeout=1)
2026-09-28 06:35:35 - INFO - root:main.py:657 -   http://36.129.58.18:9901  失败次数=6  (failed=6)
2026-09-28 06:35:35 - INFO - root:main.py:657 -   http://111.33.88.123:9901udp:  失败次数=4  (error=4)
2026-09-28 06:35:35 - INFO - root:main.py:657 -   http://123.157.31.182:7912  失败次数=3  (failed=2, timeout=1)
2026-09-28 06:35:35 - INFO - root:main.py:657 -   https://php.jdshipin.com  失败次数=3  (failed=3)
2026-09-28 06:35:35 - INFO - root:main.py:657 -   http://tvtj1.jxwltx.com:8003  失败次数=3  (timeout=3)
2026-09-28 06:35:35 - INFO - root:main.py:657 -   http://144.123.220.43:80  失败次数=3  (timeout=3)
2026-09-28 06:35:35 - INFO - root:main.py:657 -   http://tencentplaygzrb01.gztv.com  失败次数=2  (timeout=2)
2026-09-28 06:35:35 - INFO - root:main.py:657 -   http://php.jdshipin.com:8880  失败次数=2  (failed=2)
2026-09-28 06:35:35 - INFO - root:main.py:657 -   http://1.1.1.1:1234.m3u8  失败次数=1  (error=1)
2026-09-28 06:35:35 - INFO - root:main.py:657 -   http://119.39.9.8:9901  失败次数=1  (timeout=1)
2026-09-28 06:35:35 - INFO - root:main.py:657 -   http://39.165.39.49:19901  失败次数=1  (timeout=1)
2026-09-28 06:35:35 - INFO - root:main.py:657 -   http://192.168.0.254:7700  失败次数=1  (timeout=1)
2026-09-28 06:35:35 - INFO - root:main.py:657 -   http://192.168.100.1  失败次数=1  (timeout=1)
2026-09-28 06:35:35 - INFO - root:main.py:657 -   http://iptv.4666888.xyz  失败次数=1  (error=1)
2026-09-28 06:35:35 - INFO - root:main.py:657 -   http://180.114.162.2:2380  失败次数=1  (timeout=1)
2026-09-28 06:35:35 - INFO - root:main.py:657 -   http://144.123.220.47:80  失败次数=1  (timeout=1)
2026-09-28 06:35:35 - INFO - root:main.py:657 -   http://144.123.220.44:80  失败次数=1  (timeout=1)
2026-09-28 06:35:35 - INFO - root:main.py:657 -   http://webcast.hkstv.tv  失败次数=1  (failed=1)
2026-09-28 06:35:35 - INFO - root:main.py:657 -   http://144.123.220.38:80  失败次数=1  (timeout=1)
2026-09-28 06:35:35 - INFO - root:main.py:657 -   http://144.123.220.42:80  失败次数=1  (timeout=1)
2026-09-28 06:35:35 - INFO - root:main.py:726 - [质量检测] 完成
2026-09-28 06:35:35 - INFO - root:main.py:730 - [订阅白名单] 开始抓取保底源...
2026-09-28 06:35:35 - INFO - root:main.py:303 - [抓取] 开始: http://192.168.1.31:2134
2026-09-28 06:35:35 - INFO - root:main.py:303 - [抓取] 开始: http://192.168.1.31:18808/hoy-proxy.txt
2026-09-28 06:35:35 - INFO - root:main.py:303 - [抓取] 开始: http://192.168.1.31:18080/channels.txt
2026-09-28 06:35:45 - ERROR - root:main.py:367 - [抓取] http://192.168.1.31:2134 超时 (>10s)
2026-09-28 06:35:45 - ERROR - root:main.py:367 - [抓取] http://192.168.1.31:18808/hoy-proxy.txt 超时 (>10s)
2026-09-28 06:35:45 - ERROR - root:main.py:367 - [抓取] http://192.168.1.31:18080/channels.txt 超时 (>10s)
2026-09-28 06:35:45 - INFO - root:main.py:276 - [匹配统计] 模板 137 频道，在线 0 URL，匹配 0 URL
2026-09-28 06:35:45 - INFO - root:main.py:734 - [订阅白名单] 匹配到 0 个频道
2026-09-28 06:35:45 - INFO - root:main.py:738 - [汇总] 频道分类 6 个，总频道数 63，总URL数 272
2026-09-28 06:35:45 - INFO - root:main.py:828 - [输出统计] 最终输出 63 频道 / 231 URL
2026-09-28 23:27:14 - INFO - root:main.py:193 - [别名映射] 从 config/alias.txt 加载 10030 条别名规则
2026-09-28 23:27:14 - INFO - root:main.py:666 - [抓取] 执行完整抓取流程，config.source_urls=4 个, hotel=True
2026-09-28 23:27:14 - WARNING - root:main.py:87 - [EPG映射] 从 http://e.erw.cc/e.xml.gz 加载失败，尝试下一个源: HTTPConnectionPool(host='e.erw.cc', port=80): Max retries exceeded with url: /e.xml.gz (Caused by NameResolutionError("HTTPConnection(host='e.erw.cc', port=80): Failed to resolve 'e.erw.cc' ([Errno -5] No address associated with hostname)"))
2026-09-28 23:27:23 - INFO - root:main.py:85 - [EPG映射] 从 https://gitee.com/taksssss/tv/raw/main/epg/112114.xml.gz 加载成功
2026-09-28 23:27:24 - INFO - root:main.py:85 - [EPG映射] 从 http://epg.51zmt.top:8000/e.xml.gz 加载成功
2026-09-28 23:27:24 - INFO - root:main.py:89 - [EPG映射] 共合并加载 457 个频道 ID
2026-09-28 23:27:24 - INFO - root:main.py:303 - [抓取] 开始: https://cdn.qd.je/live.m3u
2026-09-28 23:27:24 - INFO - root:main.py:303 - [抓取] 开始: http://rihou.cc:567/gggg.nzk
2026-09-28 23:27:24 - INFO - root:main.py:303 - [抓取] 开始: http://193.123.86.190:14888/TV/iptv.php
2026-09-28 23:27:24 - INFO - root:main.py:303 - [抓取] 开始: https://gh.927223.xyz/https://raw.githubusercontent.com/Kimentanm/aptv/master/m3u/iptv.m3u
2026-09-28 23:27:25 - INFO - root:main.py:312 - [抓取] http://193.123.86.190:14888/TV/iptv.php 获取成功，判断为m3u格式
2026-09-28 23:27:25 - INFO - root:main.py:356 - [抓取] http://193.123.86.190:14888/TV/iptv.php 抓取成功，包含频道分类: 央视频道, 卫视频道, 睛彩频道, 咪视界, 历年春晚, 轮播
2026-09-28 23:27:25 - INFO - root:main.py:357 - [抓取] http://193.123.86.190:14888/TV/iptv.php 共获取 188 个 URL
2026-09-28 23:27:25 - INFO - root:main.py:363 - [抓取] http://193.123.86.190:14888/TV/iptv.php 样本频道: ['CCTV1', 'CCTV1', 'CCTV2', 'CCTV2', 'CCTV3', '安徽卫视', '安徽卫视', '北京卫视', '北京卫视', '重庆卫视']
2026-09-28 23:27:25 - INFO - root:main.py:312 - [抓取] https://cdn.qd.je/live.m3u 获取成功，判断为m3u格式
2026-09-28 23:27:25 - INFO - root:main.py:356 - [抓取] https://cdn.qd.je/live.m3u 抓取成功，包含频道分类: mytv
2026-09-28 23:27:25 - INFO - root:main.py:357 - [抓取] https://cdn.qd.je/live.m3u 共获取 121 个 URL
2026-09-28 23:27:25 - INFO - root:main.py:363 - [抓取] https://cdn.qd.je/live.m3u 样本频道: ['翡翠台4K(字幕)', '凤凰中文', 'CCTV1港澳版', 'CCTV13', 'TVB Plus(字幕)']
2026-09-28 23:27:25 - INFO - root:main.py:312 - [抓取] https://gh.927223.xyz/https://raw.githubusercontent.com/Kimentanm/aptv/master/m3u/iptv.m3u 获取成功，判断为m3u格式
2026-09-28 23:27:25 - INFO - root:main.py:356 - [抓取] https://gh.927223.xyz/https://raw.githubusercontent.com/Kimentanm/aptv/master/m3u/iptv.m3u 抓取成功，包含频道分类: 央视IPV4, 卫视IPV4, 卫视IPV4" catchup="append" catchup-source="?playseek=${(b)yyyyMMddHHmmss}-${(e)yyyyMMddHHmmss}, 4K8K频道, 历年春晚
2026-09-28 23:27:25 - INFO - root:main.py:357 - [抓取] https://gh.927223.xyz/https://raw.githubusercontent.com/Kimentanm/aptv/master/m3u/iptv.m3u 共获取 120 个 URL
2026-09-28 23:27:25 - INFO - root:main.py:363 - [抓取] https://gh.927223.xyz/https://raw.githubusercontent.com/Kimentanm/aptv/master/m3u/iptv.m3u 样本频道: ['CCTV1', 'CCTV2', 'CCTV3', 'CCTV4', 'CCTV5', '重温经典', '翡翠台', '五星体育', '湖南卫视', '北京卫视']
2026-09-28 23:27:30 - INFO - root:main.py:312 - [抓取] http://rihou.cc:567/gggg.nzk 获取成功，判断为txt格式
2026-09-28 23:27:30 - INFO - root:main.py:356 - [抓取] http://rihou.cc:567/gggg.nzk 抓取成功，包含频道分类: 猫TV影视, 欣赏港乐, 赛事精锦, 央卫咪咕, 欣赏频道, 网页音乐, 欣赏音乐, 特闽FYtv, 抖音网页, 荔枝网页, 虎牙频道, 爱奇频道, 广州电信, 童年频道, 亮剑全集, 雪豹全集, 凡人修仙, 华山论剑, Q-三国粤, 大时代粤, 流星花园, 还珠格格, 甄嬛传国, 大地恩情, 粤经典剧, 射雕英雄, 神雕侠侣, 视觉效果
2026-09-28 23:27:30 - INFO - root:main.py:357 - [抓取] http://rihou.cc:567/gggg.nzk 共获取 1573 个 URL
2026-09-28 23:27:30 - INFO - root:main.py:363 - [抓取] http://rihou.cc:567/gggg.nzk 样本频道: ['➡️抖舞陪看⬅️', '➡️白嫖软件⬅️', '➡️免费观看⬅️', '➡️大街网源⬅️', '➡️互相搬助⬅️', '⬇️港乐翻唱⬇️', '林咏诗翻唱一', '林咏诗翻唱二', '林咏诗翻唱三', '⬇️港乐粤翻⬇️']
2026-09-28 23:27:30 - INFO - root:main.py:385 - [抓取] 等待所有源完成...
2026-09-28 23:27:30 - INFO - root:main.py:276 - [匹配统计] 模板 137 频道，在线 2002 URL，匹配 215 URL
2026-09-28 23:27:30 - INFO - root:main.py:673 - [酒店源] 开始抓取...
2026-09-28 23:27:30 - INFO - fetch_hotel:fetch_hotel.py:69 - [酒店源] 共获取 773 个节点
2026-09-28 23:27:30 - INFO - fetch_hotel:fetch_hotel.py:79 - [酒店源] 类型分布: {'txiptv': 728, 'hsmdtv': 25, 'zhgxtv': 10, 'jsmpeg': 10}
2026-09-28 23:27:50 - INFO - fetch_hotel:fetch_hotel.py:272 - [酒店源] 延迟探测 773 个 host，存活 211，取最快 80 个
2026-09-28 23:28:05 - INFO - fetch_hotel:fetch_hotel.py:306 - [酒店源] 解析完成，共 2563 个频道-URL 组合
2026-09-28 23:28:05 - INFO - root:main.py:276 - [匹配统计] 模板 137 频道，在线 2563 URL，匹配 1922 URL
2026-09-28 23:28:05 - INFO - root:main.py:688 - [酒店源] 匹配到 97 个频道
2026-09-28 23:28:05 - INFO - root:main.py:693 - [组播源] 开始抓取...
2026-09-28 23:28:05 - INFO - fetch_multicast:fetch_multicast.py:112 - [组播源] 共 1755 条，保留 1753 条（dead=0，省份过滤=0，运营商过滤=0）
2026-09-28 23:28:05 - INFO - root:main.py:276 - [匹配统计] 模板 137 频道，在线 1753 URL，匹配 867 URL
2026-09-28 23:28:05 - INFO - root:main.py:707 - [组播源] 匹配到 108 个频道
2026-09-28 23:28:05 - INFO - root:main.py:714 - [质量检测] 开始全量检测（无缓存模式）... enable_ffprobe=True, ffprobe_timeout=6s, min_resolution=1080
2026-09-28 23:28:05 - INFO - check:check.py:714 - 开始质量检测，共 3004 个 URL，并发数 10，HTTP 超时 3.5s，FFprobe 启用，超时 6s
2026-09-28 23:29:31 - INFO - check:check.py:699 - [质量检测] 进度: 100/3004 (3%)
2026-09-28 23:30:50 - INFO - check:check.py:699 - [质量检测] 进度: 200/3004 (6%)
2026-09-28 23:31:57 - INFO - check:check.py:699 - [质量检测] 进度: 300/3004 (9%)
2026-09-28 23:32:58 - INFO - check:check.py:699 - [质量检测] 进度: 400/3004 (13%)
2026-09-28 23:34:24 - INFO - check:check.py:699 - [质量检测] 进度: 500/3004 (16%)
2026-09-28 23:35:36 - INFO - check:check.py:699 - [质量检测] 进度: 600/3004 (19%)
2026-09-28 23:36:48 - INFO - check:check.py:699 - [质量检测] 进度: 700/3004 (23%)
2026-09-28 23:37:56 - INFO - check:check.py:699 - [质量检测] 进度: 800/3004 (26%)
2026-09-28 23:39:05 - INFO - check:check.py:699 - [质量检测] 进度: 900/3004 (29%)
2026-09-28 23:40:14 - INFO - check:check.py:699 - [质量检测] 进度: 1000/3004 (33%)
2026-09-28 23:41:06 - INFO - check:check.py:699 - [质量检测] 进度: 1100/3004 (36%)
2026-09-28 23:41:50 - INFO - check:check.py:699 - [质量检测] 进度: 1200/3004 (39%)
2026-09-28 23:42:43 - INFO - check:check.py:699 - [质量检测] 进度: 1300/3004 (43%)
2026-09-28 23:43:52 - INFO - check:check.py:699 - [质量检测] 进度: 1400/3004 (46%)
2026-09-28 23:45:02 - INFO - check:check.py:699 - [质量检测] 进度: 1500/3004 (49%)
2026-09-28 23:46:04 - INFO - check:check.py:699 - [质量检测] 进度: 1600/3004 (53%)
2026-09-28 23:47:09 - INFO - check:check.py:699 - [质量检测] 进度: 1700/3004 (56%)
2026-09-28 23:48:23 - INFO - check:check.py:699 - [质量检测] 进度: 1800/3004 (59%)
2026-09-28 23:49:24 - INFO - check:check.py:699 - [质量检测] 进度: 1900/3004 (63%)
2026-09-28 23:50:28 - INFO - check:check.py:699 - [质量检测] 进度: 2000/3004 (66%)
2026-09-28 23:51:25 - INFO - check:check.py:699 - [质量检测] 进度: 2100/3004 (69%)
2026-09-28 23:52:23 - INFO - check:check.py:699 - [质量检测] 进度: 2200/3004 (73%)
2026-09-28 23:53:28 - INFO - check:check.py:699 - [质量检测] 进度: 2300/3004 (76%)
2026-09-28 23:54:36 - INFO - check:check.py:699 - [质量检测] 进度: 2400/3004 (79%)
2026-09-28 23:55:48 - INFO - check:check.py:699 - [质量检测] 进度: 2500/3004 (83%)
2026-09-28 23:56:49 - INFO - check:check.py:699 - [质量检测] 进度: 2600/3004 (86%)
2026-09-28 23:57:52 - INFO - check:check.py:699 - [质量检测] 进度: 2700/3004 (89%)
2026-09-28 23:58:47 - INFO - check:check.py:699 - [质量检测] 进度: 2800/3004 (93%)
2026-09-28 23:59:40 - INFO - check:check.py:699 - [质量检测] 进度: 2900/3004 (96%)
2026-09-29 00:00:35 - INFO - check:check.py:699 - [质量检测] 进度: 3000/3004 (99%)
2026-09-29 00:00:39 - INFO - check:check.py:699 - [质量检测] 进度: 3004/3004 (100%)
2026-09-29 00:00:39 - INFO - check:check.py:754 - 质量检测完成: 总计=2854 通过=590 失败=350 超时=1612 错误=302
2026-09-29 00:00:39 - INFO - check:check.py:796 - 过滤后: 保留 317 个有效源，移除 2491 个失效源
2026-09-29 00:00:39 - INFO - root:main.py:655 - [黑名单建议] 以下域名检测频繁失败，可考虑加入 url_blacklist：
2026-09-29 00:00:39 - INFO - root:main.py:657 -   http://113.110.201.238:55555  失败次数=176  (timeout=176)
2026-09-29 00:00:39 - INFO - root:main.py:657 -   http://yy15238.netyiyang.com:8800  失败次数=119  (failed=110, timeout=9)
2026-09-29 00:00:39 - INFO - root:main.py:657 -   http://120.210.193.151:8006  失败次数=110  (timeout=110)
2026-09-29 00:00:39 - INFO - root:main.py:657 -   http://27.8.239.57:8010  失败次数=99  (timeout=99)
2026-09-29 00:00:39 - INFO - root:main.py:657 -   http://60.223.72.247:8001  失败次数=85  (failed=1, timeout=84)
2026-09-29 00:00:39 - INFO - root:main.py:657 -   http://218.56.123.244:3322udp:  失败次数=67  (error=67)
2026-09-29 00:00:39 - INFO - root:main.py:657 -   http://120.198.84.146:9901udp:  失败次数=61  (error=61)
2026-09-29 00:00:39 - INFO - root:main.py:657 -   http://101.35.240.114:88  失败次数=57  (failed=56, timeout=1)
2026-09-29 00:00:39 - INFO - root:main.py:657 -   http://61.143.15.139:59901  失败次数=57  (failed=4, timeout=53)
2026-09-29 00:00:39 - INFO - root:main.py:657 -   http://192.168.102.1  失败次数=56  (timeout=56)
2026-09-29 00:00:39 - INFO - root:main.py:657 -   http://120.198.86.186:9901  失败次数=56  (failed=1, timeout=55)
2026-09-29 00:00:39 - INFO - root:main.py:657 -   http://218.13.138.139:59901udp:  失败次数=52  (error=52)
2026-09-29 00:00:39 - INFO - root:main.py:657 -   http://124.129.78.63:9901  失败次数=50  (failed=1, timeout=49)
2026-09-29 00:00:39 - INFO - root:main.py:657 -   http://39.150.102.131:19901udp:  失败次数=49  (error=49)
2026-09-29 00:00:39 - INFO - root:main.py:657 -   http://124.152.247.189:21375rtsp:  失败次数=47  (error=47)
2026-09-29 00:00:39 - INFO - root:main.py:657 -   http://112.99.195.122:65000  失败次数=46  (timeout=46)
2026-09-29 00:00:39 - INFO - root:main.py:657 -   http://118.193.115.2:9901  失败次数=45  (failed=17, timeout=28)
2026-09-29 00:00:39 - INFO - root:main.py:657 -   http://61.138.128.226:29901  失败次数=45  (failed=3, timeout=42)
2026-09-29 00:00:39 - INFO - root:main.py:657 -   http://112.234.22.76:9901  失败次数=43  (failed=6, timeout=37)
2026-09-29 00:00:39 - INFO - root:main.py:657 -   http://117.172.235.44:60000  失败次数=43  (failed=5, timeout=38)
2026-09-29 00:00:39 - INFO - root:main.py:657 -   http://120.238.84.45:9901  失败次数=42  (failed=2, timeout=40)
2026-09-29 00:00:39 - INFO - root:main.py:657 -   http://59.39.89.130:60901  失败次数=40  (failed=19, timeout=21)
2026-09-29 00:00:39 - INFO - root:main.py:657 -   http://27.188.74.234:24333  失败次数=39  (failed=2, timeout=37)
2026-09-29 00:00:39 - INFO - root:main.py:657 -   http://139.227.221.147:9901  失败次数=39  (failed=1, timeout=38)
2026-09-29 00:00:39 - INFO - root:main.py:657 -   http://39.164.143.66:13994  失败次数=37  (failed=7, timeout=30)
2026-09-29 00:00:39 - INFO - root:main.py:657 -   http://219.140.6.133:7777  失败次数=35  (timeout=35)
2026-09-29 00:00:39 - INFO - root:main.py:657 -   http://120.233.73.4:19901  失败次数=35  (failed=1, timeout=34)
2026-09-29 00:00:39 - INFO - root:main.py:657 -   http://116.76.254.170:44330  失败次数=35  (timeout=35)
2026-09-29 00:00:39 - INFO - root:main.py:657 -   http://10.34.171.1:4001  失败次数=35  (timeout=35)
2026-09-29 00:00:39 - INFO - root:main.py:657 -   http://192.168.10.200:8008  失败次数=34  (timeout=34)
2026-09-29 00:00:39 - INFO - root:main.py:657 -   http://rihou.cc:555  失败次数=33  (empty=1, timeout=32)
2026-09-29 00:00:39 - INFO - root:main.py:657 -   http://139.196.214.238:5079  失败次数=33  (failed=31, timeout=2)
2026-09-29 00:00:39 - INFO - root:main.py:657 -   http://219.145.93.74:10000  失败次数=32  (failed=5, timeout=27)
2026-09-29 00:00:39 - INFO - root:main.py:657 -   http://112.249.75.196:9989  失败次数=32  (timeout=32)
2026-09-29 00:00:39 - INFO - root:main.py:657 -   http://113.15.109.216:59901  失败次数=31  (timeout=31)
2026-09-29 00:00:39 - INFO - root:main.py:657 -   http://175.0.71.18:8088  失败次数=30  (failed=1, timeout=29)
2026-09-29 00:00:39 - INFO - root:main.py:657 -   http://111.33.88.123:9901rtp:  失败次数=30  (error=30)
2026-09-29 00:00:39 - INFO - root:main.py:657 -   http://111.59.24.227:8181  失败次数=28  (failed=26, timeout=2)
2026-09-29 00:00:39 - INFO - root:main.py:657 -   http://150.138.8.143  失败次数=26  (timeout=26)
2026-09-29 00:00:39 - INFO - root:main.py:657 -   http://183.94.146.79:9901  失败次数=26  (failed=1, timeout=25)
2026-09-29 00:00:39 - INFO - root:main.py:657 -   http://42.225.117.174:11199  失败次数=25  (failed=17, timeout=8)
2026-09-29 00:00:39 - INFO - root:main.py:657 -   http://14.204.32.196:6410  失败次数=24  (timeout=24)
2026-09-29 00:00:39 - INFO - root:main.py:657 -   http://14.204.32.194:6410  失败次数=23  (timeout=23)
2026-09-29 00:00:39 - INFO - root:main.py:657 -   http://183.234.143.5:5555  失败次数=23  (failed=13, timeout=10)
2026-09-29 00:00:39 - INFO - root:main.py:657 -   http://58.17.116.69:9903  失败次数=23  (failed=5, timeout=18)
2026-09-29 00:00:39 - INFO - root:main.py:657 -   http://yulang132.cn:4022  失败次数=22  (timeout=22)
2026-09-29 00:00:39 - INFO - root:main.py:657 -   http://183.223.157.33:9901  失败次数=19  (error=1, failed=2, timeout=16)
2026-09-29 00:00:39 - INFO - root:main.py:657 -   http://111.4.59.41:60901  失败次数=19  (failed=1, timeout=18)
2026-09-29 00:00:39 - INFO - root:main.py:657 -   http://10.34.171.1:4000  失败次数=18  (timeout=18)
2026-09-29 00:00:39 - INFO - root:main.py:657 -   http://221.221.137.78:9000  失败次数=18  (timeout=18)
2026-09-29 00:00:39 - INFO - root:main.py:657 -   http://222.169.85.8:9901  失败次数=18  (timeout=18)
2026-09-29 00:00:39 - INFO - root:main.py:657 -   http://61.143.43.2:9901  失败次数=17  (failed=1, timeout=16)
2026-09-29 00:00:39 - INFO - root:main.py:657 -   http://218.104.239.114:9901  失败次数=16  (timeout=16)
2026-09-29 00:00:39 - INFO - root:main.py:657 -   http://10.34.171.1:4002  失败次数=16  (timeout=16)
2026-09-29 00:00:39 - INFO - root:main.py:657 -   http://111.4.82.49:8008  失败次数=15  (failed=1, timeout=14)
2026-09-29 00:00:39 - INFO - root:main.py:657 -   http://110.53.235.13:19901  失败次数=6  (timeout=6)
2026-09-29 00:00:39 - INFO - root:main.py:657 -   http://36.129.58.18:9901  失败次数=6  (failed=6)
2026-09-29 00:00:39 - INFO - root:main.py:657 -   https://cdn.qd.je  失败次数=6  (failed=6)
2026-09-29 00:00:39 - INFO - root:main.py:657 -   http://111.33.88.123:9901udp:  失败次数=4  (error=4)
2026-09-29 00:00:39 - INFO - root:main.py:657 -   http://tvtj1.jxwltx.com:8003  失败次数=3  (timeout=3)
2026-09-29 00:00:39 - INFO - root:main.py:657 -   http://144.123.220.43:80  失败次数=3  (timeout=3)
2026-09-29 00:00:39 - INFO - root:main.py:657 -   http://tencentplaygzrb01.gztv.com  失败次数=2  (timeout=2)
2026-09-29 00:00:39 - INFO - root:main.py:657 -   http://php.jdshipin.com:8880  失败次数=2  (failed=2)
2026-09-29 00:00:39 - INFO - root:main.py:657 -   http://1.1.1.1:1234.m3u8  失败次数=1  (error=1)
2026-09-29 00:00:39 - INFO - root:main.py:657 -   https://php.jdshipin.com  失败次数=1  (failed=1)
2026-09-29 00:00:39 - INFO - root:main.py:657 -   http://39.165.39.49:19901  失败次数=1  (timeout=1)
2026-09-29 00:00:39 - INFO - root:main.py:657 -   http://192.168.0.254:7700  失败次数=1  (timeout=1)
2026-09-29 00:00:39 - INFO - root:main.py:657 -   http://192.168.100.1  失败次数=1  (timeout=1)
2026-09-29 00:00:39 - INFO - root:main.py:657 -   http://iptv.4666888.xyz  失败次数=1  (error=1)
2026-09-29 00:00:39 - INFO - root:main.py:657 -   http://180.114.162.2:2380  失败次数=1  (timeout=1)
2026-09-29 00:00:39 - INFO - root:main.py:657 -   http://123.157.31.182:7912  失败次数=1  (timeout=1)
2026-09-29 00:00:39 - INFO - root:main.py:657 -   http://144.123.220.47:80  失败次数=1  (timeout=1)
2026-09-29 00:00:39 - INFO - root:main.py:657 -   http://144.123.220.44:80  失败次数=1  (timeout=1)
2026-09-29 00:00:39 - INFO - root:main.py:657 -   http://webcast.hkstv.tv  失败次数=1  (failed=1)
2026-09-29 00:00:39 - INFO - root:main.py:657 -   http://144.123.220.38:80  失败次数=1  (timeout=1)
2026-09-29 00:00:39 - INFO - root:main.py:657 -   http://144.123.220.42:80  失败次数=1  (timeout=1)
2026-09-29 00:00:39 - INFO - root:main.py:726 - [质量检测] 完成
2026-09-29 00:00:39 - INFO - root:main.py:730 - [订阅白名单] 开始抓取保底源...
2026-09-29 00:00:39 - INFO - root:main.py:303 - [抓取] 开始: http://192.168.1.31:2134
2026-09-29 00:00:39 - INFO - root:main.py:303 - [抓取] 开始: http://192.168.1.31:18808/hoy-proxy.txt
2026-09-29 00:00:39 - INFO - root:main.py:303 - [抓取] 开始: http://192.168.1.31:18080/channels.txt
2026-09-29 00:00:49 - ERROR - root:main.py:367 - [抓取] http://192.168.1.31:2134 超时 (>10s)
2026-09-29 00:00:49 - ERROR - root:main.py:367 - [抓取] http://192.168.1.31:18808/hoy-proxy.txt 超时 (>10s)
2026-09-29 00:00:49 - ERROR - root:main.py:367 - [抓取] http://192.168.1.31:18080/channels.txt 超时 (>10s)
2026-09-29 00:00:49 - INFO - root:main.py:276 - [匹配统计] 模板 137 频道，在线 0 URL，匹配 0 URL
2026-09-29 00:00:49 - INFO - root:main.py:734 - [订阅白名单] 匹配到 0 个频道
2026-09-29 00:00:49 - INFO - root:main.py:738 - [汇总] 频道分类 6 个，总频道数 67，总URL数 317
2026-09-29 00:00:49 - INFO - root:main.py:828 - [输出统计] 最终输出 67 频道 / 266 URL
2026-09-29 06:07:14 - INFO - root:main.py:193 - [别名映射] 从 config/alias.txt 加载 10030 条别名规则
2026-09-29 06:07:14 - INFO - root:main.py:666 - [抓取] 执行完整抓取流程，config.source_urls=4 个, hotel=True
2026-09-29 06:07:15 - WARNING - root:main.py:87 - [EPG映射] 从 http://e.erw.cc/e.xml.gz 加载失败，尝试下一个源: HTTPConnectionPool(host='e.erw.cc', port=80): Max retries exceeded with url: /e.xml.gz (Caused by NameResolutionError("HTTPConnection(host='e.erw.cc', port=80): Failed to resolve 'e.erw.cc' ([Errno -5] No address associated with hostname)"))
2026-09-29 06:07:33 - WARNING - root:main.py:87 - [EPG映射] 从 https://gitee.com/taksssss/tv/raw/main/epg/112114.xml.gz 加载失败，尝试下一个源: HTTPSConnectionPool(host='gitee.com', port=443): Read timed out. (read timeout=15)
2026-09-29 06:07:34 - WARNING - root:main.py:87 - [EPG映射] 从 http://epg.51zmt.top:8000/e.xml.gz 加载失败，尝试下一个源: Not a gzipped file (b'<?')
2026-09-29 06:07:34 - WARNING - root:main.py:91 - [EPG映射] 所有 EPG 源均加载失败，将使用默认数字 ID
2026-09-29 06:07:34 - INFO - root:main.py:303 - [抓取] 开始: https://cdn.qd.je/live.m3u
2026-09-29 06:07:34 - INFO - root:main.py:303 - [抓取] 开始: http://rihou.cc:567/gggg.nzk
2026-09-29 06:07:34 - INFO - root:main.py:303 - [抓取] 开始: http://193.123.86.190:14888/TV/iptv.php
2026-09-29 06:07:34 - INFO - root:main.py:303 - [抓取] 开始: https://gh.927223.xyz/https://raw.githubusercontent.com/Kimentanm/aptv/master/m3u/iptv.m3u
2026-09-29 06:07:35 - INFO - root:main.py:312 - [抓取] http://193.123.86.190:14888/TV/iptv.php 获取成功，判断为m3u格式
2026-09-29 06:07:35 - INFO - root:main.py:356 - [抓取] http://193.123.86.190:14888/TV/iptv.php 抓取成功，包含频道分类: 央视频道, 卫视频道, 睛彩频道, 咪视界, 历年春晚, 轮播
2026-09-29 06:07:35 - INFO - root:main.py:357 - [抓取] http://193.123.86.190:14888/TV/iptv.php 共获取 188 个 URL
2026-09-29 06:07:35 - INFO - root:main.py:363 - [抓取] http://193.123.86.190:14888/TV/iptv.php 样本频道: ['CCTV1', 'CCTV1', 'CCTV2', 'CCTV2', 'CCTV3', '安徽卫视', '安徽卫视', '北京卫视', '北京卫视', '重庆卫视']
2026-09-29 06:07:35 - INFO - root:main.py:312 - [抓取] https://gh.927223.xyz/https://raw.githubusercontent.com/Kimentanm/aptv/master/m3u/iptv.m3u 获取成功，判断为m3u格式
2026-09-29 06:07:35 - INFO - root:main.py:356 - [抓取] https://gh.927223.xyz/https://raw.githubusercontent.com/Kimentanm/aptv/master/m3u/iptv.m3u 抓取成功，包含频道分类: 央视IPV4, 卫视IPV4, 卫视IPV4" catchup="append" catchup-source="?playseek=${(b)yyyyMMddHHmmss}-${(e)yyyyMMddHHmmss}, 4K8K频道, 历年春晚
2026-09-29 06:07:35 - INFO - root:main.py:357 - [抓取] https://gh.927223.xyz/https://raw.githubusercontent.com/Kimentanm/aptv/master/m3u/iptv.m3u 共获取 120 个 URL
2026-09-29 06:07:35 - INFO - root:main.py:363 - [抓取] https://gh.927223.xyz/https://raw.githubusercontent.com/Kimentanm/aptv/master/m3u/iptv.m3u 样本频道: ['CCTV1', 'CCTV2', 'CCTV3', 'CCTV4', 'CCTV5', '重温经典', '翡翠台', '五星体育', '湖南卫视', '北京卫视']
2026-09-29 06:07:35 - INFO - root:main.py:312 - [抓取] https://cdn.qd.je/live.m3u 获取成功，判断为m3u格式
2026-09-29 06:07:35 - INFO - root:main.py:356 - [抓取] https://cdn.qd.je/live.m3u 抓取成功，包含频道分类: mytv
2026-09-29 06:07:35 - INFO - root:main.py:357 - [抓取] https://cdn.qd.je/live.m3u 共获取 121 个 URL
2026-09-29 06:07:35 - INFO - root:main.py:363 - [抓取] https://cdn.qd.je/live.m3u 样本频道: ['翡翠台4K(字幕)', '凤凰中文', 'CCTV1港澳版', 'CCTV13', 'TVB Plus(字幕)']
2026-09-29 06:07:37 - INFO - root:main.py:312 - [抓取] http://rihou.cc:567/gggg.nzk 获取成功，判断为txt格式
2026-09-29 06:07:37 - INFO - root:main.py:356 - [抓取] http://rihou.cc:567/gggg.nzk 抓取成功，包含频道分类: 猫TV影视, 欣赏港乐, 赛事精锦, 央卫咪咕, 欣赏频道, 网页音乐, 欣赏音乐, 特闽FYtv, 抖音网页, 荔枝网页, 虎牙频道, 爱奇频道, 广州电信, 童年频道, 亮剑全集, 雪豹全集, 凡人修仙, 华山论剑, Q-三国粤, 大时代粤, 流星花园, 还珠格格, 甄嬛传国, 大地恩情, 粤经典剧, 射雕英雄, 神雕侠侣, 视觉效果
2026-09-29 06:07:37 - INFO - root:main.py:357 - [抓取] http://rihou.cc:567/gggg.nzk 共获取 1573 个 URL
2026-09-29 06:07:37 - INFO - root:main.py:363 - [抓取] http://rihou.cc:567/gggg.nzk 样本频道: ['➡️抖舞陪看⬅️', '➡️白嫖软件⬅️', '➡️免费观看⬅️', '➡️大街网源⬅️', '➡️互相搬助⬅️', '⬇️港乐翻唱⬇️', '林咏诗翻唱一', '林咏诗翻唱二', '林咏诗翻唱三', '⬇️港乐粤翻⬇️']
2026-09-29 06:07:37 - INFO - root:main.py:385 - [抓取] 等待所有源完成...
2026-09-29 06:07:37 - INFO - root:main.py:276 - [匹配统计] 模板 137 频道，在线 2002 URL，匹配 215 URL
2026-09-29 06:07:37 - INFO - root:main.py:673 - [酒店源] 开始抓取...
2026-09-29 06:07:37 - INFO - fetch_hotel:fetch_hotel.py:69 - [酒店源] 共获取 773 个节点
2026-09-29 06:07:37 - INFO - fetch_hotel:fetch_hotel.py:79 - [酒店源] 类型分布: {'txiptv': 728, 'hsmdtv': 25, 'zhgxtv': 10, 'jsmpeg': 10}
2026-09-29 06:07:56 - INFO - fetch_hotel:fetch_hotel.py:272 - [酒店源] 延迟探测 773 个 host，存活 220，取最快 80 个
2026-09-29 06:08:02 - INFO - fetch_hotel:fetch_hotel.py:306 - [酒店源] 解析完成，共 2923 个频道-URL 组合
2026-09-29 06:08:02 - INFO - root:main.py:276 - [匹配统计] 模板 137 频道，在线 2923 URL，匹配 2126 URL
2026-09-29 06:08:02 - INFO - root:main.py:688 - [酒店源] 匹配到 97 个频道
2026-09-29 06:08:02 - INFO - root:main.py:693 - [组播源] 开始抓取...
2026-09-29 06:08:02 - INFO - fetch_multicast:fetch_multicast.py:112 - [组播源] 共 956 条，保留 954 条（dead=0，省份过滤=0，运营商过滤=0）
2026-09-29 06:08:02 - INFO - root:main.py:276 - [匹配统计] 模板 137 频道，在线 954 URL，匹配 492 URL
2026-09-29 06:08:02 - INFO - root:main.py:707 - [组播源] 匹配到 97 个频道
2026-09-29 06:08:02 - INFO - root:main.py:714 - [质量检测] 开始全量检测（无缓存模式）... enable_ffprobe=True, ffprobe_timeout=6s, min_resolution=1080
2026-09-29 06:08:02 - INFO - check:check.py:714 - 开始质量检测，共 2833 个 URL，并发数 10，HTTP 超时 3.5s，FFprobe 启用，超时 6s
2026-09-29 06:09:41 - INFO - check:check.py:699 - [质量检测] 进度: 100/2833 (3%)
2026-09-29 06:11:04 - INFO - check:check.py:699 - [质量检测] 进度: 200/2833 (7%)
2026-09-29 06:12:08 - INFO - check:check.py:699 - [质量检测] 进度: 300/2833 (10%)
2026-09-29 06:13:11 - INFO - check:check.py:699 - [质量检测] 进度: 400/2833 (14%)
2026-09-29 06:14:24 - INFO - check:check.py:699 - [质量检测] 进度: 500/2833 (17%)
2026-09-29 06:15:34 - INFO - check:check.py:699 - [质量检测] 进度: 600/2833 (21%)
2026-09-29 06:16:48 - INFO - check:check.py:699 - [质量检测] 进度: 700/2833 (24%)
2026-09-29 06:17:59 - INFO - check:check.py:699 - [质量检测] 进度: 800/2833 (28%)
2026-09-29 06:19:09 - INFO - check:check.py:699 - [质量检测] 进度: 900/2833 (31%)
2026-09-29 06:20:17 - INFO - check:check.py:699 - [质量检测] 进度: 1000/2833 (35%)
2026-09-29 06:21:05 - INFO - check:check.py:699 - [质量检测] 进度: 1100/2833 (38%)
2026-09-29 06:21:53 - INFO - check:check.py:699 - [质量检测] 进度: 1200/2833 (42%)
2026-09-29 06:22:55 - INFO - check:check.py:699 - [质量检测] 进度: 1300/2833 (45%)
2026-09-29 06:23:52 - INFO - check:check.py:699 - [质量检测] 进度: 1400/2833 (49%)
2026-09-29 06:24:59 - INFO - check:check.py:699 - [质量检测] 进度: 1500/2833 (52%)
2026-09-29 06:25:55 - INFO - check:check.py:699 - [质量检测] 进度: 1600/2833 (56%)
2026-09-29 06:26:53 - INFO - check:check.py:699 - [质量检测] 进度: 1700/2833 (60%)
2026-09-29 06:28:05 - INFO - check:check.py:699 - [质量检测] 进度: 1800/2833 (63%)
2026-09-29 06:29:02 - INFO - check:check.py:699 - [质量检测] 进度: 1900/2833 (67%)
2026-09-29 06:29:49 - INFO - check:check.py:699 - [质量检测] 进度: 2000/2833 (70%)
2026-09-29 06:30:45 - INFO - check:check.py:699 - [质量检测] 进度: 2100/2833 (74%)
2026-09-29 06:31:45 - INFO - check:check.py:699 - [质量检测] 进度: 2200/2833 (77%)
2026-09-29 06:32:40 - INFO - check:check.py:699 - [质量检测] 进度: 2300/2833 (81%)
2026-09-29 06:33:36 - INFO - check:check.py:699 - [质量检测] 进度: 2400/2833 (84%)
2026-09-29 06:34:28 - INFO - check:check.py:699 - [质量检测] 进度: 2500/2833 (88%)
2026-09-29 06:35:21 - INFO - check:check.py:699 - [质量检测] 进度: 2600/2833 (91%)
2026-09-29 06:36:16 - INFO - check:check.py:699 - [质量检测] 进度: 2700/2833 (95%)
2026-09-29 06:37:03 - INFO - check:check.py:699 - [质量检测] 进度: 2800/2833 (98%)
2026-09-29 06:37:25 - INFO - check:check.py:699 - [质量检测] 进度: 2833/2833 (100%)
2026-09-29 06:37:25 - INFO - check:check.py:754 - 质量检测完成: 总计=2719 通过=477 失败=388 超时=1388 错误=466
2026-09-29 06:37:25 - INFO - check:check.py:796 - 过滤后: 保留 268 个有效源，移除 2353 个失效源
2026-09-29 06:37:25 - INFO - root:main.py:655 - [黑名单建议] 以下域名检测频繁失败，可考虑加入 url_blacklist：
2026-09-29 06:37:25 - INFO - root:main.py:657 -   http://yulang132.cn:4022  失败次数=128  (timeout=128)
2026-09-29 06:37:25 - INFO - root:main.py:657 -   http://yy15238.netyiyang.com:8800  失败次数=119  (failed=118, timeout=1)
2026-09-29 06:37:25 - INFO - root:main.py:657 -   http://120.210.193.151:8006  失败次数=110  (timeout=110)
2026-09-29 06:37:25 - INFO - root:main.py:657 -   http://180.159.67.174:60415  失败次数=107  (failed=70, timeout=37)
2026-09-29 06:37:25 - INFO - root:main.py:657 -   http://218.56.123.244:3322udp:  失败次数=67  (error=67)
2026-09-29 06:37:25 - INFO - root:main.py:657 -   http://120.198.84.146:9901udp:  失败次数=61  (error=61)
2026-09-29 06:37:25 - INFO - root:main.py:657 -   http://120.238.94.82:9901udp:  失败次数=58  (error=58)
2026-09-29 06:37:25 - INFO - root:main.py:657 -   http://101.35.240.114:88  失败次数=57  (failed=57)
2026-09-29 06:37:25 - INFO - root:main.py:657 -   http://49.234.31.101:7027udp:  失败次数=56  (error=56)
2026-09-29 06:37:25 - INFO - root:main.py:657 -   http://192.168.102.1  失败次数=56  (timeout=56)
2026-09-29 06:37:25 - INFO - root:main.py:657 -   http://183.239.226.235:9901  失败次数=55  (timeout=55)
2026-09-29 06:37:25 - INFO - root:main.py:657 -   http://183.234.143.5:19901udp:  失败次数=54  (error=54)
2026-09-29 06:37:25 - INFO - root:main.py:657 -   http://49.234.31.101:7316  失败次数=54  (failed=5, timeout=49)
2026-09-29 06:37:25 - INFO - root:main.py:657 -   http://218.13.138.139:59901udp:  失败次数=52  (error=52)
2026-09-29 06:37:25 - INFO - root:main.py:657 -   http://120.198.86.186:9901  失败次数=52  (failed=1, timeout=51)
2026-09-29 06:37:25 - INFO - root:main.py:657 -   http://61.143.15.139:59901  失败次数=50  (failed=4, timeout=46)
2026-09-29 06:37:25 - INFO - root:main.py:657 -   http://39.150.102.131:19901udp:  失败次数=49  (error=49)
2026-09-29 06:37:25 - INFO - root:main.py:657 -   http://112.99.195.122:65000  失败次数=49  (timeout=49)
2026-09-29 06:37:25 - INFO - root:main.py:657 -   http://61.138.128.226:29901  失败次数=48  (failed=4, timeout=44)
2026-09-29 06:37:25 - INFO - root:main.py:657 -   http://124.129.78.63:9901  失败次数=48  (failed=1, timeout=47)
2026-09-29 06:37:25 - INFO - root:main.py:657 -   http://124.152.247.189:21375rtsp:  失败次数=47  (error=47)
2026-09-29 06:37:25 - INFO - root:main.py:657 -   http://112.234.22.76:9901  失败次数=43  (failed=6, timeout=37)
2026-09-29 06:37:25 - INFO - root:main.py:657 -   http://59.39.89.130:60901  失败次数=42  (failed=19, timeout=23)
2026-09-29 06:37:25 - INFO - root:main.py:657 -   http://118.193.115.2:9901  失败次数=41  (failed=17, timeout=24)
2026-09-29 06:37:25 - INFO - root:main.py:657 -   http://27.188.74.234:24333  失败次数=38  (failed=2, timeout=36)
2026-09-29 06:37:25 - INFO - root:main.py:657 -   http://39.164.143.66:13994  失败次数=37  (failed=6, timeout=31)
2026-09-29 06:37:25 - INFO - root:main.py:657 -   http://219.140.6.133:7777  失败次数=35  (timeout=35)
2026-09-29 06:37:25 - INFO - root:main.py:657 -   http://42.225.117.174:11199  失败次数=35  (failed=17, timeout=18)
2026-09-29 06:37:25 - INFO - root:main.py:657 -   http://10.34.171.1:4001  失败次数=35  (timeout=35)
2026-09-29 06:37:25 - INFO - root:main.py:657 -   http://192.168.10.200:8008  失败次数=34  (timeout=34)
2026-09-29 06:37:25 - INFO - root:main.py:657 -   http://rihou.cc:555  失败次数=33  (empty=1, failed=1, timeout=31)
2026-09-29 06:37:25 - INFO - root:main.py:657 -   http://112.249.75.196:9989  失败次数=33  (timeout=33)
2026-09-29 06:37:25 - INFO - root:main.py:657 -   http://139.227.221.147:9901  失败次数=33  (timeout=33)
2026-09-29 06:37:25 - INFO - root:main.py:657 -   http://175.0.71.18:8088  失败次数=30  (failed=1, timeout=29)
2026-09-29 06:37:25 - INFO - root:main.py:657 -   http://111.33.88.123:9901rtp:  失败次数=30  (error=30)
2026-09-29 06:37:25 - INFO - root:main.py:657 -   http://219.145.93.74:10000  失败次数=29  (failed=5, timeout=24)
2026-09-29 06:37:25 - INFO - root:main.py:657 -   http://218.104.239.114:9901  失败次数=29  (timeout=29)
2026-09-29 06:37:25 - INFO - root:main.py:657 -   http://150.138.8.143  失败次数=26  (timeout=26)
2026-09-29 06:37:25 - INFO - root:main.py:657 -   http://111.59.24.227:8181  失败次数=26  (failed=26)
2026-09-29 06:37:25 - INFO - root:main.py:657 -   http://113.15.109.216:59901  失败次数=26  (timeout=26)
2026-09-29 06:37:25 - INFO - root:main.py:657 -   http://120.233.73.4:19901  失败次数=25  (failed=1, timeout=24)
2026-09-29 06:37:25 - INFO - root:main.py:657 -   http://120.238.84.45:9901  失败次数=25  (timeout=25)
2026-09-29 06:37:25 - INFO - root:main.py:657 -   http://14.204.32.196:6410  失败次数=24  (timeout=24)
2026-09-29 06:37:25 - INFO - root:main.py:657 -   http://14.204.32.194:6410  失败次数=23  (timeout=23)
2026-09-29 06:37:25 - INFO - root:main.py:657 -   http://183.234.143.5:5555  失败次数=23  (failed=15, timeout=8)
2026-09-29 06:37:25 - INFO - root:main.py:657 -   http://111.4.82.49:8008  失败次数=18  (timeout=18)
2026-09-29 06:37:25 - INFO - root:main.py:657 -   http://10.34.171.1:4000  失败次数=18  (timeout=18)
2026-09-29 06:37:25 - INFO - root:main.py:657 -   http://221.221.137.78:9000  失败次数=17  (timeout=17)
2026-09-29 06:37:25 - INFO - root:main.py:657 -   http://183.223.157.33:9901  失败次数=17  (timeout=17)
2026-09-29 06:37:25 - INFO - root:main.py:657 -   http://111.4.59.41:60901  失败次数=16  (failed=1, timeout=15)
2026-09-29 06:37:25 - INFO - root:main.py:657 -   http://10.34.171.1:4002  失败次数=16  (timeout=16)
2026-09-29 06:37:25 - INFO - root:main.py:657 -   http://183.94.146.79:9901  失败次数=15  (failed=1, timeout=14)
2026-09-29 06:37:25 - INFO - root:main.py:657 -   http://222.169.85.8:9901  失败次数=10  (timeout=10)
2026-09-29 06:37:25 - INFO - root:main.py:657 -   http://110.53.235.13:19901  失败次数=8  (timeout=8)
2026-09-29 06:37:25 - INFO - root:main.py:657 -   https://cdn.qd.je  失败次数=8  (failed=6, timeout=2)
2026-09-29 06:37:25 - INFO - root:main.py:657 -   http://61.143.43.2:9901  失败次数=8  (timeout=8)
2026-09-29 06:37:25 - INFO - root:main.py:657 -   http://36.129.58.18:9901  失败次数=6  (failed=6)
2026-09-29 06:37:25 - INFO - root:main.py:657 -   http://111.33.88.123:9901udp:  失败次数=4  (error=4)
2026-09-29 06:37:25 - INFO - root:main.py:657 -   http://tvtj1.jxwltx.com:8003  失败次数=3  (timeout=3)
2026-09-29 06:37:25 - INFO - root:main.py:657 -   http://144.123.220.43:80  失败次数=3  (timeout=3)
2026-09-29 06:37:25 - INFO - root:main.py:657 -   http://119.39.9.8:9901  失败次数=2  (timeout=2)
2026-09-29 06:37:25 - INFO - root:main.py:657 -   http://tencentplaygzrb01.gztv.com  失败次数=2  (timeout=2)
2026-09-29 06:37:25 - INFO - root:main.py:657 -   http://php.jdshipin.com:8880  失败次数=2  (failed=2)
2026-09-29 06:37:25 - INFO - root:main.py:657 -   http://111.59.139.82:11888  失败次数=2  (timeout=2)
2026-09-29 06:37:25 - INFO - root:main.py:657 -   http://1.1.1.1:1234.m3u8  失败次数=1  (error=1)
2026-09-29 06:37:25 - INFO - root:main.py:657 -   https://php.jdshipin.com  失败次数=1  (failed=1)
2026-09-29 06:37:25 - INFO - root:main.py:657 -   http://39.165.39.49:19901  失败次数=1  (timeout=1)
2026-09-29 06:37:25 - INFO - root:main.py:657 -   http://192.168.0.254:7700  失败次数=1  (timeout=1)
2026-09-29 06:37:25 - INFO - root:main.py:657 -   http://192.168.100.1  失败次数=1  (timeout=1)
2026-09-29 06:37:25 - INFO - root:main.py:657 -   http://iptv.4666888.xyz  失败次数=1  (error=1)
2026-09-29 06:37:25 - INFO - root:main.py:657 -   http://180.114.162.2:2380  失败次数=1  (timeout=1)
2026-09-29 06:37:25 - INFO - root:main.py:657 -   http://123.138.216.44:9901  失败次数=1  (timeout=1)
2026-09-29 06:37:25 - INFO - root:main.py:657 -   http://144.123.220.47:80  失败次数=1  (timeout=1)
2026-09-29 06:37:25 - INFO - root:main.py:657 -   http://144.123.220.44:80  失败次数=1  (timeout=1)
2026-09-29 06:37:25 - INFO - root:main.py:657 -   http://webcast.hkstv.tv  失败次数=1  (timeout=1)
2026-09-29 06:37:25 - INFO - root:main.py:657 -   http://144.123.220.38:80  失败次数=1  (timeout=1)
2026-09-29 06:37:25 - INFO - root:main.py:657 -   http://144.123.220.42:80  失败次数=1  (timeout=1)
2026-09-29 06:37:25 - INFO - root:main.py:726 - [质量检测] 完成
2026-09-29 06:37:25 - INFO - root:main.py:730 - [订阅白名单] 开始抓取保底源...
2026-09-29 06:37:25 - INFO - root:main.py:303 - [抓取] 开始: http://192.168.1.31:2134
2026-09-29 06:37:25 - INFO - root:main.py:303 - [抓取] 开始: http://192.168.1.31:18808/hoy-proxy.txt
2026-09-29 06:37:25 - INFO - root:main.py:303 - [抓取] 开始: http://192.168.1.31:18080/channels.txt
2026-09-29 06:37:36 - ERROR - root:main.py:367 - [抓取] http://192.168.1.31:2134 超时 (>10s)
2026-09-29 06:37:36 - ERROR - root:main.py:367 - [抓取] http://192.168.1.31:18808/hoy-proxy.txt 超时 (>10s)
2026-09-29 06:37:36 - ERROR - root:main.py:367 - [抓取] http://192.168.1.31:18080/channels.txt 超时 (>10s)
2026-09-29 06:37:36 - INFO - root:main.py:276 - [匹配统计] 模板 137 频道，在线 0 URL，匹配 0 URL
2026-09-29 06:37:36 - INFO - root:main.py:734 - [订阅白名单] 匹配到 0 个频道
2026-09-29 06:37:36 - INFO - root:main.py:738 - [汇总] 频道分类 6 个，总频道数 62，总URL数 268
2026-09-29 06:37:36 - INFO - root:main.py:828 - [输出统计] 最终输出 62 频道 / 217 URL
2026-09-30 06:07:15 - INFO - root:main.py:193 - [别名映射] 从 config/alias.txt 加载 10030 条别名规则
2026-09-30 06:07:15 - INFO - root:main.py:666 - [抓取] 执行完整抓取流程，config.source_urls=4 个, hotel=True
2026-09-30 06:07:15 - WARNING - root:main.py:87 - [EPG映射] 从 http://e.erw.cc/e.xml.gz 加载失败，尝试下一个源: HTTPConnectionPool(host='e.erw.cc', port=80): Max retries exceeded with url: /e.xml.gz (Caused by NameResolutionError("HTTPConnection(host='e.erw.cc', port=80): Failed to resolve 'e.erw.cc' ([Errno -5] No address associated with hostname)"))
2026-09-30 06:07:22 - INFO - root:main.py:85 - [EPG映射] 从 https://gitee.com/taksssss/tv/raw/main/epg/112114.xml.gz 加载成功
2026-09-30 06:07:23 - INFO - root:main.py:85 - [EPG映射] 从 http://epg.51zmt.top:8000/e.xml.gz 加载成功
2026-09-30 06:07:23 - INFO - root:main.py:89 - [EPG映射] 共合并加载 534 个频道 ID
2026-09-30 06:07:23 - INFO - root:main.py:303 - [抓取] 开始: https://cdn.qd.je/live.m3u
2026-09-30 06:07:23 - INFO - root:main.py:303 - [抓取] 开始: http://rihou.cc:567/gggg.nzk
2026-09-30 06:07:23 - INFO - root:main.py:303 - [抓取] 开始: http://193.123.86.190:14888/TV/iptv.php
2026-09-30 06:07:23 - INFO - root:main.py:303 - [抓取] 开始: https://gh.927223.xyz/https://raw.githubusercontent.com/Kimentanm/aptv/master/m3u/iptv.m3u
2026-09-30 06:07:24 - INFO - root:main.py:312 - [抓取] http://193.123.86.190:14888/TV/iptv.php 获取成功，判断为m3u格式
2026-09-30 06:07:24 - INFO - root:main.py:356 - [抓取] http://193.123.86.190:14888/TV/iptv.php 抓取成功，包含频道分类: 央视频道, 卫视频道, 睛彩频道, 咪视界, 历年春晚, 轮播
2026-09-30 06:07:24 - INFO - root:main.py:357 - [抓取] http://193.123.86.190:14888/TV/iptv.php 共获取 188 个 URL
2026-09-30 06:07:24 - INFO - root:main.py:363 - [抓取] http://193.123.86.190:14888/TV/iptv.php 样本频道: ['CCTV1', 'CCTV1', 'CCTV2', 'CCTV2', 'CCTV3', '安徽卫视', '安徽卫视', '北京卫视', '北京卫视', '重庆卫视']
2026-09-30 06:07:24 - INFO - root:main.py:312 - [抓取] https://cdn.qd.je/live.m3u 获取成功，判断为m3u格式
2026-09-30 06:07:24 - INFO - root:main.py:356 - [抓取] https://cdn.qd.je/live.m3u 抓取成功，包含频道分类: mytv
2026-09-30 06:07:24 - INFO - root:main.py:357 - [抓取] https://cdn.qd.je/live.m3u 共获取 121 个 URL
2026-09-30 06:07:24 - INFO - root:main.py:363 - [抓取] https://cdn.qd.je/live.m3u 样本频道: ['翡翠台4K(字幕)', '凤凰中文', 'CCTV1港澳版', 'CCTV13', 'TVB Plus(字幕)']
2026-09-30 06:07:24 - ERROR - root:main.py:369 - [抓取] https://gh.927223.xyz/https://raw.githubusercontent.com/Kimentanm/aptv/master/m3u/iptv.m3u 网络错误: ClientResponseError: 403, message='Forbidden', url='https://gh.927223.xyz/https://raw.githubusercontent.com/Kimentanm/aptv/master/m3u/iptv.m3u'
2026-09-30 06:07:26 - INFO - root:main.py:312 - [抓取] http://rihou.cc:567/gggg.nzk 获取成功，判断为txt格式
2026-09-30 06:07:26 - INFO - root:main.py:356 - [抓取] http://rihou.cc:567/gggg.nzk 抓取成功，包含频道分类: 猫TV影视, 欣赏港乐, 赛事精锦, 央卫咪咕, 欣赏频道, 网页音乐, 欣赏音乐, 特闽FYtv, 抖音网页, 荔枝网页, 虎牙频道, 爱奇频道, 广州电信, 童年频道, 亮剑全集, 雪豹全集, 凡人修仙, 华山论剑, Q-三国粤, 大时代粤, 流星花园, 还珠格格, 甄嬛传国, 大地恩情, 粤经典剧, 射雕英雄, 神雕侠侣, 视觉效果
2026-09-30 06:07:26 - INFO - root:main.py:357 - [抓取] http://rihou.cc:567/gggg.nzk 共获取 1573 个 URL
2026-09-30 06:07:26 - INFO - root:main.py:363 - [抓取] http://rihou.cc:567/gggg.nzk 样本频道: ['➡️抖舞陪看⬅️', '➡️白嫖软件⬅️', '➡️免费观看⬅️', '➡️大街网源⬅️', '➡️互相搬助⬅️', '⬇️港乐翻唱⬇️', '林咏诗翻唱一', '林咏诗翻唱二', '林咏诗翻唱三', '⬇️港乐粤翻⬇️']
2026-09-30 06:07:26 - INFO - root:main.py:385 - [抓取] 等待所有源完成...
2026-09-30 06:07:26 - INFO - root:main.py:276 - [匹配统计] 模板 137 频道，在线 1882 URL，匹配 157 URL
2026-09-30 06:07:26 - INFO - root:main.py:673 - [酒店源] 开始抓取...
2026-09-30 06:07:26 - INFO - fetch_hotel:fetch_hotel.py:69 - [酒店源] 共获取 772 个节点
2026-09-30 06:07:26 - INFO - fetch_hotel:fetch_hotel.py:79 - [酒店源] 类型分布: {'txiptv': 728, 'hsmdtv': 25, 'zhgxtv': 10, 'jsmpeg': 9}
2026-09-30 06:07:46 - INFO - fetch_hotel:fetch_hotel.py:272 - [酒店源] 延迟探测 772 个 host，存活 202，取最快 80 个
2026-09-30 06:08:02 - INFO - fetch_hotel:fetch_hotel.py:306 - [酒店源] 解析完成，共 2805 个频道-URL 组合
2026-09-30 06:08:02 - INFO - root:main.py:276 - [匹配统计] 模板 137 频道，在线 2805 URL，匹配 2103 URL
2026-09-30 06:08:02 - INFO - root:main.py:688 - [酒店源] 匹配到 97 个频道
2026-09-30 06:08:02 - INFO - root:main.py:693 - [组播源] 开始抓取...
2026-09-30 06:08:02 - INFO - fetch_multicast:fetch_multicast.py:112 - [组播源] 共 775 条，保留 773 条（dead=0，省份过滤=0，运营商过滤=0）
2026-09-30 06:08:02 - INFO - root:main.py:276 - [匹配统计] 模板 137 频道，在线 773 URL，匹配 394 URL
2026-09-30 06:08:02 - INFO - root:main.py:707 - [组播源] 匹配到 97 个频道
2026-09-30 06:08:02 - INFO - root:main.py:714 - [质量检测] 开始全量检测（无缓存模式）... enable_ffprobe=True, ffprobe_timeout=6s, min_resolution=1080
2026-09-30 06:08:02 - INFO - check:check.py:714 - 开始质量检测，共 2654 个 URL，并发数 10，HTTP 超时 3.5s，FFprobe 启用，超时 6s
2026-09-30 06:09:26 - INFO - check:check.py:699 - [质量检测] 进度: 100/2654 (3%)
2026-09-30 06:10:52 - INFO - check:check.py:699 - [质量检测] 进度: 200/2654 (7%)
2026-09-30 06:12:20 - INFO - check:check.py:699 - [质量检测] 进度: 300/2654 (11%)
2026-09-30 06:13:29 - INFO - check:check.py:699 - [质量检测] 进度: 400/2654 (15%)
2026-09-30 06:14:48 - INFO - check:check.py:699 - [质量检测] 进度: 500/2654 (18%)
2026-09-30 06:16:06 - INFO - check:check.py:699 - [质量检测] 进度: 600/2654 (22%)
2026-09-30 06:17:11 - INFO - check:check.py:699 - [质量检测] 进度: 700/2654 (26%)
2026-09-30 06:18:42 - INFO - check:check.py:699 - [质量检测] 进度: 800/2654 (30%)
2026-09-30 06:20:00 - INFO - check:check.py:699 - [质量检测] 进度: 900/2654 (33%)
2026-09-30 06:21:12 - INFO - check:check.py:699 - [质量检测] 进度: 1000/2654 (37%)
2026-09-30 06:22:11 - INFO - check:check.py:699 - [质量检测] 进度: 1100/2654 (41%)
2026-09-30 06:23:11 - INFO - check:check.py:699 - [质量检测] 进度: 1200/2654 (45%)
2026-09-30 06:24:12 - INFO - check:check.py:699 - [质量检测] 进度: 1300/2654 (48%)
2026-09-30 06:25:19 - INFO - check:check.py:699 - [质量检测] 进度: 1400/2654 (52%)
2026-09-30 06:26:20 - INFO - check:check.py:699 - [质量检测] 进度: 1500/2654 (56%)
2026-09-30 06:27:18 - INFO - check:check.py:699 - [质量检测] 进度: 1600/2654 (60%)
2026-09-30 06:28:30 - INFO - check:check.py:699 - [质量检测] 进度: 1700/2654 (64%)
2026-09-30 06:29:27 - INFO - check:check.py:699 - [质量检测] 进度: 1800/2654 (67%)
2026-09-30 06:30:25 - INFO - check:check.py:699 - [质量检测] 进度: 1900/2654 (71%)
2026-09-30 06:31:24 - INFO - check:check.py:699 - [质量检测] 进度: 2000/2654 (75%)
2026-09-30 06:32:21 - INFO - check:check.py:699 - [质量检测] 进度: 2100/2654 (79%)
2026-09-30 06:33:14 - INFO - check:check.py:699 - [质量检测] 进度: 2200/2654 (82%)
2026-09-30 06:34:07 - INFO - check:check.py:699 - [质量检测] 进度: 2300/2654 (86%)
2026-09-30 06:35:06 - INFO - check:check.py:699 - [质量检测] 进度: 2400/2654 (90%)
2026-09-30 06:36:01 - INFO - check:check.py:699 - [质量检测] 进度: 2500/2654 (94%)
2026-09-30 06:36:51 - INFO - check:check.py:699 - [质量检测] 进度: 2600/2654 (97%)
2026-09-30 06:37:43 - INFO - check:check.py:699 - [质量检测] 进度: 2654/2654 (100%)
2026-09-30 06:37:43 - INFO - check:check.py:754 - 质量检测完成: 总计=2523 通过=553 失败=390 超时=1171 错误=409
2026-09-30 06:37:43 - INFO - check:check.py:796 - 过滤后: 保留 306 个有效源，移除 2155 个失效源
2026-09-30 06:37:43 - INFO - root:main.py:655 - [黑名单建议] 以下域名检测频繁失败，可考虑加入 url_blacklist：
2026-09-30 06:37:43 - INFO - root:main.py:657 -   http://yy15238.netyiyang.com:8800  失败次数=119  (failed=114, timeout=5)
2026-09-30 06:37:43 - INFO - root:main.py:657 -   http://180.159.67.174:60415  失败次数=118  (failed=118)
2026-09-30 06:37:43 - INFO - root:main.py:657 -   http://120.210.193.151:8006  失败次数=110  (timeout=110)
2026-09-30 06:37:43 - INFO - root:main.py:657 -   http://218.56.123.244:3322udp:  失败次数=67  (error=67)
2026-09-30 06:37:43 - INFO - root:main.py:657 -   http://120.198.84.146:9901udp:  失败次数=61  (error=61)
2026-09-30 06:37:43 - INFO - root:main.py:657 -   http://120.238.94.82:9901udp:  失败次数=58  (error=58)
2026-09-30 06:37:43 - INFO - root:main.py:657 -   http://192.168.102.1  失败次数=56  (timeout=56)
2026-09-30 06:37:43 - INFO - root:main.py:657 -   http://183.239.226.235:9901  失败次数=55  (timeout=55)
2026-09-30 06:37:43 - INFO - root:main.py:657 -   http://183.234.143.5:19901udp:  失败次数=54  (error=54)
2026-09-30 06:37:43 - INFO - root:main.py:657 -   http://218.13.138.139:59901udp:  失败次数=52  (error=52)
2026-09-30 06:37:43 - INFO - root:main.py:657 -   http://39.150.102.131:19901udp:  失败次数=49  (error=49)
2026-09-30 06:37:43 - INFO - root:main.py:657 -   http://61.143.15.139:59901  失败次数=49  (failed=4, timeout=45)
2026-09-30 06:37:43 - INFO - root:main.py:657 -   http://124.129.78.63:9901  失败次数=49  (failed=1, timeout=48)
2026-09-30 06:37:43 - INFO - root:main.py:657 -   http://124.152.247.189:21375rtsp:  失败次数=47  (error=47)
2026-09-30 06:37:43 - INFO - root:main.py:657 -   http://61.138.128.226:29901  失败次数=46  (failed=4, timeout=42)
2026-09-30 06:37:43 - INFO - root:main.py:657 -   http://118.193.115.2:9901  失败次数=44  (failed=17, timeout=27)
2026-09-30 06:37:43 - INFO - root:main.py:657 -   http://112.234.22.76:9901  失败次数=43  (failed=6, timeout=37)
2026-09-30 06:37:43 - INFO - root:main.py:657 -   http://59.39.89.130:60901  失败次数=43  (failed=19, timeout=24)
2026-09-30 06:37:43 - INFO - root:main.py:657 -   http://113.15.109.216:59901  失败次数=42  (timeout=42)
2026-09-30 06:37:43 - INFO - root:main.py:657 -   http://27.188.74.234:24333  失败次数=38  (failed=2, timeout=36)
2026-09-30 06:37:43 - INFO - root:main.py:657 -   http://39.164.143.66:13994  失败次数=37  (failed=8, timeout=29)
2026-09-30 06:37:43 - INFO - root:main.py:657 -   http://219.140.6.133:7777  失败次数=36  (timeout=36)
2026-09-30 06:37:43 - INFO - root:main.py:657 -   http://42.225.117.174:11199  失败次数=35  (failed=17, timeout=18)
2026-09-30 06:37:43 - INFO - root:main.py:657 -   http://116.76.254.170:44330  失败次数=35  (timeout=35)
2026-09-30 06:37:43 - INFO - root:main.py:657 -   http://10.34.171.1:4001  失败次数=35  (timeout=35)
2026-09-30 06:37:43 - INFO - root:main.py:657 -   http://192.168.10.200:8008  失败次数=34  (timeout=34)
2026-09-30 06:37:43 - INFO - root:main.py:657 -   http://rihou.cc:555  失败次数=33  (empty=1, failed=1, timeout=31)
2026-09-30 06:37:43 - INFO - root:main.py:657 -   http://139.227.221.147:9901  失败次数=33  (timeout=33)
2026-09-30 06:37:43 - INFO - root:main.py:657 -   http://219.145.93.74:10000  失败次数=31  (failed=5, timeout=26)
2026-09-30 06:37:43 - INFO - root:main.py:657 -   http://175.0.71.18:8088  失败次数=30  (failed=1, timeout=29)
2026-09-30 06:37:43 - INFO - root:main.py:657 -   http://120.238.84.45:9901  失败次数=30  (failed=4, timeout=26)
2026-09-30 06:37:43 - INFO - root:main.py:657 -   http://yulang132.cn:4022  失败次数=30  (timeout=30)
2026-09-30 06:37:43 - INFO - root:main.py:657 -   http://111.33.88.123:9901rtp:  失败次数=30  (error=30)
2026-09-30 06:37:43 - INFO - root:main.py:657 -   http://120.233.73.4:19901  失败次数=27  (failed=1, timeout=26)
2026-09-30 06:37:43 - INFO - root:main.py:657 -   http://112.99.195.122:65000  失败次数=27  (timeout=27)
2026-09-30 06:37:43 - INFO - root:main.py:657 -   http://120.198.86.186:9901  失败次数=26  (failed=1, timeout=25)
2026-09-30 06:37:43 - INFO - root:main.py:657 -   http://111.59.24.227:8181  失败次数=26  (failed=26)
2026-09-30 06:37:43 - INFO - root:main.py:657 -   http://223.14.160.166:9901  失败次数=25  (timeout=25)
2026-09-30 06:37:43 - INFO - root:main.py:657 -   http://14.204.32.196:6410  失败次数=24  (timeout=24)
2026-09-30 06:37:43 - INFO - root:main.py:657 -   http://14.204.32.194:6410  失败次数=23  (timeout=23)
2026-09-30 06:37:43 - INFO - root:main.py:657 -   http://183.234.143.5:5555  失败次数=23  (failed=15, timeout=8)
2026-09-30 06:37:43 - INFO - root:main.py:657 -   http://218.104.239.114:9901  失败次数=21  (timeout=21)
2026-09-30 06:37:43 - INFO - root:main.py:657 -   http://221.221.137.78:9000  失败次数=20  (timeout=20)
2026-09-30 06:37:43 - INFO - root:main.py:657 -   http://111.4.59.41:60901  失败次数=19  (failed=6, timeout=13)
2026-09-30 06:37:43 - INFO - root:main.py:657 -   http://222.169.85.8:9901  失败次数=19  (timeout=19)
2026-09-30 06:37:43 - INFO - root:main.py:657 -   http://10.34.171.1:4000  失败次数=18  (timeout=18)
2026-09-30 06:37:43 - INFO - root:main.py:657 -   http://10.34.171.1:4002  失败次数=16  (timeout=16)
2026-09-30 06:37:43 - INFO - root:main.py:657 -   http://111.4.82.49:8008  失败次数=15  (timeout=15)
2026-09-30 06:37:43 - INFO - root:main.py:657 -   http://183.94.146.79:9901  失败次数=15  (failed=1, timeout=14)
2026-09-30 06:37:43 - INFO - root:main.py:657 -   http://183.223.157.33:9901  失败次数=12  (timeout=12)
2026-09-30 06:37:43 - INFO - root:main.py:657 -   https://cdn.qd.je  失败次数=10  (failed=7, timeout=3)
2026-09-30 06:37:43 - INFO - root:main.py:657 -   http://61.143.43.2:9901  失败次数=8  (timeout=8)
2026-09-30 06:37:43 - INFO - root:main.py:657 -   http://58.17.116.69:9903  失败次数=8  (failed=5, timeout=3)
2026-09-30 06:37:43 - INFO - root:main.py:657 -   http://36.129.58.18:9901  失败次数=6  (failed=6)
2026-09-30 06:37:43 - INFO - root:main.py:657 -   http://110.53.235.13:19901  失败次数=6  (timeout=6)
2026-09-30 06:37:43 - INFO - root:main.py:657 -   http://111.33.88.123:9901udp:  失败次数=4  (error=4)
2026-09-30 06:37:43 - INFO - root:main.py:657 -   https://php.jdshipin.com  失败次数=3  (failed=1, timeout=2)
2026-09-30 06:37:43 - INFO - root:main.py:657 -   http://tvtj1.jxwltx.com:8003  失败次数=3  (timeout=3)
2026-09-30 06:37:43 - INFO - root:main.py:657 -   http://tencentplaygzrb01.gztv.com  失败次数=2  (timeout=2)
2026-09-30 06:37:43 - INFO - root:main.py:657 -   http://php.jdshipin.com:8880  失败次数=2  (failed=2)
2026-09-30 06:37:43 - INFO - root:main.py:657 -   http://119.39.9.8:9901  失败次数=1  (timeout=1)
2026-09-30 06:37:43 - INFO - root:main.py:657 -   http://1.1.1.1:1234.m3u8  失败次数=1  (error=1)
2026-09-30 06:37:43 - INFO - root:main.py:657 -   http://39.165.39.49:19901  失败次数=1  (timeout=1)
2026-09-30 06:37:43 - INFO - root:main.py:657 -   http://192.168.0.254:7700  失败次数=1  (timeout=1)
2026-09-30 06:37:43 - INFO - root:main.py:657 -   http://58.32.42.54:6140  失败次数=1  (failed=1)
2026-09-30 06:37:43 - INFO - root:main.py:657 -   http://192.168.100.1  失败次数=1  (timeout=1)
2026-09-30 06:37:43 - INFO - root:main.py:657 -   http://iptv.4666888.xyz  失败次数=1  (error=1)
2026-09-30 06:37:43 - INFO - root:main.py:657 -   http://180.114.162.2:2380  失败次数=1  (timeout=1)
2026-09-30 06:37:43 - INFO - root:main.py:657 -   http://webcast.hkstv.tv  失败次数=1  (failed=1)
2026-09-30 06:37:43 - INFO - root:main.py:726 - [质量检测] 完成
2026-09-30 06:37:43 - INFO - root:main.py:730 - [订阅白名单] 开始抓取保底源...
2026-09-30 06:37:43 - INFO - root:main.py:303 - [抓取] 开始: http://192.168.1.31:2134
2026-09-30 06:37:43 - INFO - root:main.py:303 - [抓取] 开始: http://192.168.1.31:18808/hoy-proxy.txt
2026-09-30 06:37:43 - INFO - root:main.py:303 - [抓取] 开始: http://192.168.1.31:18080/channels.txt
2026-09-30 06:37:54 - ERROR - root:main.py:367 - [抓取] http://192.168.1.31:2134 超时 (>10s)
2026-09-30 06:37:54 - ERROR - root:main.py:367 - [抓取] http://192.168.1.31:18808/hoy-proxy.txt 超时 (>10s)
2026-09-30 06:37:54 - ERROR - root:main.py:367 - [抓取] http://192.168.1.31:18080/channels.txt 超时 (>10s)
2026-09-30 06:37:54 - INFO - root:main.py:276 - [匹配统计] 模板 137 频道，在线 0 URL，匹配 0 URL
2026-09-30 06:37:54 - INFO - root:main.py:734 - [订阅白名单] 匹配到 0 个频道
2026-09-30 06:37:54 - INFO - root:main.py:738 - [汇总] 频道分类 6 个，总频道数 64，总URL数 306
2026-09-30 06:37:54 - INFO - root:main.py:828 - [输出统计] 最终输出 64 频道 / 245 URL
2026-10-01 06:07:39 - INFO - root:main.py:193 - [别名映射] 从 config/alias.txt 加载 10030 条别名规则
2026-10-01 06:07:39 - INFO - root:main.py:666 - [抓取] 执行完整抓取流程，config.source_urls=4 个, hotel=True
2026-10-01 06:07:39 - WARNING - root:main.py:87 - [EPG映射] 从 http://e.erw.cc/e.xml.gz 加载失败，尝试下一个源: HTTPConnectionPool(host='e.erw.cc', port=80): Max retries exceeded with url: /e.xml.gz (Caused by NameResolutionError("HTTPConnection(host='e.erw.cc', port=80): Failed to resolve 'e.erw.cc' ([Errno -5] No address associated with hostname)"))
2026-10-01 06:07:46 - INFO - root:main.py:85 - [EPG映射] 从 https://gitee.com/taksssss/tv/raw/main/epg/112114.xml.gz 加载成功
2026-10-01 06:07:47 - INFO - root:main.py:85 - [EPG映射] 从 http://epg.51zmt.top:8000/e.xml.gz 加载成功
2026-10-01 06:07:47 - INFO - root:main.py:89 - [EPG映射] 共合并加载 530 个频道 ID
2026-10-01 06:07:47 - INFO - root:main.py:303 - [抓取] 开始: https://cdn.qd.je/live.m3u
2026-10-01 06:07:47 - INFO - root:main.py:303 - [抓取] 开始: http://rihou.cc:567/gggg.nzk
2026-10-01 06:07:47 - INFO - root:main.py:303 - [抓取] 开始: http://193.123.86.190:14888/TV/iptv.php
2026-10-01 06:07:47 - INFO - root:main.py:303 - [抓取] 开始: https://gh.927223.xyz/https://raw.githubusercontent.com/Kimentanm/aptv/master/m3u/iptv.m3u
2026-10-01 06:07:47 - INFO - root:main.py:312 - [抓取] http://193.123.86.190:14888/TV/iptv.php 获取成功，判断为m3u格式
2026-10-01 06:07:47 - INFO - root:main.py:356 - [抓取] http://193.123.86.190:14888/TV/iptv.php 抓取成功，包含频道分类: 央视频道, 卫视频道, 睛彩频道, 咪视界, 历年春晚, 轮播
2026-10-01 06:07:47 - INFO - root:main.py:357 - [抓取] http://193.123.86.190:14888/TV/iptv.php 共获取 188 个 URL
2026-10-01 06:07:47 - INFO - root:main.py:363 - [抓取] http://193.123.86.190:14888/TV/iptv.php 样本频道: ['CCTV1', 'CCTV1', 'CCTV2', 'CCTV2', 'CCTV3', '安徽卫视', '安徽卫视', '北京卫视', '北京卫视', '重庆卫视']
2026-10-01 06:07:47 - INFO - root:main.py:312 - [抓取] https://cdn.qd.je/live.m3u 获取成功，判断为m3u格式
2026-10-01 06:07:47 - INFO - root:main.py:356 - [抓取] https://cdn.qd.je/live.m3u 抓取成功，包含频道分类: mytv
2026-10-01 06:07:47 - INFO - root:main.py:357 - [抓取] https://cdn.qd.je/live.m3u 共获取 121 个 URL
2026-10-01 06:07:47 - INFO - root:main.py:363 - [抓取] https://cdn.qd.je/live.m3u 样本频道: ['翡翠台4K(字幕)', '凤凰中文', 'CCTV1港澳版', 'CCTV13', 'TVB Plus(字幕)']
2026-10-01 06:07:48 - ERROR - root:main.py:369 - [抓取] https://gh.927223.xyz/https://raw.githubusercontent.com/Kimentanm/aptv/master/m3u/iptv.m3u 网络错误: ClientResponseError: 403, message='Forbidden', url='https://gh.927223.xyz/https://raw.githubusercontent.com/Kimentanm/aptv/master/m3u/iptv.m3u'
2026-10-01 06:07:49 - INFO - root:main.py:312 - [抓取] http://rihou.cc:567/gggg.nzk 获取成功，判断为txt格式
2026-10-01 06:07:49 - INFO - root:main.py:356 - [抓取] http://rihou.cc:567/gggg.nzk 抓取成功，包含频道分类: 猫TV影视, 欣赏港乐, 赛事精锦, 央卫咪咕, 欣赏Pdtv, 欣赏频道, 网页音乐, 欣赏音乐, 特闽FYtv, 抖音网页, 荔枝网页, 虎牙频道, 爱奇频道, 广州电信, 童年频道, 亮剑全集, 雪豹全集, 凡人修仙, 华山论剑, Q-三国粤, 大时代粤, 流星花园, 还珠格格, 甄嬛传国, 大地恩情, 粤经典剧, 射雕英雄, 神雕侠侣, 视觉效果
2026-10-01 06:07:49 - INFO - root:main.py:357 - [抓取] http://rihou.cc:567/gggg.nzk 共获取 1615 个 URL
2026-10-01 06:07:49 - INFO - root:main.py:363 - [抓取] http://rihou.cc:567/gggg.nzk 样本频道: ['➡️抖舞陪看⬅️', '➡️白嫖软件⬅️', '➡️免费观看⬅️', '➡️大街网源⬅️', '➡️互相搬助⬅️', '⬇️港乐翻唱⬇️', '林咏诗翻唱一', '林咏诗翻唱二', '林咏诗翻唱三', '⬇️港乐粤翻⬇️']
2026-10-01 06:07:49 - INFO - root:main.py:385 - [抓取] 等待所有源完成...
2026-10-01 06:07:49 - INFO - root:main.py:276 - [匹配统计] 模板 137 频道，在线 1924 URL，匹配 166 URL
2026-10-01 06:07:49 - INFO - root:main.py:673 - [酒店源] 开始抓取...
2026-10-01 06:07:50 - INFO - fetch_hotel:fetch_hotel.py:69 - [酒店源] 共获取 744 个节点
2026-10-01 06:07:50 - INFO - fetch_hotel:fetch_hotel.py:79 - [酒店源] 类型分布: {'txiptv': 721, 'hsmdtv': 23}
2026-10-01 06:08:08 - INFO - fetch_hotel:fetch_hotel.py:272 - [酒店源] 延迟探测 744 个 host，存活 200，取最快 80 个
2026-10-01 06:08:14 - INFO - fetch_hotel:fetch_hotel.py:306 - [酒店源] 解析完成，共 2686 个频道-URL 组合
2026-10-01 06:08:14 - INFO - root:main.py:276 - [匹配统计] 模板 137 频道，在线 2686 URL，匹配 1973 URL
2026-10-01 06:08:14 - INFO - root:main.py:688 - [酒店源] 匹配到 99 个频道
2026-10-01 06:08:14 - INFO - root:main.py:693 - [组播源] 开始抓取...
2026-10-01 06:08:14 - INFO - fetch_multicast:fetch_multicast.py:112 - [组播源] 共 1602 条，保留 1601 条（dead=0，省份过滤=0，运营商过滤=0）
2026-10-01 06:08:14 - INFO - root:main.py:276 - [匹配统计] 模板 137 频道，在线 1601 URL，匹配 748 URL
2026-10-01 06:08:14 - INFO - root:main.py:707 - [组播源] 匹配到 99 个频道
2026-10-01 06:08:14 - INFO - root:main.py:714 - [质量检测] 开始全量检测（无缓存模式）... enable_ffprobe=True, ffprobe_timeout=6s, min_resolution=1080
2026-10-01 06:08:14 - INFO - check:check.py:714 - 开始质量检测，共 2887 个 URL，并发数 10，HTTP 超时 3.5s，FFprobe 启用，超时 6s
2026-10-01 06:09:38 - INFO - check:check.py:699 - [质量检测] 进度: 100/2887 (3%)
2026-10-01 06:10:58 - INFO - check:check.py:699 - [质量检测] 进度: 200/2887 (6%)
2026-10-01 06:12:12 - INFO - check:check.py:699 - [质量检测] 进度: 300/2887 (10%)
2026-10-01 06:13:23 - INFO - check:check.py:699 - [质量检测] 进度: 400/2887 (13%)
2026-10-01 06:14:44 - INFO - check:check.py:699 - [质量检测] 进度: 500/2887 (17%)
2026-10-01 06:15:54 - INFO - check:check.py:699 - [质量检测] 进度: 600/2887 (20%)
2026-10-01 06:17:13 - INFO - check:check.py:699 - [质量检测] 进度: 700/2887 (24%)
2026-10-01 06:18:28 - INFO - check:check.py:699 - [质量检测] 进度: 800/2887 (27%)
2026-10-01 06:19:48 - INFO - check:check.py:699 - [质量检测] 进度: 900/2887 (31%)
2026-10-01 06:20:57 - INFO - check:check.py:699 - [质量检测] 进度: 1000/2887 (34%)
2026-10-01 06:22:04 - INFO - check:check.py:699 - [质量检测] 进度: 1100/2887 (38%)
2026-10-01 06:22:53 - INFO - check:check.py:699 - [质量检测] 进度: 1200/2887 (41%)
2026-10-01 06:23:52 - INFO - check:check.py:699 - [质量检测] 进度: 1300/2887 (45%)
2026-10-01 06:24:53 - INFO - check:check.py:699 - [质量检测] 进度: 1400/2887 (48%)
2026-10-01 06:25:58 - INFO - check:check.py:699 - [质量检测] 进度: 1500/2887 (51%)
2026-10-01 06:26:58 - INFO - check:check.py:699 - [质量检测] 进度: 1600/2887 (55%)
2026-10-01 06:28:01 - INFO - check:check.py:699 - [质量检测] 进度: 1700/2887 (58%)
2026-10-01 06:29:07 - INFO - check:check.py:699 - [质量检测] 进度: 1800/2887 (62%)
2026-10-01 06:30:06 - INFO - check:check.py:699 - [质量检测] 进度: 1900/2887 (65%)
2026-10-01 06:31:08 - INFO - check:check.py:699 - [质量检测] 进度: 2000/2887 (69%)
2026-10-01 06:32:09 - INFO - check:check.py:699 - [质量检测] 进度: 2100/2887 (72%)
2026-10-01 06:33:01 - INFO - check:check.py:699 - [质量检测] 进度: 2200/2887 (76%)
2026-10-01 06:33:52 - INFO - check:check.py:699 - [质量检测] 进度: 2300/2887 (79%)
2026-10-01 06:34:47 - INFO - check:check.py:699 - [质量检测] 进度: 2400/2887 (83%)
2026-10-01 06:35:51 - INFO - check:check.py:699 - [质量检测] 进度: 2500/2887 (86%)
2026-10-01 06:37:02 - INFO - check:check.py:699 - [质量检测] 进度: 2600/2887 (90%)
2026-10-01 06:38:04 - INFO - check:check.py:699 - [质量检测] 进度: 2700/2887 (93%)
2026-10-01 06:38:56 - INFO - check:check.py:699 - [质量检测] 进度: 2800/2887 (96%)
2026-10-01 06:39:42 - INFO - check:check.py:699 - [质量检测] 进度: 2887/2887 (100%)
2026-10-01 06:39:42 - INFO - check:check.py:754 - 质量检测完成: 总计=2752 通过=779 失败=304 超时=1255 错误=414
2026-10-01 06:39:42 - INFO - check:check.py:796 - 过滤后: 保留 388 个有效源，移除 2315 个失效源
2026-10-01 06:39:42 - INFO - root:main.py:655 - [黑名单建议] 以下域名检测频繁失败，可考虑加入 url_blacklist：
2026-10-01 06:39:42 - INFO - root:main.py:657 -   http://yy15238.netyiyang.com:8800  失败次数=119  (failed=119)
2026-10-01 06:39:42 - INFO - root:main.py:657 -   http://183.184.150.60:8005  失败次数=116  (failed=9, timeout=107)
2026-10-01 06:39:42 - INFO - root:main.py:657 -   http://120.210.193.151:8006  失败次数=110  (timeout=110)
2026-10-01 06:39:42 - INFO - root:main.py:657 -   http://116.168.205.5:4022  失败次数=96  (timeout=96)
2026-10-01 06:39:42 - INFO - root:main.py:657 -   http://218.56.123.244:3322udp:  失败次数=67  (error=67)
2026-10-01 06:39:42 - INFO - root:main.py:657 -   http://120.198.84.146:9901udp:  失败次数=61  (error=61)
2026-10-01 06:39:42 - INFO - root:main.py:657 -   http://120.238.94.82:9901udp:  失败次数=58  (error=58)
2026-10-01 06:39:42 - INFO - root:main.py:657 -   http://49.234.31.101:7027udp:  失败次数=56  (error=56)
2026-10-01 06:39:42 - INFO - root:main.py:657 -   http://192.168.102.1  失败次数=56  (timeout=56)
2026-10-01 06:39:42 - INFO - root:main.py:657 -   http://183.234.143.5:19901udp:  失败次数=54  (error=54)
2026-10-01 06:39:42 - INFO - root:main.py:657 -   http://49.234.31.101:7316  失败次数=54  (error=1, failed=5, timeout=48)
2026-10-01 06:39:42 - INFO - root:main.py:657 -   http://124.129.78.63:9901  失败次数=50  (failed=1, timeout=49)
2026-10-01 06:39:42 - INFO - root:main.py:657 -   http://39.150.102.131:19901udp:  失败次数=49  (error=49)
2026-10-01 06:39:42 - INFO - root:main.py:657 -   http://124.152.247.189:21375rtsp:  失败次数=47  (error=47)
2026-10-01 06:39:42 - INFO - root:main.py:657 -   http://61.143.15.139:59901  失败次数=47  (failed=4, timeout=43)
2026-10-01 06:39:42 - INFO - root:main.py:657 -   http://61.138.128.226:29901  失败次数=47  (failed=2, timeout=45)
2026-10-01 06:39:42 - INFO - root:main.py:657 -   http://112.234.22.76:9901  失败次数=43  (failed=6, timeout=37)
2026-10-01 06:39:42 - INFO - root:main.py:657 -   http://120.198.86.186:9901  失败次数=43  (failed=1, timeout=42)
2026-10-01 06:39:42 - INFO - root:main.py:657 -   http://121.17.69.138:8081  失败次数=42  (timeout=42)
2026-10-01 06:39:42 - INFO - root:main.py:657 -   http://120.238.84.45:9901  失败次数=41  (failed=5, timeout=36)
2026-10-01 06:39:42 - INFO - root:main.py:657 -   http://yulang132.cn:4022  失败次数=40  (timeout=40)
2026-10-01 06:39:42 - INFO - root:main.py:657 -   http://27.188.74.234:24333  失败次数=39  (failed=2, timeout=37)
2026-10-01 06:39:42 - INFO - root:main.py:657 -   http://113.15.109.216:59901  失败次数=39  (timeout=39)
2026-10-01 06:39:42 - INFO - root:main.py:657 -   http://120.27.63.14:30006  失败次数=38  (timeout=38)
2026-10-01 06:39:42 - INFO - root:main.py:657 -   http://39.164.143.66:13994  失败次数=37  (failed=5, timeout=32)
2026-10-01 06:39:42 - INFO - root:main.py:657 -   http://116.76.254.170:44330  失败次数=35  (timeout=35)
2026-10-01 06:39:42 - INFO - root:main.py:657 -   http://10.34.171.1:4001  失败次数=35  (timeout=35)
2026-10-01 06:39:42 - INFO - root:main.py:657 -   http://192.168.10.200:8008  失败次数=34  (timeout=34)
2026-10-01 06:39:42 - INFO - root:main.py:657 -   http://42.225.117.174:11199  失败次数=34  (failed=17, timeout=17)
2026-10-01 06:39:42 - INFO - root:main.py:657 -   http://118.193.115.2:9901  失败次数=33  (failed=17, timeout=16)
2026-10-01 06:39:42 - INFO - root:main.py:657 -   http://219.145.93.74:10000  失败次数=30  (failed=5, timeout=25)
2026-10-01 06:39:42 - INFO - root:main.py:657 -   http://175.0.71.18:8088  失败次数=30  (failed=1, timeout=29)
2026-10-01 06:39:42 - INFO - root:main.py:657 -   http://111.33.88.123:9901rtp:  失败次数=30  (error=30)
2026-10-01 06:39:42 - INFO - root:main.py:657 -   http://111.4.59.41:60901  失败次数=29  (failed=29)
2026-10-01 06:39:42 - INFO - root:main.py:657 -   http://59.39.89.130:60901  失败次数=26  (failed=19, timeout=7)
2026-10-01 06:39:42 - INFO - root:main.py:657 -   http://rihou.cc:555  失败次数=25  (empty=1, failed=23, timeout=1)
2026-10-01 06:39:42 - INFO - root:main.py:657 -   http://183.234.143.5:5555  失败次数=23  (failed=15, timeout=8)
2026-10-01 06:39:42 - INFO - root:main.py:657 -   http://139.227.221.147:9901  失败次数=20  (timeout=20)
2026-10-01 06:39:42 - INFO - root:main.py:657 -   http://221.221.137.78:9000  失败次数=20  (timeout=20)
2026-10-01 06:39:42 - INFO - root:main.py:657 -   http://111.4.82.49:8008  失败次数=19  (timeout=19)
2026-10-01 06:39:42 - INFO - root:main.py:657 -   http://10.34.171.1:4000  失败次数=18  (timeout=18)
2026-10-01 06:39:42 - INFO - root:main.py:657 -   http://222.169.85.8:9901  失败次数=17  (timeout=17)
2026-10-01 06:39:42 - INFO - root:main.py:657 -   http://10.34.171.1:4002  失败次数=16  (timeout=16)
2026-10-01 06:39:42 - INFO - root:main.py:657 -   http://223.14.160.166:9901  失败次数=15  (timeout=15)
2026-10-01 06:39:42 - INFO - root:main.py:657 -   http://112.99.195.122:65000  失败次数=15  (timeout=15)
2026-10-01 06:39:42 - INFO - root:main.py:657 -   http://58.17.116.69:9903  失败次数=15  (failed=5, timeout=10)
2026-10-01 06:39:42 - INFO - root:main.py:657 -   http://183.223.157.33:9901  失败次数=12  (timeout=12)
2026-10-01 06:39:42 - INFO - root:main.py:657 -   http://183.94.146.79:9901  失败次数=12  (failed=1, timeout=11)
2026-10-01 06:39:42 - INFO - root:main.py:657 -   https://cdn.qd.je  失败次数=9  (failed=6, timeout=3)
2026-10-01 06:39:42 - INFO - root:main.py:657 -   http://36.129.58.18:9901  失败次数=6  (failed=6)
2026-10-01 06:39:42 - INFO - root:main.py:657 -   http://61.143.43.2:9901  失败次数=6  (timeout=6)
2026-10-01 06:39:42 - INFO - root:main.py:657 -   http://110.53.235.13:19901  失败次数=5  (timeout=5)
2026-10-01 06:39:42 - INFO - root:main.py:657 -   http://123.157.31.182:7912  失败次数=4  (failed=1, timeout=3)
2026-10-01 06:39:42 - INFO - root:main.py:657 -   http://111.33.88.123:9901udp:  失败次数=4  (error=4)
2026-10-01 06:39:42 - INFO - root:main.py:657 -   http://218.104.239.114:9901  失败次数=3  (timeout=3)
2026-10-01 06:39:42 - INFO - root:main.py:657 -   http://tvtj1.jxwltx.com:8003  失败次数=3  (timeout=3)
2026-10-01 06:39:42 - INFO - root:main.py:657 -   https://php.jdshipin.com  失败次数=2  (failed=2)
2026-10-01 06:39:42 - INFO - root:main.py:657 -   http://153.0.171.163:9901  失败次数=2  (timeout=2)
2026-10-01 06:39:42 - INFO - root:main.py:657 -   http://180.159.67.174:60415  失败次数=2  (timeout=2)
2026-10-01 06:39:42 - INFO - root:main.py:657 -   http://tencentplaygzrb01.gztv.com  失败次数=2  (timeout=2)
2026-10-01 06:39:42 - INFO - root:main.py:657 -   http://php.jdshipin.com:8880  失败次数=2  (failed=2)
2026-10-01 06:39:42 - INFO - root:main.py:657 -   http://1.1.1.1:1234.m3u8  失败次数=1  (error=1)
2026-10-01 06:39:42 - INFO - root:main.py:657 -   http://39.165.39.49:19901  失败次数=1  (timeout=1)
2026-10-01 06:39:42 - INFO - root:main.py:657 -   http://192.168.0.254:7700  失败次数=1  (timeout=1)
2026-10-01 06:39:42 - INFO - root:main.py:657 -   http://192.168.100.1  失败次数=1  (timeout=1)
2026-10-01 06:39:42 - INFO - root:main.py:657 -   http://iptv.4666888.xyz  失败次数=1  (error=1)
2026-10-01 06:39:42 - INFO - root:main.py:657 -   http://180.114.162.2:2380  失败次数=1  (timeout=1)
2026-10-01 06:39:42 - INFO - root:main.py:657 -   http://webcast.hkstv.tv  失败次数=1  (failed=1)
2026-10-01 06:39:42 - INFO - root:main.py:726 - [质量检测] 完成
2026-10-01 06:39:42 - INFO - root:main.py:730 - [订阅白名单] 开始抓取保底源...
2026-10-01 06:39:42 - INFO - root:main.py:303 - [抓取] 开始: http://192.168.1.31:2134
2026-10-01 06:39:42 - INFO - root:main.py:303 - [抓取] 开始: http://192.168.1.31:18808/hoy-proxy.txt
2026-10-01 06:39:42 - INFO - root:main.py:303 - [抓取] 开始: http://192.168.1.31:18080/channels.txt
2026-10-01 06:39:52 - ERROR - root:main.py:367 - [抓取] http://192.168.1.31:2134 超时 (>10s)
2026-10-01 06:39:52 - ERROR - root:main.py:367 - [抓取] http://192.168.1.31:18808/hoy-proxy.txt 超时 (>10s)
2026-10-01 06:39:52 - ERROR - root:main.py:367 - [抓取] http://192.168.1.31:18080/channels.txt 超时 (>10s)
2026-10-01 06:39:52 - INFO - root:main.py:276 - [匹配统计] 模板 137 频道，在线 0 URL，匹配 0 URL
2026-10-01 06:39:52 - INFO - root:main.py:734 - [订阅白名单] 匹配到 0 个频道
2026-10-01 06:39:52 - INFO - root:main.py:738 - [汇总] 频道分类 6 个，总频道数 65，总URL数 388
2026-10-01 06:39:52 - INFO - root:main.py:828 - [输出统计] 最终输出 65 频道 / 315 URL
2026-10-02 06:06:57 - INFO - root:main.py:193 - [别名映射] 从 config/alias.txt 加载 10030 条别名规则
2026-10-02 06:06:57 - INFO - root:main.py:666 - [抓取] 执行完整抓取流程，config.source_urls=4 个, hotel=True
2026-10-02 06:06:58 - WARNING - root:main.py:87 - [EPG映射] 从 http://e.erw.cc/e.xml.gz 加载失败，尝试下一个源: HTTPConnectionPool(host='e.erw.cc', port=80): Max retries exceeded with url: /e.xml.gz (Caused by NameResolutionError("HTTPConnection(host='e.erw.cc', port=80): Failed to resolve 'e.erw.cc' ([Errno -5] No address associated with hostname)"))
2026-10-02 06:07:05 - INFO - root:main.py:85 - [EPG映射] 从 https://gitee.com/taksssss/tv/raw/main/epg/112114.xml.gz 加载成功
2026-10-02 06:07:07 - INFO - root:main.py:85 - [EPG映射] 从 http://epg.51zmt.top:8000/e.xml.gz 加载成功
2026-10-02 06:07:07 - INFO - root:main.py:89 - [EPG映射] 共合并加载 528 个频道 ID
2026-10-02 06:07:07 - INFO - root:main.py:303 - [抓取] 开始: https://cdn.qd.je/live.m3u
2026-10-02 06:07:07 - INFO - root:main.py:303 - [抓取] 开始: http://rihou.cc:567/gggg.nzk
2026-10-02 06:07:07 - INFO - root:main.py:303 - [抓取] 开始: http://193.123.86.190:14888/TV/iptv.php
2026-10-02 06:07:07 - INFO - root:main.py:303 - [抓取] 开始: https://gh.927223.xyz/https://raw.githubusercontent.com/Kimentanm/aptv/master/m3u/iptv.m3u
2026-10-02 06:07:07 - ERROR - root:main.py:369 - [抓取] https://gh.927223.xyz/https://raw.githubusercontent.com/Kimentanm/aptv/master/m3u/iptv.m3u 网络错误: ClientResponseError: 403, message='Forbidden', url='https://gh.927223.xyz/https://raw.githubusercontent.com/Kimentanm/aptv/master/m3u/iptv.m3u'
2026-10-02 06:07:07 - INFO - root:main.py:312 - [抓取] http://193.123.86.190:14888/TV/iptv.php 获取成功，判断为m3u格式
2026-10-02 06:07:07 - INFO - root:main.py:356 - [抓取] http://193.123.86.190:14888/TV/iptv.php 抓取成功，包含频道分类: 央视频道, 卫视频道, 睛彩频道, 咪视界, 历年春晚, 轮播
2026-10-02 06:07:07 - INFO - root:main.py:357 - [抓取] http://193.123.86.190:14888/TV/iptv.php 共获取 188 个 URL
2026-10-02 06:07:07 - INFO - root:main.py:363 - [抓取] http://193.123.86.190:14888/TV/iptv.php 样本频道: ['CCTV1', 'CCTV1', 'CCTV2', 'CCTV2', 'CCTV3', '安徽卫视', '安徽卫视', '北京卫视', '北京卫视', '重庆卫视']
2026-10-02 06:07:07 - INFO - root:main.py:312 - [抓取] https://cdn.qd.je/live.m3u 获取成功，判断为m3u格式
2026-10-02 06:07:07 - INFO - root:main.py:356 - [抓取] https://cdn.qd.je/live.m3u 抓取成功，包含频道分类: mytv
2026-10-02 06:07:07 - INFO - root:main.py:357 - [抓取] https://cdn.qd.je/live.m3u 共获取 121 个 URL
2026-10-02 06:07:07 - INFO - root:main.py:363 - [抓取] https://cdn.qd.je/live.m3u 样本频道: ['翡翠台4K(字幕)', '凤凰中文', 'CCTV1港澳版', 'CCTV13', 'TVB Plus(字幕)']
2026-10-02 06:07:09 - INFO - root:main.py:312 - [抓取] http://rihou.cc:567/gggg.nzk 获取成功，判断为txt格式
2026-10-02 06:07:09 - INFO - root:main.py:356 - [抓取] http://rihou.cc:567/gggg.nzk 抓取成功，包含频道分类: 猫TV影视, 欣赏港乐, 赛事精锦, 央卫咪咕, 欣赏Pdtv, 欣赏频道, 网页音乐, 欣赏音乐, 特闽FYtv, 抖音网页, 荔枝网页, 虎牙频道, 爱奇频道, 广州电信, 童年频道, 亮剑全集, 雪豹全集, 凡人修仙, 华山论剑, Q-三国粤, 大时代粤, 流星花园, 还珠格格, 甄嬛传国, 大地恩情, 粤经典剧, 射雕英雄, 神雕侠侣, 视觉效果
2026-10-02 06:07:09 - INFO - root:main.py:357 - [抓取] http://rihou.cc:567/gggg.nzk 共获取 1615 个 URL
2026-10-02 06:07:09 - INFO - root:main.py:363 - [抓取] http://rihou.cc:567/gggg.nzk 样本频道: ['➡️抖舞陪看⬅️', '➡️白嫖软件⬅️', '➡️免费观看⬅️', '➡️大街网源⬅️', '➡️互相搬助⬅️', '⬇️港乐翻唱⬇️', '林咏诗翻唱一', '林咏诗翻唱二', '林咏诗翻唱三', '⬇️港乐粤翻⬇️']
2026-10-02 06:07:09 - INFO - root:main.py:385 - [抓取] 等待所有源完成...
2026-10-02 06:07:09 - INFO - root:main.py:276 - [匹配统计] 模板 137 频道，在线 1924 URL，匹配 166 URL
2026-10-02 06:07:09 - INFO - root:main.py:673 - [酒店源] 开始抓取...
2026-10-02 06:07:09 - INFO - fetch_hotel:fetch_hotel.py:69 - [酒店源] 共获取 994 个节点
2026-10-02 06:07:09 - INFO - fetch_hotel:fetch_hotel.py:79 - [酒店源] 类型分布: {'txiptv': 966, 'hsmdtv': 28}
2026-10-02 06:07:35 - INFO - fetch_hotel:fetch_hotel.py:272 - [酒店源] 延迟探测 994 个 host，存活 259，取最快 80 个
2026-10-02 06:07:39 - INFO - fetch_hotel:fetch_hotel.py:306 - [酒店源] 解析完成，共 2624 个频道-URL 组合
2026-10-02 06:07:39 - INFO - root:main.py:276 - [匹配统计] 模板 137 频道，在线 2624 URL，匹配 1876 URL
2026-10-02 06:07:39 - INFO - root:main.py:688 - [酒店源] 匹配到 98 个频道
2026-10-02 06:07:39 - INFO - root:main.py:693 - [组播源] 开始抓取...
2026-10-02 06:07:39 - INFO - fetch_multicast:fetch_multicast.py:112 - [组播源] 共 1145 条，保留 1138 条（dead=0，省份过滤=0，运营商过滤=0）
2026-10-02 06:07:39 - INFO - root:main.py:276 - [匹配统计] 模板 137 频道，在线 1138 URL，匹配 489 URL
2026-10-02 06:07:39 - INFO - root:main.py:707 - [组播源] 匹配到 98 个频道
2026-10-02 06:07:39 - INFO - root:main.py:714 - [质量检测] 开始全量检测（无缓存模式）... enable_ffprobe=True, ffprobe_timeout=6s, min_resolution=1080
2026-10-02 06:07:39 - INFO - check:check.py:714 - 开始质量检测，共 2531 个 URL，并发数 10，HTTP 超时 3.5s，FFprobe 启用，超时 6s
2026-10-02 06:09:21 - INFO - check:check.py:699 - [质量检测] 进度: 100/2531 (3%)
2026-10-02 06:10:52 - INFO - check:check.py:699 - [质量检测] 进度: 200/2531 (7%)
2026-10-02 06:12:31 - INFO - check:check.py:699 - [质量检测] 进度: 300/2531 (11%)
2026-10-02 06:14:02 - INFO - check:check.py:699 - [质量检测] 进度: 400/2531 (15%)
2026-10-02 06:15:29 - INFO - check:check.py:699 - [质量检测] 进度: 500/2531 (19%)
2026-10-02 06:16:55 - INFO - check:check.py:699 - [质量检测] 进度: 600/2531 (23%)
2026-10-02 06:18:14 - INFO - check:check.py:699 - [质量检测] 进度: 700/2531 (27%)
2026-10-02 06:19:40 - INFO - check:check.py:699 - [质量检测] 进度: 800/2531 (31%)
2026-10-02 06:20:53 - INFO - check:check.py:699 - [质量检测] 进度: 900/2531 (35%)
2026-10-02 06:21:59 - INFO - check:check.py:699 - [质量检测] 进度: 1000/2531 (39%)
2026-10-02 06:23:07 - INFO - check:check.py:699 - [质量检测] 进度: 1100/2531 (43%)
2026-10-02 06:24:14 - INFO - check:check.py:699 - [质量检测] 进度: 1200/2531 (47%)
2026-10-02 06:25:28 - INFO - check:check.py:699 - [质量检测] 进度: 1300/2531 (51%)
2026-10-02 06:26:46 - INFO - check:check.py:699 - [质量检测] 进度: 1400/2531 (55%)
2026-10-02 06:28:03 - INFO - check:check.py:699 - [质量检测] 进度: 1500/2531 (59%)
2026-10-02 06:29:20 - INFO - check:check.py:699 - [质量检测] 进度: 1600/2531 (63%)
2026-10-02 06:30:33 - INFO - check:check.py:699 - [质量检测] 进度: 1700/2531 (67%)
2026-10-02 06:31:45 - INFO - check:check.py:699 - [质量检测] 进度: 1800/2531 (71%)
2026-10-02 06:33:01 - INFO - check:check.py:699 - [质量检测] 进度: 1900/2531 (75%)
2026-10-02 06:34:00 - INFO - check:check.py:699 - [质量检测] 进度: 2000/2531 (79%)
2026-10-02 06:35:08 - INFO - check:check.py:699 - [质量检测] 进度: 2100/2531 (82%)
2026-10-02 06:36:18 - INFO - check:check.py:699 - [质量检测] 进度: 2200/2531 (86%)
2026-10-02 06:37:27 - INFO - check:check.py:699 - [质量检测] 进度: 2300/2531 (90%)
2026-10-02 06:38:28 - INFO - check:check.py:699 - [质量检测] 进度: 2400/2531 (94%)
2026-10-02 06:39:33 - INFO - check:check.py:699 - [质量检测] 进度: 2500/2531 (98%)
2026-10-02 06:39:50 - INFO - check:check.py:699 - [质量检测] 进度: 2531/2531 (100%)
2026-10-02 06:39:50 - INFO - check:check.py:754 - 质量检测完成: 总计=2424 通过=693 失败=204 超时=1325 错误=202
2026-10-02 06:39:50 - INFO - check:check.py:796 - 过滤后: 保留 467 个有效源，移除 1911 个失效源
2026-10-02 06:39:50 - INFO - root:main.py:655 - [黑名单建议] 以下域名检测频繁失败，可考虑加入 url_blacklist：
2026-10-02 06:39:50 - INFO - root:main.py:657 -   http://183.188.23.58:6000  失败次数=106  (timeout=106)
2026-10-02 06:39:50 - INFO - root:main.py:657 -   http://116.168.205.5:4022  失败次数=96  (timeout=96)
2026-10-02 06:39:50 - INFO - root:main.py:657 -   http://219.155.108.79:7000  失败次数=94  (timeout=94)
2026-10-02 06:39:50 - INFO - root:main.py:657 -   http://120.210.193.151:8006  失败次数=65  (timeout=65)
2026-10-02 06:39:50 - INFO - root:main.py:657 -   http://139.214.182.28:9901  失败次数=58  (failed=13, timeout=45)
2026-10-02 06:39:50 - INFO - root:main.py:657 -   http://139.214.183.177:9901  失败次数=58  (failed=20, timeout=38)
2026-10-02 06:39:50 - INFO - root:main.py:657 -   http://120.238.94.82:9901udp:  失败次数=58  (error=58)
2026-10-02 06:39:50 - INFO - root:main.py:657 -   http://139.227.221.147:9901  失败次数=57  (timeout=57)
2026-10-02 06:39:50 - INFO - root:main.py:657 -   http://192.168.102.1  失败次数=56  (timeout=56)
2026-10-02 06:39:50 - INFO - root:main.py:657 -   http://39.165.128.110:19901udp:  失败次数=52  (error=52)
2026-10-02 06:39:50 - INFO - root:main.py:657 -   http://182.207.218.174:999  失败次数=50  (timeout=50)
2026-10-02 06:39:50 - INFO - root:main.py:657 -   http://124.129.78.63:9901  失败次数=50  (failed=1, timeout=49)
2026-10-02 06:39:50 - INFO - root:main.py:657 -   http://39.150.102.131:19901udp:  失败次数=49  (error=49)
2026-10-02 06:39:50 - INFO - root:main.py:657 -   http://175.0.78.167:9999  失败次数=46  (timeout=46)
2026-10-02 06:39:50 - INFO - root:main.py:657 -   http://175.7.144.3:8001  失败次数=45  (timeout=45)
2026-10-02 06:39:50 - INFO - root:main.py:657 -   http://125.93.74.27:9002  失败次数=45  (timeout=45)
2026-10-02 06:39:50 - INFO - root:main.py:657 -   http://121.17.69.138:8081  失败次数=43  (timeout=43)
2026-10-02 06:39:50 - INFO - root:main.py:657 -   http://113.201.61.98:9901  失败次数=39  (failed=39)
2026-10-02 06:39:50 - INFO - root:main.py:657 -   http://182.37.41.46:8154  失败次数=39  (timeout=39)
2026-10-02 06:39:50 - INFO - root:main.py:657 -   http://192.168.10.200:8008  失败次数=34  (timeout=34)
2026-10-02 06:39:50 - INFO - root:main.py:657 -   http://183.239.248.218:8181  失败次数=34  (failed=1, timeout=33)
2026-10-02 06:39:50 - INFO - root:main.py:657 -   http://120.238.84.45:9901  失败次数=34  (failed=3, timeout=31)
2026-10-02 06:39:50 - INFO - root:main.py:657 -   http://118.193.115.2:9901  失败次数=34  (failed=17, timeout=17)
2026-10-02 06:39:50 - INFO - root:main.py:657 -   http://59.39.89.130:60901  失败次数=34  (failed=19, timeout=15)
2026-10-02 06:39:50 - INFO - root:main.py:657 -   http://171.8.87.99:9901  失败次数=32  (timeout=32)
2026-10-02 06:39:50 - INFO - root:main.py:657 -   http://219.145.93.74:10000  失败次数=32  (failed=5, timeout=27)
2026-10-02 06:39:50 - INFO - root:main.py:657 -   http://111.59.24.227:8181  失败次数=32  (failed=17, timeout=15)
2026-10-02 06:39:50 - INFO - root:main.py:657 -   http://111.33.88.123:9901rtp:  失败次数=30  (error=30)
2026-10-02 06:39:50 - INFO - root:main.py:657 -   http://rihou.cc:555  失败次数=29  (empty=1, failed=26, timeout=2)
2026-10-02 06:39:50 - INFO - root:main.py:657 -   http://101.18.30.18:808  失败次数=29  (failed=2, timeout=27)
2026-10-02 06:39:50 - INFO - root:main.py:657 -   http://16.0.0.1:4001  失败次数=28  (timeout=28)
2026-10-02 06:39:50 - INFO - root:main.py:657 -   http://222.214.208.34:59901  失败次数=28  (timeout=28)
2026-10-02 06:39:50 - INFO - root:main.py:657 -   http://150.138.8.143  失败次数=26  (timeout=26)
2026-10-02 06:39:50 - INFO - root:main.py:657 -   http://218.104.239.114:9901  失败次数=24  (timeout=24)
2026-10-02 06:39:50 - INFO - root:main.py:657 -   http://183.234.143.5:5555  失败次数=23  (failed=15, timeout=8)
2026-10-02 06:39:50 - INFO - root:main.py:657 -   http://120.198.86.186:9901  失败次数=23  (failed=1, timeout=22)
2026-10-02 06:39:50 - INFO - root:main.py:657 -   http://113.26.202.52:1299  失败次数=22  (failed=6, timeout=16)
2026-10-02 06:39:50 - INFO - root:main.py:657 -   http://221.221.137.78:9000  失败次数=18  (timeout=18)
2026-10-02 06:39:50 - INFO - root:main.py:657 -   http://221.221.137.78:8000  失败次数=18  (timeout=18)
2026-10-02 06:39:50 - INFO - root:main.py:657 -   http://116.77.33.98:44330  失败次数=17  (error=1, timeout=16)
2026-10-02 06:39:50 - INFO - root:main.py:657 -   http://183.223.157.33:9901  失败次数=15  (timeout=15)
2026-10-02 06:39:50 - INFO - root:main.py:657 -   http://183.94.146.79:9901  失败次数=10  (failed=1, timeout=9)
2026-10-02 06:39:50 - INFO - root:main.py:657 -   http://61.143.43.2:9901  失败次数=8  (timeout=8)
2026-10-02 06:39:50 - INFO - root:main.py:657 -   http://111.4.82.49:8008  失败次数=8  (timeout=8)
2026-10-02 06:39:50 - INFO - root:main.py:657 -   https://cdn.qd.je  失败次数=8  (failed=6, timeout=2)
2026-10-02 06:39:50 - INFO - root:main.py:657 -   http://120.198.86.251:9901  失败次数=8  (timeout=8)
2026-10-02 06:39:50 - INFO - root:main.py:657 -   http://60.187.245.172:9901  失败次数=4  (failed=3, timeout=1)
2026-10-02 06:39:50 - INFO - root:main.py:657 -   http://111.33.88.123:9901udp:  失败次数=4  (error=4)
2026-10-02 06:39:50 - INFO - root:main.py:657 -   http://112.123.243.37:50085  失败次数=4  (failed=4)
2026-10-02 06:39:50 - INFO - root:main.py:657 -   http://153.0.171.163:9901  失败次数=3  (timeout=3)
2026-10-02 06:39:50 - INFO - root:main.py:657 -   http://tvtj1.jxwltx.com:8003  失败次数=3  (timeout=3)
2026-10-02 06:39:50 - INFO - root:main.py:657 -   http://php.jdshipin.com:8880  失败次数=3  (failed=2, timeout=1)
2026-10-02 06:39:50 - INFO - root:main.py:657 -   http://144.123.220.43:80  失败次数=3  (timeout=3)
2026-10-02 06:39:50 - INFO - root:main.py:657 -   https://php.jdshipin.com  失败次数=2  (failed=2)
2026-10-02 06:39:50 - INFO - root:main.py:657 -   http://tencentplaygzrb01.gztv.com  失败次数=2  (timeout=2)
2026-10-02 06:39:50 - INFO - root:main.py:657 -   http://49.233.168.63:21899  失败次数=1  (timeout=1)
2026-10-02 06:39:50 - INFO - root:main.py:657 -   http://192.168.100.1  失败次数=1  (timeout=1)
2026-10-02 06:39:50 - INFO - root:main.py:657 -   http://iptv.4666888.xyz  失败次数=1  (error=1)
2026-10-02 06:39:50 - INFO - root:main.py:657 -   http://180.114.162.2:2380  失败次数=1  (timeout=1)
2026-10-02 06:39:50 - INFO - root:main.py:657 -   http://112.132.160.130:9901udp:  失败次数=1  (error=1)
2026-10-02 06:39:50 - INFO - root:main.py:657 -   http://144.123.220.47:80  失败次数=1  (timeout=1)
2026-10-02 06:39:50 - INFO - root:main.py:657 -   http://144.123.220.44:80  失败次数=1  (timeout=1)
2026-10-02 06:39:50 - INFO - root:main.py:657 -   http://webcast.hkstv.tv  失败次数=1  (failed=1)
2026-10-02 06:39:50 - INFO - root:main.py:657 -   http://144.123.220.38:80  失败次数=1  (timeout=1)
2026-10-02 06:39:50 - INFO - root:main.py:657 -   http://144.123.220.42:80  失败次数=1  (timeout=1)
2026-10-02 06:39:50 - INFO - root:main.py:726 - [质量检测] 完成
2026-10-02 06:39:50 - INFO - root:main.py:730 - [订阅白名单] 开始抓取保底源...
2026-10-02 06:39:50 - INFO - root:main.py:303 - [抓取] 开始: http://192.168.1.31:2134
2026-10-02 06:39:50 - INFO - root:main.py:303 - [抓取] 开始: http://192.168.1.31:18808/hoy-proxy.txt
2026-10-02 06:39:50 - INFO - root:main.py:303 - [抓取] 开始: http://192.168.1.31:18080/channels.txt
2026-10-02 06:40:01 - ERROR - root:main.py:367 - [抓取] http://192.168.1.31:2134 超时 (>10s)
2026-10-02 06:40:01 - ERROR - root:main.py:367 - [抓取] http://192.168.1.31:18808/hoy-proxy.txt 超时 (>10s)
2026-10-02 06:40:01 - ERROR - root:main.py:367 - [抓取] http://192.168.1.31:18080/channels.txt 超时 (>10s)
2026-10-02 06:40:01 - INFO - root:main.py:276 - [匹配统计] 模板 137 频道，在线 0 URL，匹配 0 URL
2026-10-02 06:40:01 - INFO - root:main.py:734 - [订阅白名单] 匹配到 0 个频道
2026-10-02 06:40:01 - INFO - root:main.py:738 - [汇总] 频道分类 6 个，总频道数 63，总URL数 467
2026-10-02 06:40:01 - INFO - root:main.py:828 - [输出统计] 最终输出 63 频道 / 325 URL
2026-10-03 06:06:47 - INFO - root:main.py:193 - [别名映射] 从 config/alias.txt 加载 10030 条别名规则
2026-10-03 06:06:47 - INFO - root:main.py:666 - [抓取] 执行完整抓取流程，config.source_urls=4 个, hotel=True
2026-10-03 06:06:48 - WARNING - root:main.py:87 - [EPG映射] 从 http://e.erw.cc/e.xml.gz 加载失败，尝试下一个源: HTTPConnectionPool(host='e.erw.cc', port=80): Max retries exceeded with url: /e.xml.gz (Caused by NameResolutionError("HTTPConnection(host='e.erw.cc', port=80): Failed to resolve 'e.erw.cc' ([Errno -5] No address associated with hostname)"))
2026-10-03 06:06:54 - INFO - root:main.py:85 - [EPG映射] 从 https://gitee.com/taksssss/tv/raw/main/epg/112114.xml.gz 加载成功
2026-10-03 06:06:55 - WARNING - root:main.py:87 - [EPG映射] 从 http://epg.51zmt.top:8000/e.xml.gz 加载失败，尝试下一个源: Not a gzipped file (b'<?')
2026-10-03 06:06:55 - INFO - root:main.py:89 - [EPG映射] 共合并加载 495 个频道 ID
2026-10-03 06:06:55 - INFO - root:main.py:303 - [抓取] 开始: https://cdn.qd.je/live.m3u
2026-10-03 06:06:55 - INFO - root:main.py:303 - [抓取] 开始: http://rihou.cc:567/gggg.nzk
2026-10-03 06:06:55 - INFO - root:main.py:303 - [抓取] 开始: http://193.123.86.190:14888/TV/iptv.php
2026-10-03 06:06:55 - INFO - root:main.py:303 - [抓取] 开始: https://gh.927223.xyz/https://raw.githubusercontent.com/Kimentanm/aptv/master/m3u/iptv.m3u
2026-10-03 06:06:56 - INFO - root:main.py:312 - [抓取] http://193.123.86.190:14888/TV/iptv.php 获取成功，判断为m3u格式
2026-10-03 06:06:56 - INFO - root:main.py:356 - [抓取] http://193.123.86.190:14888/TV/iptv.php 抓取成功，包含频道分类: 央视频道, 卫视频道, 睛彩频道, 咪视界, 历年春晚, 轮播
2026-10-03 06:06:56 - INFO - root:main.py:357 - [抓取] http://193.123.86.190:14888/TV/iptv.php 共获取 188 个 URL
2026-10-03 06:06:56 - INFO - root:main.py:363 - [抓取] http://193.123.86.190:14888/TV/iptv.php 样本频道: ['CCTV1', 'CCTV1', 'CCTV2', 'CCTV2', 'CCTV3', '安徽卫视', '安徽卫视', '北京卫视', '北京卫视', '重庆卫视']
2026-10-03 06:06:56 - INFO - root:main.py:312 - [抓取] https://cdn.qd.je/live.m3u 获取成功，判断为m3u格式
2026-10-03 06:06:56 - INFO - root:main.py:356 - [抓取] https://cdn.qd.je/live.m3u 抓取成功，包含频道分类: mytv
2026-10-03 06:06:56 - INFO - root:main.py:357 - [抓取] https://cdn.qd.je/live.m3u 共获取 121 个 URL
2026-10-03 06:06:56 - INFO - root:main.py:363 - [抓取] https://cdn.qd.je/live.m3u 样本频道: ['翡翠台4K(字幕)', '凤凰中文', 'CCTV1港澳版', 'CCTV13', 'TVB Plus(字幕)']
2026-10-03 06:06:56 - ERROR - root:main.py:369 - [抓取] https://gh.927223.xyz/https://raw.githubusercontent.com/Kimentanm/aptv/master/m3u/iptv.m3u 网络错误: ClientResponseError: 403, message='Forbidden', url='https://gh.927223.xyz/https://raw.githubusercontent.com/Kimentanm/aptv/master/m3u/iptv.m3u'
2026-10-03 06:06:58 - INFO - root:main.py:312 - [抓取] http://rihou.cc:567/gggg.nzk 获取成功，判断为txt格式
2026-10-03 06:06:58 - INFO - root:main.py:356 - [抓取] http://rihou.cc:567/gggg.nzk 抓取成功，包含频道分类: 猫TV影视, 欣赏港乐, 赛事精锦, 央卫咪咕, 欣赏Pdtv, 欣赏频道, 网页音乐, 欣赏音乐, 特闽FYtv, 抖音网页, 荔枝网页, 虎牙频道, 爱奇频道, 广州电信, 童年频道, 亮剑全集, 雪豹全集, 凡人修仙, 华山论剑, Q-三国粤, 大时代粤, 流星花园, 还珠格格, 甄嬛传国, 大地恩情, 粤经典剧, 射雕英雄, 神雕侠侣, 视觉效果
2026-10-03 06:06:58 - INFO - root:main.py:357 - [抓取] http://rihou.cc:567/gggg.nzk 共获取 1615 个 URL
2026-10-03 06:06:58 - INFO - root:main.py:363 - [抓取] http://rihou.cc:567/gggg.nzk 样本频道: ['➡️抖舞陪看⬅️', '➡️白嫖软件⬅️', '➡️免费观看⬅️', '➡️大街网源⬅️', '➡️互相搬助⬅️', '⬇️港乐翻唱⬇️', '林咏诗翻唱一', '林咏诗翻唱二', '林咏诗翻唱三', '⬇️港乐粤翻⬇️']
2026-10-03 06:06:58 - INFO - root:main.py:385 - [抓取] 等待所有源完成...
2026-10-03 06:06:58 - INFO - root:main.py:276 - [匹配统计] 模板 137 频道，在线 1924 URL，匹配 166 URL
2026-10-03 06:06:58 - INFO - root:main.py:673 - [酒店源] 开始抓取...
2026-10-03 06:06:59 - INFO - fetch_hotel:fetch_hotel.py:69 - [酒店源] 共获取 994 个节点
2026-10-03 06:06:59 - INFO - fetch_hotel:fetch_hotel.py:79 - [酒店源] 类型分布: {'txiptv': 966, 'hsmdtv': 28}
2026-10-03 06:07:23 - INFO - fetch_hotel:fetch_hotel.py:272 - [酒店源] 延迟探测 994 个 host，存活 261，取最快 80 个
2026-10-03 06:07:29 - INFO - fetch_hotel:fetch_hotel.py:306 - [酒店源] 解析完成，共 2595 个频道-URL 组合
2026-10-03 06:07:29 - INFO - root:main.py:276 - [匹配统计] 模板 137 频道，在线 2595 URL，匹配 1933 URL
2026-10-03 06:07:29 - INFO - root:main.py:688 - [酒店源] 匹配到 99 个频道
2026-10-03 06:07:29 - INFO - root:main.py:693 - [组播源] 开始抓取...
2026-10-03 06:07:29 - INFO - fetch_multicast:fetch_multicast.py:112 - [组播源] 共 1451 条，保留 1450 条（dead=0，省份过滤=0，运营商过滤=0）
2026-10-03 06:07:29 - INFO - root:main.py:276 - [匹配统计] 模板 137 频道，在线 1450 URL，匹配 651 URL
2026-10-03 06:07:29 - INFO - root:main.py:707 - [组播源] 匹配到 99 个频道
2026-10-03 06:07:29 - INFO - root:main.py:714 - [质量检测] 开始全量检测（无缓存模式）... enable_ffprobe=True, ffprobe_timeout=6s, min_resolution=1080
2026-10-03 06:07:29 - INFO - check:check.py:714 - 开始质量检测，共 2750 个 URL，并发数 10，HTTP 超时 3.5s，FFprobe 启用，超时 6s
2026-10-03 06:09:00 - INFO - check:check.py:699 - [质量检测] 进度: 100/2750 (3%)
2026-10-03 06:10:29 - INFO - check:check.py:699 - [质量检测] 进度: 200/2750 (7%)
2026-10-03 06:11:48 - INFO - check:check.py:699 - [质量检测] 进度: 300/2750 (10%)
2026-10-03 06:12:56 - INFO - check:check.py:699 - [质量检测] 进度: 400/2750 (14%)
2026-10-03 06:14:16 - INFO - check:check.py:699 - [质量检测] 进度: 500/2750 (18%)
2026-10-03 06:15:28 - INFO - check:check.py:699 - [质量检测] 进度: 600/2750 (21%)
2026-10-03 06:16:48 - INFO - check:check.py:699 - [质量检测] 进度: 700/2750 (25%)
2026-10-03 06:18:11 - INFO - check:check.py:699 - [质量检测] 进度: 800/2750 (29%)
2026-10-03 06:19:32 - INFO - check:check.py:699 - [质量检测] 进度: 900/2750 (32%)
2026-10-03 06:20:45 - INFO - check:check.py:699 - [质量检测] 进度: 1000/2750 (36%)
2026-10-03 06:21:48 - INFO - check:check.py:699 - [质量检测] 进度: 1100/2750 (40%)
2026-10-03 06:23:02 - INFO - check:check.py:699 - [质量检测] 进度: 1200/2750 (43%)
2026-10-03 06:24:15 - INFO - check:check.py:699 - [质量检测] 进度: 1300/2750 (47%)
2026-10-03 06:25:21 - INFO - check:check.py:699 - [质量检测] 进度: 1400/2750 (50%)
2026-10-03 06:26:27 - INFO - check:check.py:699 - [质量检测] 进度: 1500/2750 (54%)
2026-10-03 06:27:29 - INFO - check:check.py:699 - [质量检测] 进度: 1600/2750 (58%)
2026-10-03 06:28:32 - INFO - check:check.py:699 - [质量检测] 进度: 1700/2750 (61%)
2026-10-03 06:29:37 - INFO - check:check.py:699 - [质量检测] 进度: 1800/2750 (65%)
2026-10-03 06:30:54 - INFO - check:check.py:699 - [质量检测] 进度: 1900/2750 (69%)
2026-10-03 06:32:20 - INFO - check:check.py:699 - [质量检测] 进度: 2000/2750 (72%)
2026-10-03 06:33:21 - INFO - check:check.py:699 - [质量检测] 进度: 2100/2750 (76%)
2026-10-03 06:34:28 - INFO - check:check.py:699 - [质量检测] 进度: 2200/2750 (80%)
2026-10-03 06:35:34 - INFO - check:check.py:699 - [质量检测] 进度: 2300/2750 (83%)
2026-10-03 06:36:44 - INFO - check:check.py:699 - [质量检测] 进度: 2400/2750 (87%)
2026-10-03 06:37:53 - INFO - check:check.py:699 - [质量检测] 进度: 2500/2750 (90%)
2026-10-03 06:38:46 - INFO - check:check.py:699 - [质量检测] 进度: 2600/2750 (94%)
2026-10-03 06:39:47 - INFO - check:check.py:699 - [质量检测] 进度: 2700/2750 (98%)
2026-10-03 06:40:15 - INFO - check:check.py:699 - [质量检测] 进度: 2750/2750 (100%)
2026-10-03 06:40:15 - INFO - check:check.py:754 - 质量检测完成: 总计=2633 通过=801 失败=224 超时=1208 错误=400
2026-10-03 06:40:15 - INFO - check:check.py:796 - 过滤后: 保留 464 个有效源，移除 2076 个失效源
2026-10-03 06:40:15 - INFO - root:main.py:655 - [黑名单建议] 以下域名检测频繁失败，可考虑加入 url_blacklist：
2026-10-03 06:40:15 - INFO - root:main.py:657 -   http://171.213.200.158:8886  失败次数=149  (error=149)
2026-10-03 06:40:15 - INFO - root:main.py:657 -   http://116.168.205.5:4022  失败次数=96  (timeout=96)
2026-10-03 06:40:15 - INFO - root:main.py:657 -   http://219.155.108.79:7000  失败次数=95  (timeout=95)
2026-10-03 06:40:15 - INFO - root:main.py:657 -   http://59.174.160.37:10001  失败次数=89  (timeout=89)
2026-10-03 06:40:15 - INFO - root:main.py:657 -   http://218.56.123.244:3322udp:  失败次数=67  (error=67)
2026-10-03 06:40:15 - INFO - root:main.py:657 -   http://120.210.193.151:8006  失败次数=65  (timeout=65)
2026-10-03 06:40:15 - INFO - root:main.py:657 -   http://120.238.94.82:9901udp:  失败次数=58  (error=58)
2026-10-03 06:40:15 - INFO - root:main.py:657 -   http://192.168.102.1  失败次数=56  (timeout=56)
2026-10-03 06:40:15 - INFO - root:main.py:657 -   http://139.214.181.125:9901  失败次数=54  (failed=15, timeout=39)
2026-10-03 06:40:15 - INFO - root:main.py:657 -   http://39.165.128.110:19901udp:  失败次数=52  (error=52)
2026-10-03 06:40:15 - INFO - root:main.py:657 -   http://182.207.218.174:999  失败次数=50  (timeout=50)
2026-10-03 06:40:15 - INFO - root:main.py:657 -   http://39.150.102.131:19901udp:  失败次数=49  (error=49)
2026-10-03 06:40:15 - INFO - root:main.py:657 -   http://124.129.78.63:9901  失败次数=47  (failed=1, timeout=46)
2026-10-03 06:40:15 - INFO - root:main.py:657 -   http://125.93.74.27:9002  失败次数=46  (timeout=46)
2026-10-03 06:40:15 - INFO - root:main.py:657 -   http://175.0.78.167:9999  失败次数=46  (timeout=46)
2026-10-03 06:40:15 - INFO - root:main.py:657 -   http://182.37.41.46:8154  失败次数=43  (timeout=43)
2026-10-03 06:40:15 - INFO - root:main.py:657 -   http://121.17.69.138:8081  失败次数=43  (timeout=43)
2026-10-03 06:40:15 - INFO - root:main.py:657 -   http://59.39.89.130:60901  失败次数=42  (failed=19, timeout=23)
2026-10-03 06:40:15 - INFO - root:main.py:657 -   http://113.201.61.98:9901  失败次数=39  (failed=39)
2026-10-03 06:40:15 - INFO - root:main.py:657 -   http://192.168.10.200:8008  失败次数=34  (timeout=34)
2026-10-03 06:40:15 - INFO - root:main.py:657 -   http://222.214.208.34:59901  失败次数=34  (timeout=34)
2026-10-03 06:40:15 - INFO - root:main.py:657 -   http://112.99.195.122:65000  失败次数=34  (timeout=34)
2026-10-03 06:40:15 - INFO - root:main.py:657 -   http://221.232.196.87:7777  失败次数=32  (failed=14, timeout=18)
2026-10-03 06:40:15 - INFO - root:main.py:657 -   http://rihou.cc:555  失败次数=31  (empty=1, failed=26, timeout=4)
2026-10-03 06:40:15 - INFO - root:main.py:657 -   http://139.227.221.147:9901  失败次数=31  (timeout=31)
2026-10-03 06:40:15 - INFO - root:main.py:657 -   http://221.232.196.210:7777  失败次数=31  (failed=14, timeout=17)
2026-10-03 06:40:15 - INFO - root:main.py:657 -   http://120.238.84.45:9901  失败次数=31  (failed=3, timeout=28)
2026-10-03 06:40:15 - INFO - root:main.py:657 -   http://219.145.93.74:10000  失败次数=30  (failed=5, timeout=25)
2026-10-03 06:40:15 - INFO - root:main.py:657 -   http://118.193.115.2:9901  失败次数=30  (failed=17, timeout=13)
2026-10-03 06:40:15 - INFO - root:main.py:657 -   http://175.0.71.18:8088  失败次数=30  (failed=1, timeout=29)
2026-10-03 06:40:15 - INFO - root:main.py:657 -   http://111.33.88.123:9901rtp:  失败次数=30  (error=30)
2026-10-03 06:40:15 - INFO - root:main.py:657 -   http://121.19.134.202:808  失败次数=29  (failed=3, timeout=26)
2026-10-03 06:40:15 - INFO - root:main.py:657 -   http://16.0.0.1:4001  失败次数=28  (timeout=28)
2026-10-03 06:40:15 - INFO - root:main.py:657 -   http://110.72.77.100:8181  失败次数=28  (failed=26, timeout=2)
2026-10-03 06:40:15 - INFO - root:main.py:657 -   http://150.138.8.143  失败次数=26  (timeout=26)
2026-10-03 06:40:15 - INFO - root:main.py:657 -   http://113.26.202.52:1299  失败次数=26  (failed=6, timeout=20)
2026-10-03 06:40:15 - INFO - root:main.py:657 -   http://116.77.33.98:44330  失败次数=26  (timeout=26)
2026-10-03 06:40:15 - INFO - root:main.py:657 -   http://183.234.143.5:5555  失败次数=23  (failed=15, timeout=8)
2026-10-03 06:40:15 - INFO - root:main.py:657 -   http://221.221.137.78:9000  失败次数=20  (timeout=20)
2026-10-03 06:40:15 - INFO - root:main.py:657 -   http://221.221.137.78:8000  失败次数=20  (timeout=20)
2026-10-03 06:40:15 - INFO - root:main.py:657 -   http://120.198.86.186:9901  失败次数=19  (failed=1, timeout=18)
2026-10-03 06:40:15 - INFO - root:main.py:657 -   http://112.123.243.37:50085  失败次数=10  (failed=4, timeout=6)
2026-10-03 06:40:15 - INFO - root:main.py:657 -   http://120.198.86.251:9901  失败次数=9  (timeout=9)
2026-10-03 06:40:15 - INFO - root:main.py:657 -   http://36.136.38.87:9901  失败次数=8  (failed=2, timeout=6)
2026-10-03 06:40:15 - INFO - root:main.py:657 -   https://cdn.qd.je  失败次数=8  (failed=6, timeout=2)
2026-10-03 06:40:15 - INFO - root:main.py:657 -   http://183.223.157.33:9901  失败次数=7  (timeout=7)
2026-10-03 06:40:15 - INFO - root:main.py:657 -   http://61.143.43.2:9901  失败次数=4  (timeout=4)
2026-10-03 06:40:15 - INFO - root:main.py:657 -   http://60.187.245.172:9901  失败次数=4  (failed=3, timeout=1)
2026-10-03 06:40:15 - INFO - root:main.py:657 -   http://111.33.88.123:9901udp:  失败次数=4  (error=4)
2026-10-03 06:40:15 - INFO - root:main.py:657 -   http://153.0.171.163:9901  失败次数=3  (timeout=3)
2026-10-03 06:40:15 - INFO - root:main.py:657 -   http://tvtj1.jxwltx.com:8003  失败次数=3  (timeout=3)
2026-10-03 06:40:15 - INFO - root:main.py:657 -   http://php.jdshipin.com:8880  失败次数=3  (failed=2, timeout=1)
2026-10-03 06:40:15 - INFO - root:main.py:657 -   http://144.123.220.43:80  失败次数=3  (timeout=3)
2026-10-03 06:40:15 - INFO - root:main.py:657 -   http://49.233.168.63:21899  失败次数=2  (timeout=2)
2026-10-03 06:40:15 - INFO - root:main.py:657 -   https://php.jdshipin.com  失败次数=2  (failed=2)
2026-10-03 06:40:15 - INFO - root:main.py:657 -   http://tencentplaygzrb01.gztv.com  失败次数=2  (timeout=2)
2026-10-03 06:40:15 - INFO - root:main.py:657 -   http://183.239.248.218:8181  失败次数=1  (timeout=1)
2026-10-03 06:40:15 - INFO - root:main.py:657 -   http://120.70.60.179:9901  失败次数=1  (timeout=1)
2026-10-03 06:40:15 - INFO - root:main.py:657 -   http://192.168.100.1  失败次数=1  (timeout=1)
2026-10-03 06:40:15 - INFO - root:main.py:657 -   http://iptv.4666888.xyz  失败次数=1  (timeout=1)
2026-10-03 06:40:15 - INFO - root:main.py:657 -   http://180.114.162.2:2380  失败次数=1  (timeout=1)
2026-10-03 06:40:15 - INFO - root:main.py:657 -   http://218.104.239.114:9901  失败次数=1  (timeout=1)
2026-10-03 06:40:15 - INFO - root:main.py:657 -   http://112.132.160.130:9901udp:  失败次数=1  (error=1)
2026-10-03 06:40:15 - INFO - root:main.py:657 -   http://144.123.220.47:80  失败次数=1  (timeout=1)
2026-10-03 06:40:15 - INFO - root:main.py:657 -   http://144.123.220.44:80  失败次数=1  (timeout=1)
2026-10-03 06:40:15 - INFO - root:main.py:657 -   http://webcast.hkstv.tv  失败次数=1  (error=1)
2026-10-03 06:40:15 - INFO - root:main.py:657 -   http://144.123.220.38:80  失败次数=1  (timeout=1)
2026-10-03 06:40:15 - INFO - root:main.py:657 -   http://144.123.220.42:80  失败次数=1  (timeout=1)
2026-10-03 06:40:15 - INFO - root:main.py:726 - [质量检测] 完成
2026-10-03 06:40:15 - INFO - root:main.py:730 - [订阅白名单] 开始抓取保底源...
2026-10-03 06:40:15 - INFO - root:main.py:303 - [抓取] 开始: http://192.168.1.31:2134
2026-10-03 06:40:15 - INFO - root:main.py:303 - [抓取] 开始: http://192.168.1.31:18808/hoy-proxy.txt
2026-10-03 06:40:15 - INFO - root:main.py:303 - [抓取] 开始: http://192.168.1.31:18080/channels.txt
2026-10-03 06:40:25 - ERROR - root:main.py:367 - [抓取] http://192.168.1.31:2134 超时 (>10s)
2026-10-03 06:40:25 - ERROR - root:main.py:367 - [抓取] http://192.168.1.31:18808/hoy-proxy.txt 超时 (>10s)
2026-10-03 06:40:25 - ERROR - root:main.py:367 - [抓取] http://192.168.1.31:18080/channels.txt 超时 (>10s)
2026-10-03 06:40:25 - INFO - root:main.py:276 - [匹配统计] 模板 137 频道，在线 0 URL，匹配 0 URL
2026-10-03 06:40:25 - INFO - root:main.py:734 - [订阅白名单] 匹配到 0 个频道
2026-10-03 06:40:25 - INFO - root:main.py:738 - [汇总] 频道分类 6 个，总频道数 63，总URL数 464
2026-10-03 06:40:26 - INFO - root:main.py:828 - [输出统计] 最终输出 63 频道 / 330 URL
2026-10-04 08:18:04 - INFO - root:main.py:193 - [别名映射] 从 config/alias.txt 加载 10030 条别名规则
2026-10-04 08:18:04 - INFO - root:main.py:666 - [抓取] 执行完整抓取流程，config.source_urls=4 个, hotel=True
2026-10-04 08:18:04 - WARNING - root:main.py:87 - [EPG映射] 从 http://e.erw.cc/e.xml.gz 加载失败，尝试下一个源: HTTPConnectionPool(host='e.erw.cc', port=80): Max retries exceeded with url: /e.xml.gz (Caused by NameResolutionError("HTTPConnection(host='e.erw.cc', port=80): Failed to resolve 'e.erw.cc' ([Errno -5] No address associated with hostname)"))
2026-10-04 08:18:13 - INFO - root:main.py:85 - [EPG映射] 从 https://gitee.com/taksssss/tv/raw/main/epg/112114.xml.gz 加载成功
2026-10-04 08:18:14 - INFO - root:main.py:85 - [EPG映射] 从 http://epg.51zmt.top:8000/e.xml.gz 加载成功
2026-10-04 08:18:14 - INFO - root:main.py:89 - [EPG映射] 共合并加载 531 个频道 ID
2026-10-04 08:18:14 - INFO - root:main.py:303 - [抓取] 开始: https://cdn.qd.je/live.m3u
2026-10-04 08:18:14 - INFO - root:main.py:303 - [抓取] 开始: http://rihou.cc:567/gggg.nzk
2026-10-04 08:18:14 - INFO - root:main.py:303 - [抓取] 开始: http://193.123.86.190:14888/TV/iptv.php
2026-10-04 08:18:14 - INFO - root:main.py:303 - [抓取] 开始: https://gh.927223.xyz/https://raw.githubusercontent.com/Kimentanm/aptv/master/m3u/iptv.m3u
2026-10-04 08:18:14 - INFO - root:main.py:312 - [抓取] http://193.123.86.190:14888/TV/iptv.php 获取成功，判断为m3u格式
2026-10-04 08:18:14 - INFO - root:main.py:356 - [抓取] http://193.123.86.190:14888/TV/iptv.php 抓取成功，包含频道分类: 央视频道, 卫视频道, 睛彩频道, 咪视界, 历年春晚, 轮播
2026-10-04 08:18:14 - INFO - root:main.py:357 - [抓取] http://193.123.86.190:14888/TV/iptv.php 共获取 188 个 URL
2026-10-04 08:18:14 - INFO - root:main.py:363 - [抓取] http://193.123.86.190:14888/TV/iptv.php 样本频道: ['CCTV1', 'CCTV1', 'CCTV2', 'CCTV2', 'CCTV3', '安徽卫视', '安徽卫视', '北京卫视', '北京卫视', '重庆卫视']
2026-10-04 08:18:15 - INFO - root:main.py:312 - [抓取] https://cdn.qd.je/live.m3u 获取成功，判断为m3u格式
2026-10-04 08:18:15 - INFO - root:main.py:356 - [抓取] https://cdn.qd.je/live.m3u 抓取成功，包含频道分类: mytv
2026-10-04 08:18:15 - INFO - root:main.py:357 - [抓取] https://cdn.qd.je/live.m3u 共获取 121 个 URL
2026-10-04 08:18:15 - INFO - root:main.py:363 - [抓取] https://cdn.qd.je/live.m3u 样本频道: ['翡翠台4K(字幕)', '凤凰中文', 'CCTV1港澳版', 'CCTV13', 'TVB Plus(字幕)']
2026-10-04 08:18:15 - ERROR - root:main.py:369 - [抓取] https://gh.927223.xyz/https://raw.githubusercontent.com/Kimentanm/aptv/master/m3u/iptv.m3u 网络错误: ClientResponseError: 403, message='Forbidden', url='https://gh.927223.xyz/https://raw.githubusercontent.com/Kimentanm/aptv/master/m3u/iptv.m3u'
2026-10-04 08:18:17 - INFO - root:main.py:312 - [抓取] http://rihou.cc:567/gggg.nzk 获取成功，判断为txt格式
2026-10-04 08:18:17 - INFO - root:main.py:356 - [抓取] http://rihou.cc:567/gggg.nzk 抓取成功，包含频道分类: 猫TV影视, 欣赏港乐, 赛事精锦, 央卫咪咕, 欣赏Pdtv, 欣赏频道, 网页音乐, 欣赏音乐, 特闽FYtv, 抖音网页, 荔枝网页, 虎牙频道, 爱奇频道, 广州电信, 童年频道, 亮剑全集, 雪豹全集, 凡人修仙, 华山论剑, Q-三国粤, 大时代粤, 流星花园, 还珠格格, 甄嬛传国, 大地恩情, 粤经典剧, 射雕英雄, 神雕侠侣, 视觉效果
2026-10-04 08:18:17 - INFO - root:main.py:357 - [抓取] http://rihou.cc:567/gggg.nzk 共获取 1615 个 URL
2026-10-04 08:18:17 - INFO - root:main.py:363 - [抓取] http://rihou.cc:567/gggg.nzk 样本频道: ['➡️抖舞陪看⬅️', '➡️白嫖软件⬅️', '➡️免费观看⬅️', '➡️大街网源⬅️', '➡️互相搬助⬅️', '⬇️港乐翻唱⬇️', '林咏诗翻唱一', '林咏诗翻唱二', '林咏诗翻唱三', '⬇️港乐粤翻⬇️']
2026-10-04 08:18:17 - INFO - root:main.py:385 - [抓取] 等待所有源完成...
2026-10-04 08:18:17 - INFO - root:main.py:276 - [匹配统计] 模板 137 频道，在线 1924 URL，匹配 166 URL
2026-10-04 08:18:17 - INFO - root:main.py:673 - [酒店源] 开始抓取...
2026-10-04 08:18:17 - INFO - fetch_hotel:fetch_hotel.py:69 - [酒店源] 共获取 994 个节点
2026-10-04 08:18:17 - INFO - fetch_hotel:fetch_hotel.py:79 - [酒店源] 类型分布: {'txiptv': 966, 'hsmdtv': 28}
2026-10-04 08:18:42 - INFO - fetch_hotel:fetch_hotel.py:272 - [酒店源] 延迟探测 994 个 host，存活 256，取最快 80 个
2026-10-04 08:18:57 - INFO - fetch_hotel:fetch_hotel.py:306 - [酒店源] 解析完成，共 2728 个频道-URL 组合
2026-10-04 08:18:57 - INFO - root:main.py:276 - [匹配统计] 模板 137 频道，在线 2728 URL，匹配 1971 URL
2026-10-04 08:18:57 - INFO - root:main.py:688 - [酒店源] 匹配到 99 个频道
2026-10-04 08:18:57 - INFO - root:main.py:693 - [组播源] 开始抓取...
2026-10-04 08:18:58 - INFO - fetch_multicast:fetch_multicast.py:112 - [组播源] 共 1334 条，保留 595 条（dead=0，省份过滤=0，运营商过滤=0）
2026-10-04 08:18:58 - INFO - root:main.py:276 - [匹配统计] 模板 137 频道，在线 595 URL，匹配 299 URL
2026-10-04 08:18:58 - INFO - root:main.py:707 - [组播源] 匹配到 99 个频道
2026-10-04 08:18:58 - INFO - root:main.py:714 - [质量检测] 开始全量检测（无缓存模式）... enable_ffprobe=True, ffprobe_timeout=6s, min_resolution=1080
2026-10-04 08:18:58 - INFO - check:check.py:714 - 开始质量检测，共 2436 个 URL，并发数 10，HTTP 超时 3.5s，FFprobe 启用，超时 6s
2026-10-04 08:20:28 - INFO - check:check.py:699 - [质量检测] 进度: 100/2436 (4%)
2026-10-04 08:22:03 - INFO - check:check.py:699 - [质量检测] 进度: 200/2436 (8%)
2026-10-04 08:23:31 - INFO - check:check.py:699 - [质量检测] 进度: 300/2436 (12%)
2026-10-04 08:24:59 - INFO - check:check.py:699 - [质量检测] 进度: 400/2436 (16%)
2026-10-04 08:26:22 - INFO - check:check.py:699 - [质量检测] 进度: 500/2436 (20%)
2026-10-04 08:27:43 - INFO - check:check.py:699 - [质量检测] 进度: 600/2436 (24%)
2026-10-04 08:29:16 - INFO - check:check.py:699 - [质量检测] 进度: 700/2436 (28%)
2026-10-04 08:30:34 - INFO - check:check.py:699 - [质量检测] 进度: 800/2436 (32%)
2026-10-04 08:31:45 - INFO - check:check.py:699 - [质量检测] 进度: 900/2436 (36%)
2026-10-04 08:33:03 - INFO - check:check.py:699 - [质量检测] 进度: 1000/2436 (41%)
2026-10-04 08:34:24 - INFO - check:check.py:699 - [质量检测] 进度: 1100/2436 (45%)
2026-10-04 08:35:42 - INFO - check:check.py:699 - [质量检测] 进度: 1200/2436 (49%)
2026-10-04 08:36:59 - INFO - check:check.py:699 - [质量检测] 进度: 1300/2436 (53%)
2026-10-04 08:38:14 - INFO - check:check.py:699 - [质量检测] 进度: 1400/2436 (57%)
2026-10-04 08:39:35 - INFO - check:check.py:699 - [质量检测] 进度: 1500/2436 (61%)
2026-10-04 08:40:53 - INFO - check:check.py:699 - [质量检测] 进度: 1600/2436 (65%)
2026-10-04 08:42:18 - INFO - check:check.py:699 - [质量检测] 进度: 1700/2436 (69%)
2026-10-04 08:43:33 - INFO - check:check.py:699 - [质量检测] 进度: 1800/2436 (73%)
2026-10-04 08:44:37 - INFO - check:check.py:699 - [质量检测] 进度: 1900/2436 (77%)
2026-10-04 08:45:49 - INFO - check:check.py:699 - [质量检测] 进度: 2000/2436 (82%)
2026-10-04 08:47:01 - INFO - check:check.py:699 - [质量检测] 进度: 2100/2436 (86%)
2026-10-04 08:48:27 - INFO - check:check.py:699 - [质量检测] 进度: 2200/2436 (90%)
2026-10-04 08:49:49 - INFO - check:check.py:699 - [质量检测] 进度: 2300/2436 (94%)
2026-10-04 08:50:57 - INFO - check:check.py:699 - [质量检测] 进度: 2400/2436 (98%)
2026-10-04 08:51:22 - INFO - check:check.py:699 - [质量检测] 进度: 2436/2436 (100%)
2026-10-04 08:51:22 - INFO - check:check.py:754 - 质量检测完成: 总计=2331 通过=694 失败=248 超时=1137 错误=252
2026-10-04 08:51:22 - INFO - check:check.py:796 - 过滤后: 保留 313 个有效源，移除 1971 个失效源
2026-10-04 08:51:22 - INFO - root:main.py:655 - [黑名单建议] 以下域名检测频繁失败，可考虑加入 url_blacklist：
2026-10-04 08:51:22 - INFO - root:main.py:657 -   http://183.185.138.215:8003  失败次数=115  (failed=1, timeout=114)
2026-10-04 08:51:22 - INFO - root:main.py:657 -   http://218.56.123.244:3322udp:  失败次数=67  (error=67)
2026-10-04 08:51:22 - INFO - root:main.py:657 -   http://120.210.193.151:8006  失败次数=65  (timeout=65)
2026-10-04 08:51:22 - INFO - root:main.py:657 -   http://139.214.183.177:9901  失败次数=58  (failed=15, timeout=43)
2026-10-04 08:51:22 - INFO - root:main.py:657 -   http://120.238.94.82:9901udp:  失败次数=58  (error=58)
2026-10-04 08:51:22 - INFO - root:main.py:657 -   http://192.168.102.1  失败次数=56  (timeout=56)
2026-10-04 08:51:22 - INFO - root:main.py:657 -   http://139.214.181.125:9901  失败次数=55  (failed=24, timeout=31)
2026-10-04 08:51:22 - INFO - root:main.py:657 -   http://39.165.128.110:19901udp:  失败次数=52  (error=52)
2026-10-04 08:51:22 - INFO - root:main.py:657 -   http://39.150.102.131:19901udp:  失败次数=49  (error=49)
2026-10-04 08:51:22 - INFO - root:main.py:657 -   http://59.39.89.130:60901  失败次数=48  (failed=19, timeout=29)
2026-10-04 08:51:22 - INFO - root:main.py:657 -   http://124.129.78.63:9901  失败次数=48  (failed=1, timeout=47)
2026-10-04 08:51:22 - INFO - root:main.py:657 -   http://175.0.78.167:9999  失败次数=46  (timeout=46)
2026-10-04 08:51:22 - INFO - root:main.py:657 -   http://120.198.86.186:9901  失败次数=46  (failed=1, timeout=45)
2026-10-04 08:51:22 - INFO - root:main.py:657 -   http://182.37.41.46:8154  失败次数=44  (timeout=44)
2026-10-04 08:51:22 - INFO - root:main.py:657 -   http://125.93.74.27:9002  失败次数=43  (timeout=43)
2026-10-04 08:51:22 - INFO - root:main.py:657 -   http://118.193.115.2:9901  失败次数=40  (failed=17, timeout=23)
2026-10-04 08:51:22 - INFO - root:main.py:657 -   http://113.201.61.98:9901  失败次数=39  (failed=39)
2026-10-04 08:51:22 - INFO - root:main.py:657 -   http://222.214.208.34:59901  失败次数=38  (timeout=38)
2026-10-04 08:51:22 - INFO - root:main.py:657 -   http://221.232.196.210:7777  失败次数=37  (failed=12, timeout=25)
2026-10-04 08:51:22 - INFO - root:main.py:657 -   http://221.232.196.87:7777  失败次数=36  (failed=15, timeout=21)
2026-10-04 08:51:22 - INFO - root:main.py:657 -   http://219.140.7.209:7777  失败次数=35  (timeout=35)
2026-10-04 08:51:22 - INFO - root:main.py:657 -   http://113.26.202.52:1299  失败次数=35  (failed=6, timeout=29)
2026-10-04 08:51:22 - INFO - root:main.py:657 -   http://192.168.10.200:8008  失败次数=34  (timeout=34)
2026-10-04 08:51:22 - INFO - root:main.py:657 -   http://121.19.134.202:808  失败次数=33  (failed=4, timeout=29)
2026-10-04 08:51:22 - INFO - root:main.py:657 -   http://171.8.87.99:9901  失败次数=32  (timeout=32)
2026-10-04 08:51:22 - INFO - root:main.py:657 -   http://rihou.cc:555  失败次数=31  (empty=1, failed=24, timeout=6)
2026-10-04 08:51:22 - INFO - root:main.py:657 -   http://139.227.221.147:9901  失败次数=31  (timeout=31)
2026-10-04 08:51:22 - INFO - root:main.py:657 -   http://218.104.239.114:9901  失败次数=31  (timeout=31)
2026-10-04 08:51:22 - INFO - root:main.py:657 -   http://219.145.93.74:10000  失败次数=30  (failed=5, timeout=25)
2026-10-04 08:51:22 - INFO - root:main.py:657 -   http://175.0.71.18:8088  失败次数=30  (failed=2, timeout=28)
2026-10-04 08:51:22 - INFO - root:main.py:657 -   http://120.238.84.45:9901  失败次数=30  (failed=3, timeout=27)
2026-10-04 08:51:22 - INFO - root:main.py:657 -   http://111.33.88.123:9901rtp:  失败次数=30  (error=30)
2026-10-04 08:51:22 - INFO - root:main.py:657 -   http://16.0.0.1:4001  失败次数=28  (timeout=28)
2026-10-04 08:51:22 - INFO - root:main.py:657 -   http://110.72.77.100:8181  失败次数=27  (failed=26, timeout=1)
2026-10-04 08:51:22 - INFO - root:main.py:657 -   http://101.18.30.18:808  失败次数=27  (failed=3, timeout=24)
2026-10-04 08:51:22 - INFO - root:main.py:657 -   http://150.138.8.143  失败次数=26  (timeout=26)
2026-10-04 08:51:22 - INFO - root:main.py:657 -   http://183.234.143.5:5555  失败次数=23  (failed=15, timeout=8)
2026-10-04 08:51:22 - INFO - root:main.py:657 -   http://221.221.137.78:9000  失败次数=19  (timeout=19)
2026-10-04 08:51:22 - INFO - root:main.py:657 -   http://221.221.137.78:8000  失败次数=19  (timeout=19)
2026-10-04 08:51:22 - INFO - root:main.py:657 -   http://112.27.5.218:9901  失败次数=16  (timeout=16)
2026-10-04 08:51:22 - INFO - root:main.py:657 -   http://120.198.86.251:9901  失败次数=13  (failed=2, timeout=11)
2026-10-04 08:51:22 - INFO - root:main.py:657 -   http://183.239.248.218:8181  失败次数=10  (timeout=10)
2026-10-04 08:51:22 - INFO - root:main.py:657 -   http://61.143.43.2:9901  失败次数=9  (timeout=9)
2026-10-04 08:51:22 - INFO - root:main.py:657 -   https://cdn.qd.je  失败次数=9  (failed=6, timeout=3)
2026-10-04 08:51:22 - INFO - root:main.py:657 -   http://112.99.195.122:65000  失败次数=6  (timeout=6)
2026-10-04 08:51:22 - INFO - root:main.py:657 -   http://36.136.38.87:9901  失败次数=6  (failed=2, timeout=4)
2026-10-04 08:51:22 - INFO - root:main.py:657 -   http://120.70.60.179:9901  失败次数=5  (timeout=5)
2026-10-04 08:51:22 - INFO - root:main.py:657 -   http://182.135.35.172:5555  失败次数=4  (timeout=4)
2026-10-04 08:51:22 - INFO - root:main.py:657 -   http://111.33.88.123:9901udp:  失败次数=4  (error=4)
2026-10-04 08:51:22 - INFO - root:main.py:657 -   http://60.187.245.172:9901  失败次数=3  (failed=3)
2026-10-04 08:51:22 - INFO - root:main.py:657 -   http://tvtj1.jxwltx.com:8003  失败次数=3  (timeout=3)
2026-10-04 08:51:22 - INFO - root:main.py:657 -   http://144.123.220.43:80  失败次数=3  (timeout=3)
2026-10-04 08:51:22 - INFO - root:main.py:657 -   http://tencentplaygzrb01.gztv.com  失败次数=2  (timeout=2)
2026-10-04 08:51:22 - INFO - root:main.py:657 -   http://php.jdshipin.com:8880  失败次数=2  (failed=2)
2026-10-04 08:51:22 - INFO - root:main.py:657 -   http://153.0.171.163:9901  失败次数=1  (timeout=1)
2026-10-04 08:51:22 - INFO - root:main.py:657 -   https://php.jdshipin.com  失败次数=1  (failed=1)
2026-10-04 08:51:22 - INFO - root:main.py:657 -   http://113.90.154.189:9901  失败次数=1  (timeout=1)
2026-10-04 08:51:22 - INFO - root:main.py:657 -   http://192.168.100.1  失败次数=1  (timeout=1)
2026-10-04 08:51:22 - INFO - root:main.py:657 -   http://iptv.4666888.xyz  失败次数=1  (error=1)
2026-10-04 08:51:22 - INFO - root:main.py:657 -   http://180.114.162.2:2380  失败次数=1  (timeout=1)
2026-10-04 08:51:22 - INFO - root:main.py:657 -   http://123.138.216.44:9901  失败次数=1  (timeout=1)
2026-10-04 08:51:22 - INFO - root:main.py:657 -   http://112.132.160.130:9901udp:  失败次数=1  (error=1)
2026-10-04 08:51:22 - INFO - root:main.py:657 -   http://144.123.220.47:80  失败次数=1  (timeout=1)
2026-10-04 08:51:22 - INFO - root:main.py:657 -   http://144.123.220.44:80  失败次数=1  (timeout=1)
2026-10-04 08:51:22 - INFO - root:main.py:657 -   http://webcast.hkstv.tv  失败次数=1  (failed=1)
2026-10-04 08:51:22 - INFO - root:main.py:657 -   http://144.123.220.38:80  失败次数=1  (timeout=1)
2026-10-04 08:51:22 - INFO - root:main.py:657 -   http://144.123.220.42:80  失败次数=1  (timeout=1)
2026-10-04 08:51:22 - INFO - root:main.py:726 - [质量检测] 完成
2026-10-04 08:51:22 - INFO - root:main.py:730 - [订阅白名单] 开始抓取保底源...
2026-10-04 08:51:22 - INFO - root:main.py:303 - [抓取] 开始: http://192.168.1.31:2134
2026-10-04 08:51:22 - INFO - root:main.py:303 - [抓取] 开始: http://192.168.1.31:18808/hoy-proxy.txt
2026-10-04 08:51:22 - INFO - root:main.py:303 - [抓取] 开始: http://192.168.1.31:18080/channels.txt
2026-10-04 08:51:32 - ERROR - root:main.py:367 - [抓取] http://192.168.1.31:2134 超时 (>10s)
2026-10-04 08:51:32 - ERROR - root:main.py:367 - [抓取] http://192.168.1.31:18808/hoy-proxy.txt 超时 (>10s)
2026-10-04 08:51:32 - ERROR - root:main.py:367 - [抓取] http://192.168.1.31:18080/channels.txt 超时 (>10s)
2026-10-04 08:51:32 - INFO - root:main.py:276 - [匹配统计] 模板 137 频道，在线 0 URL，匹配 0 URL
2026-10-04 08:51:32 - INFO - root:main.py:734 - [订阅白名单] 匹配到 0 个频道
2026-10-04 08:51:32 - INFO - root:main.py:738 - [汇总] 频道分类 6 个，总频道数 66，总URL数 313
2026-10-04 08:51:33 - INFO - root:main.py:828 - [输出统计] 最终输出 66 频道 / 256 URL
2026-10-05 08:23:14 - INFO - root:main.py:193 - [别名映射] 从 config/alias.txt 加载 10030 条别名规则
2026-10-05 08:23:14 - INFO - root:main.py:666 - [抓取] 执行完整抓取流程，config.source_urls=4 个, hotel=True
2026-10-05 08:23:14 - WARNING - root:main.py:87 - [EPG映射] 从 http://e.erw.cc/e.xml.gz 加载失败，尝试下一个源: HTTPConnectionPool(host='e.erw.cc', port=80): Max retries exceeded with url: /e.xml.gz (Caused by NameResolutionError("HTTPConnection(host='e.erw.cc', port=80): Failed to resolve 'e.erw.cc' ([Errno -5] No address associated with hostname)"))
2026-10-05 08:23:19 - INFO - root:main.py:85 - [EPG映射] 从 https://gitee.com/taksssss/tv/raw/main/epg/112114.xml.gz 加载成功
2026-10-05 08:23:20 - INFO - root:main.py:85 - [EPG映射] 从 http://epg.51zmt.top:8000/e.xml.gz 加载成功
2026-10-05 08:23:20 - INFO - root:main.py:89 - [EPG映射] 共合并加载 477 个频道 ID
2026-10-05 08:23:20 - INFO - root:main.py:303 - [抓取] 开始: https://cdn.qd.je/live.m3u
2026-10-05 08:23:20 - INFO - root:main.py:303 - [抓取] 开始: http://rihou.cc:567/gggg.nzk
2026-10-05 08:23:20 - INFO - root:main.py:303 - [抓取] 开始: http://193.123.86.190:14888/TV/iptv.php
2026-10-05 08:23:20 - INFO - root:main.py:303 - [抓取] 开始: https://gh.927223.xyz/https://raw.githubusercontent.com/Kimentanm/aptv/master/m3u/iptv.m3u
2026-10-05 08:23:21 - INFO - root:main.py:312 - [抓取] http://193.123.86.190:14888/TV/iptv.php 获取成功，判断为m3u格式
2026-10-05 08:23:21 - INFO - root:main.py:356 - [抓取] http://193.123.86.190:14888/TV/iptv.php 抓取成功，包含频道分类: 央视频道, 卫视频道, 睛彩频道, 咪视界, 历年春晚, 轮播
2026-10-05 08:23:21 - INFO - root:main.py:357 - [抓取] http://193.123.86.190:14888/TV/iptv.php 共获取 188 个 URL
2026-10-05 08:23:21 - INFO - root:main.py:363 - [抓取] http://193.123.86.190:14888/TV/iptv.php 样本频道: ['CCTV1', 'CCTV1', 'CCTV2', 'CCTV2', 'CCTV3', '安徽卫视', '安徽卫视', '北京卫视', '北京卫视', '重庆卫视']
2026-10-05 08:23:21 - INFO - root:main.py:312 - [抓取] https://cdn.qd.je/live.m3u 获取成功，判断为m3u格式
2026-10-05 08:23:21 - INFO - root:main.py:356 - [抓取] https://cdn.qd.je/live.m3u 抓取成功，包含频道分类: mytv
2026-10-05 08:23:21 - INFO - root:main.py:357 - [抓取] https://cdn.qd.je/live.m3u 共获取 121 个 URL
2026-10-05 08:23:21 - INFO - root:main.py:363 - [抓取] https://cdn.qd.je/live.m3u 样本频道: ['翡翠台4K(字幕)', '凤凰中文', 'CCTV1港澳版', 'CCTV13', 'TVB Plus(字幕)']
2026-10-05 08:23:21 - ERROR - root:main.py:369 - [抓取] https://gh.927223.xyz/https://raw.githubusercontent.com/Kimentanm/aptv/master/m3u/iptv.m3u 网络错误: ClientResponseError: 403, message='Forbidden', url='https://gh.927223.xyz/https://raw.githubusercontent.com/Kimentanm/aptv/master/m3u/iptv.m3u'
2026-10-05 08:23:23 - INFO - root:main.py:312 - [抓取] http://rihou.cc:567/gggg.nzk 获取成功，判断为txt格式
2026-10-05 08:23:23 - INFO - root:main.py:356 - [抓取] http://rihou.cc:567/gggg.nzk 抓取成功，包含频道分类: 猫TV影视, 欣赏港乐, 赛事精锦, 央卫咪咕, 欣赏Pdtv, 欣赏频道, 网页音乐, 欣赏音乐, 特闽FYtv, 抖音网页, 荔枝网页, 虎牙频道, 爱奇频道, 广州电信, 童年频道, 亮剑全集, 雪豹全集, 凡人修仙, 华山论剑, Q-三国粤, 大时代粤, 流星花园, 还珠格格, 甄嬛传国, 大地恩情, 粤经典剧, 射雕英雄, 神雕侠侣, 视觉效果
2026-10-05 08:23:23 - INFO - root:main.py:357 - [抓取] http://rihou.cc:567/gggg.nzk 共获取 1615 个 URL
2026-10-05 08:23:23 - INFO - root:main.py:363 - [抓取] http://rihou.cc:567/gggg.nzk 样本频道: ['➡️抖舞陪看⬅️', '➡️白嫖软件⬅️', '➡️免费观看⬅️', '➡️大街网源⬅️', '➡️互相搬助⬅️', '⬇️港乐翻唱⬇️', '林咏诗翻唱一', '林咏诗翻唱二', '林咏诗翻唱三', '⬇️港乐粤翻⬇️']
2026-10-05 08:23:23 - INFO - root:main.py:385 - [抓取] 等待所有源完成...
2026-10-05 08:23:23 - INFO - root:main.py:276 - [匹配统计] 模板 137 频道，在线 1924 URL，匹配 166 URL
2026-10-05 08:23:23 - INFO - root:main.py:673 - [酒店源] 开始抓取...
2026-10-05 08:23:23 - INFO - fetch_hotel:fetch_hotel.py:69 - [酒店源] 共获取 994 个节点
2026-10-05 08:23:23 - INFO - fetch_hotel:fetch_hotel.py:79 - [酒店源] 类型分布: {'txiptv': 966, 'hsmdtv': 28}
2026-10-05 08:23:47 - INFO - fetch_hotel:fetch_hotel.py:272 - [酒店源] 延迟探测 994 个 host，存活 254，取最快 80 个
2026-10-05 08:24:02 - INFO - fetch_hotel:fetch_hotel.py:306 - [酒店源] 解析完成，共 2599 个频道-URL 组合
2026-10-05 08:24:02 - INFO - root:main.py:276 - [匹配统计] 模板 137 频道，在线 2599 URL，匹配 1910 URL
2026-10-05 08:24:02 - INFO - root:main.py:688 - [酒店源] 匹配到 99 个频道
2026-10-05 08:24:02 - INFO - root:main.py:693 - [组播源] 开始抓取...
2026-10-05 08:24:03 - INFO - fetch_multicast:fetch_multicast.py:112 - [组播源] 共 1334 条，保留 595 条（dead=0，省份过滤=0，运营商过滤=0）
2026-10-05 08:24:03 - INFO - root:main.py:276 - [匹配统计] 模板 137 频道，在线 595 URL，匹配 299 URL
2026-10-05 08:24:03 - INFO - root:main.py:707 - [组播源] 匹配到 99 个频道
2026-10-05 08:24:03 - INFO - root:main.py:714 - [质量检测] 开始全量检测（无缓存模式）... enable_ffprobe=True, ffprobe_timeout=6s, min_resolution=1080
2026-10-05 08:24:03 - INFO - check:check.py:714 - 开始质量检测，共 2375 个 URL，并发数 10，HTTP 超时 3.5s，FFprobe 启用，超时 6s
2026-10-05 08:25:42 - INFO - check:check.py:699 - [质量检测] 进度: 100/2375 (4%)
2026-10-05 08:27:13 - INFO - check:check.py:699 - [质量检测] 进度: 200/2375 (8%)
2026-10-05 08:28:40 - INFO - check:check.py:699 - [质量检测] 进度: 300/2375 (12%)
2026-10-05 08:30:03 - INFO - check:check.py:699 - [质量检测] 进度: 400/2375 (16%)
2026-10-05 08:31:32 - INFO - check:check.py:699 - [质量检测] 进度: 500/2375 (21%)
2026-10-05 08:33:01 - INFO - check:check.py:699 - [质量检测] 进度: 600/2375 (25%)
2026-10-05 08:34:24 - INFO - check:check.py:699 - [质量检测] 进度: 700/2375 (29%)
2026-10-05 08:35:35 - INFO - check:check.py:699 - [质量检测] 进度: 800/2375 (33%)
2026-10-05 08:36:48 - INFO - check:check.py:699 - [质量检测] 进度: 900/2375 (37%)
2026-10-05 08:37:52 - INFO - check:check.py:699 - [质量检测] 进度: 1000/2375 (42%)
2026-10-05 08:39:32 - INFO - check:check.py:699 - [质量检测] 进度: 1100/2375 (46%)
2026-10-05 08:40:46 - INFO - check:check.py:699 - [质量检测] 进度: 1200/2375 (50%)
2026-10-05 08:41:53 - INFO - check:check.py:699 - [质量检测] 进度: 1300/2375 (54%)
2026-10-05 08:43:10 - INFO - check:check.py:699 - [质量检测] 进度: 1400/2375 (58%)
2026-10-05 08:44:46 - INFO - check:check.py:699 - [质量检测] 进度: 1500/2375 (63%)
2026-10-05 08:46:09 - INFO - check:check.py:699 - [质量检测] 进度: 1600/2375 (67%)
2026-10-05 08:47:29 - INFO - check:check.py:699 - [质量检测] 进度: 1700/2375 (71%)
2026-10-05 08:48:39 - INFO - check:check.py:699 - [质量检测] 进度: 1800/2375 (75%)
2026-10-05 08:49:44 - INFO - check:check.py:699 - [质量检测] 进度: 1900/2375 (80%)
2026-10-05 08:51:01 - INFO - check:check.py:699 - [质量检测] 进度: 2000/2375 (84%)
2026-10-05 08:52:19 - INFO - check:check.py:699 - [质量检测] 进度: 2100/2375 (88%)
2026-10-05 08:53:33 - INFO - check:check.py:699 - [质量检测] 进度: 2200/2375 (92%)
2026-10-05 08:54:32 - INFO - check:check.py:699 - [质量检测] 进度: 2300/2375 (96%)
2026-10-05 08:55:18 - INFO - check:check.py:699 - [质量检测] 进度: 2375/2375 (100%)
2026-10-05 08:55:18 - INFO - check:check.py:754 - 质量检测完成: 总计=2254 通过=640 失败=258 超时=1153 错误=203
2026-10-05 08:55:18 - INFO - check:check.py:796 - 过滤后: 保留 339 个有效源，移除 1843 个失效源
2026-10-05 08:55:18 - INFO - root:main.py:655 - [黑名单建议] 以下域名检测频繁失败，可考虑加入 url_blacklist：
2026-10-05 08:55:18 - INFO - root:main.py:657 -   http://183.185.138.215:8003  失败次数=106  (failed=1, timeout=105)
2026-10-05 08:55:18 - INFO - root:main.py:657 -   http://218.56.123.244:3322udp:  失败次数=67  (error=67)
2026-10-05 08:55:18 - INFO - root:main.py:657 -   http://120.210.193.151:8006  失败次数=65  (timeout=65)
2026-10-05 08:55:18 - INFO - root:main.py:657 -   http://182.135.35.172:5555  失败次数=65  (failed=11, timeout=54)
2026-10-05 08:55:18 - INFO - root:main.py:657 -   http://139.214.183.177:9901  失败次数=58  (failed=16, timeout=42)
2026-10-05 08:55:18 - INFO - root:main.py:657 -   http://120.238.94.82:9901udp:  失败次数=58  (error=58)
2026-10-05 08:55:18 - INFO - root:main.py:657 -   http://192.168.102.1  失败次数=56  (timeout=56)
2026-10-05 08:55:18 - INFO - root:main.py:657 -   http://39.165.128.110:19901udp:  失败次数=52  (error=52)
2026-10-05 08:55:18 - INFO - root:main.py:657 -   http://120.198.86.186:9901  失败次数=51  (failed=1, timeout=50)
2026-10-05 08:55:18 - INFO - root:main.py:657 -   http://139.214.181.125:9901  失败次数=50  (failed=22, timeout=28)
2026-10-05 08:55:18 - INFO - root:main.py:657 -   http://124.129.78.63:9901  失败次数=49  (failed=1, timeout=48)
2026-10-05 08:55:18 - INFO - root:main.py:657 -   http://118.193.115.2:9901  失败次数=44  (failed=17, timeout=27)
2026-10-05 08:55:18 - INFO - root:main.py:657 -   http://110.72.77.100:8181  失败次数=42  (failed=26, timeout=16)
2026-10-05 08:55:18 - INFO - root:main.py:657 -   http://125.93.74.27:9002  失败次数=42  (timeout=42)
2026-10-05 08:55:18 - INFO - root:main.py:657 -   http://182.37.41.46:8154  失败次数=41  (timeout=41)
2026-10-05 08:55:18 - INFO - root:main.py:657 -   http://113.201.61.98:9901  失败次数=39  (failed=39)
2026-10-05 08:55:18 - INFO - root:main.py:657 -   http://222.214.208.34:59901  失败次数=37  (timeout=37)
2026-10-05 08:55:18 - INFO - root:main.py:657 -   http://221.232.196.87:7777  失败次数=37  (failed=14, timeout=23)
2026-10-05 08:55:18 - INFO - root:main.py:657 -   http://120.238.84.45:9901  失败次数=36  (failed=4, timeout=32)
2026-10-05 08:55:18 - INFO - root:main.py:657 -   http://221.232.196.210:7777  失败次数=36  (failed=14, timeout=22)
2026-10-05 08:55:18 - INFO - root:main.py:657 -   http://59.39.89.130:60901  失败次数=34  (failed=19, timeout=15)
2026-10-05 08:55:18 - INFO - root:main.py:657 -   http://192.168.10.200:8008  失败次数=34  (timeout=34)
2026-10-05 08:55:18 - INFO - root:main.py:657 -   http://112.27.5.218:9901  失败次数=34  (timeout=34)
2026-10-05 08:55:18 - INFO - root:main.py:657 -   http://219.140.7.209:7777  失败次数=33  (timeout=33)
2026-10-05 08:55:18 - INFO - root:main.py:657 -   http://171.8.87.99:9901  失败次数=32  (timeout=32)
2026-10-05 08:55:18 - INFO - root:main.py:657 -   http://139.227.221.147:9901  失败次数=31  (timeout=31)
2026-10-05 08:55:18 - INFO - root:main.py:657 -   http://219.145.93.74:10000  失败次数=30  (failed=5, timeout=25)
2026-10-05 08:55:18 - INFO - root:main.py:657 -   http://113.26.202.52:1299  失败次数=30  (failed=6, timeout=24)
2026-10-05 08:55:18 - INFO - root:main.py:657 -   http://175.0.71.18:8088  失败次数=30  (failed=1, timeout=29)
2026-10-05 08:55:18 - INFO - root:main.py:657 -   http://111.33.88.123:9901rtp:  失败次数=30  (error=30)
2026-10-05 08:55:18 - INFO - root:main.py:657 -   http://101.18.30.18:808  失败次数=29  (failed=2, timeout=27)
2026-10-05 08:55:18 - INFO - root:main.py:657 -   http://16.0.0.1:4001  失败次数=28  (timeout=28)
2026-10-05 08:55:18 - INFO - root:main.py:657 -   http://rihou.cc:555  失败次数=27  (empty=1, failed=22, timeout=4)
2026-10-05 08:55:18 - INFO - root:main.py:657 -   http://150.138.8.143  失败次数=26  (timeout=26)
2026-10-05 08:55:18 - INFO - root:main.py:657 -   http://183.234.143.5:5555  失败次数=23  (failed=14, timeout=9)
2026-10-05 08:55:18 - INFO - root:main.py:657 -   http://222.169.85.8:9901  失败次数=23  (timeout=23)
2026-10-05 08:55:18 - INFO - root:main.py:657 -   http://121.19.134.202:808  失败次数=23  (failed=5, timeout=18)
2026-10-05 08:55:18 - INFO - root:main.py:657 -   http://221.221.137.78:8000  失败次数=19  (timeout=19)
2026-10-05 08:55:18 - INFO - root:main.py:657 -   http://120.198.86.251:9901  失败次数=18  (failed=1, timeout=17)
2026-10-05 08:55:18 - INFO - root:main.py:657 -   http://218.104.239.114:9901  失败次数=17  (timeout=17)
2026-10-05 08:55:18 - INFO - root:main.py:657 -   http://221.221.137.78:9000  失败次数=17  (timeout=17)
2026-10-05 08:55:18 - INFO - root:main.py:657 -   http://36.136.38.87:9901  失败次数=13  (failed=2, timeout=11)
2026-10-05 08:55:18 - INFO - root:main.py:657 -   http://60.187.245.172:9901  失败次数=8  (failed=3, timeout=5)
2026-10-05 08:55:18 - INFO - root:main.py:657 -   https://cdn.qd.je  失败次数=6  (failed=5, timeout=1)
2026-10-05 08:55:18 - INFO - root:main.py:657 -   http://112.123.243.37:50085  失败次数=5  (failed=4, timeout=1)
2026-10-05 08:55:18 - INFO - root:main.py:657 -   http://112.99.195.122:65000  失败次数=4  (timeout=4)
2026-10-05 08:55:18 - INFO - root:main.py:657 -   http://111.33.88.123:9901udp:  失败次数=4  (error=4)
2026-10-05 08:55:18 - INFO - root:main.py:657 -   http://61.143.43.2:9901  失败次数=3  (timeout=3)
2026-10-05 08:55:18 - INFO - root:main.py:657 -   http://tvtj1.jxwltx.com:8003  失败次数=3  (timeout=3)
2026-10-05 08:55:18 - INFO - root:main.py:657 -   http://144.123.220.43:80  失败次数=3  (timeout=3)
2026-10-05 08:55:18 - INFO - root:main.py:657 -   http://153.0.171.163:9901  失败次数=2  (timeout=2)
2026-10-05 08:55:18 - INFO - root:main.py:657 -   http://113.90.154.189:9901  失败次数=2  (timeout=2)
2026-10-05 08:55:18 - INFO - root:main.py:657 -   http://tencentplaygzrb01.gztv.com  失败次数=2  (timeout=2)
2026-10-05 08:55:18 - INFO - root:main.py:657 -   http://php.jdshipin.com:8880  失败次数=2  (failed=2)
2026-10-05 08:55:18 - INFO - root:main.py:657 -   https://php.jdshipin.com  失败次数=1  (failed=1)
2026-10-05 08:55:18 - INFO - root:main.py:657 -   http://192.168.100.1  失败次数=1  (timeout=1)
2026-10-05 08:55:18 - INFO - root:main.py:657 -   http://iptv.4666888.xyz  失败次数=1  (timeout=1)
2026-10-05 08:55:18 - INFO - root:main.py:657 -   http://180.114.162.2:2380  失败次数=1  (timeout=1)
2026-10-05 08:55:18 - INFO - root:main.py:657 -   http://112.132.160.130:9901udp:  失败次数=1  (error=1)
2026-10-05 08:55:18 - INFO - root:main.py:657 -   http://144.123.220.47:80  失败次数=1  (timeout=1)
2026-10-05 08:55:18 - INFO - root:main.py:657 -   http://144.123.220.44:80  失败次数=1  (timeout=1)
2026-10-05 08:55:18 - INFO - root:main.py:657 -   http://webcast.hkstv.tv  失败次数=1  (error=1)
2026-10-05 08:55:18 - INFO - root:main.py:657 -   http://144.123.220.38:80  失败次数=1  (timeout=1)
2026-10-05 08:55:18 - INFO - root:main.py:657 -   http://144.123.220.42:80  失败次数=1  (timeout=1)
2026-10-05 08:55:18 - INFO - root:main.py:726 - [质量检测] 完成
2026-10-05 08:55:18 - INFO - root:main.py:730 - [订阅白名单] 开始抓取保底源...
2026-10-05 08:55:18 - INFO - root:main.py:303 - [抓取] 开始: http://192.168.1.31:2134
2026-10-05 08:55:18 - INFO - root:main.py:303 - [抓取] 开始: http://192.168.1.31:18808/hoy-proxy.txt
2026-10-05 08:55:18 - INFO - root:main.py:303 - [抓取] 开始: http://192.168.1.31:18080/channels.txt
2026-10-05 08:55:28 - ERROR - root:main.py:367 - [抓取] http://192.168.1.31:2134 超时 (>10s)
2026-10-05 08:55:28 - ERROR - root:main.py:367 - [抓取] http://192.168.1.31:18808/hoy-proxy.txt 超时 (>10s)
2026-10-05 08:55:28 - ERROR - root:main.py:367 - [抓取] http://192.168.1.31:18080/channels.txt 超时 (>10s)
2026-10-05 08:55:28 - INFO - root:main.py:276 - [匹配统计] 模板 137 频道，在线 0 URL，匹配 0 URL
2026-10-05 08:55:28 - INFO - root:main.py:734 - [订阅白名单] 匹配到 0 个频道
2026-10-05 08:55:28 - INFO - root:main.py:738 - [汇总] 频道分类 6 个，总频道数 63，总URL数 339
2026-10-05 08:55:29 - INFO - root:main.py:828 - [输出统计] 最终输出 63 频道 / 261 URL
2026-10-06 10:01:12 - INFO - root:main.py:193 - [别名映射] 从 config/alias.txt 加载 10030 条别名规则
2026-10-06 10:01:12 - INFO - root:main.py:666 - [抓取] 执行完整抓取流程，config.source_urls=4 个, hotel=True
2026-10-06 10:01:12 - WARNING - root:main.py:87 - [EPG映射] 从 http://e.erw.cc/e.xml.gz 加载失败，尝试下一个源: HTTPConnectionPool(host='e.erw.cc', port=80): Max retries exceeded with url: /e.xml.gz (Caused by NameResolutionError("HTTPConnection(host='e.erw.cc', port=80): Failed to resolve 'e.erw.cc' ([Errno -5] No address associated with hostname)"))
2026-10-06 10:01:22 - INFO - root:main.py:85 - [EPG映射] 从 https://gitee.com/taksssss/tv/raw/main/epg/112114.xml.gz 加载成功
2026-10-06 10:01:23 - WARNING - root:main.py:87 - [EPG映射] 从 http://epg.51zmt.top:8000/e.xml.gz 加载失败，尝试下一个源: Not a gzipped file (b'<?')
2026-10-06 10:01:23 - INFO - root:main.py:89 - [EPG映射] 共合并加载 514 个频道 ID
2026-10-06 10:01:23 - INFO - root:main.py:303 - [抓取] 开始: https://cdn.qd.je/live.m3u
2026-10-06 10:01:23 - INFO - root:main.py:303 - [抓取] 开始: http://rihou.cc:567/gggg.nzk
2026-10-06 10:01:23 - INFO - root:main.py:303 - [抓取] 开始: http://193.123.86.190:14888/TV/iptv.php
2026-10-06 10:01:23 - INFO - root:main.py:303 - [抓取] 开始: https://gh.927223.xyz/https://raw.githubusercontent.com/Kimentanm/aptv/master/m3u/iptv.m3u
2026-10-06 10:01:23 - INFO - root:main.py:312 - [抓取] http://193.123.86.190:14888/TV/iptv.php 获取成功，判断为m3u格式
2026-10-06 10:01:23 - INFO - root:main.py:356 - [抓取] http://193.123.86.190:14888/TV/iptv.php 抓取成功，包含频道分类: 央视频道, 卫视频道, 睛彩频道, 咪视界, 历年春晚, 轮播
2026-10-06 10:01:23 - INFO - root:main.py:357 - [抓取] http://193.123.86.190:14888/TV/iptv.php 共获取 188 个 URL
2026-10-06 10:01:23 - INFO - root:main.py:363 - [抓取] http://193.123.86.190:14888/TV/iptv.php 样本频道: ['CCTV1', 'CCTV1', 'CCTV2', 'CCTV2', 'CCTV3', '安徽卫视', '安徽卫视', '北京卫视', '北京卫视', '重庆卫视']
2026-10-06 10:01:24 - INFO - root:main.py:312 - [抓取] https://cdn.qd.je/live.m3u 获取成功，判断为m3u格式
2026-10-06 10:01:24 - INFO - root:main.py:356 - [抓取] https://cdn.qd.je/live.m3u 抓取成功，包含频道分类: mytv
2026-10-06 10:01:24 - INFO - root:main.py:357 - [抓取] https://cdn.qd.je/live.m3u 共获取 121 个 URL
2026-10-06 10:01:24 - INFO - root:main.py:363 - [抓取] https://cdn.qd.je/live.m3u 样本频道: ['翡翠台4K(字幕)', '凤凰中文', 'CCTV1港澳版', 'CCTV13', 'TVB Plus(字幕)']
2026-10-06 10:01:24 - ERROR - root:main.py:369 - [抓取] https://gh.927223.xyz/https://raw.githubusercontent.com/Kimentanm/aptv/master/m3u/iptv.m3u 网络错误: ClientResponseError: 403, message='Forbidden', url='https://gh.927223.xyz/https://raw.githubusercontent.com/Kimentanm/aptv/master/m3u/iptv.m3u'
2026-10-06 10:01:26 - INFO - root:main.py:312 - [抓取] http://rihou.cc:567/gggg.nzk 获取成功，判断为txt格式
2026-10-06 10:01:26 - INFO - root:main.py:356 - [抓取] http://rihou.cc:567/gggg.nzk 抓取成功，包含频道分类: 猫TV影视, 欣赏港乐, 赛事精锦, 央卫咪咕, 欣赏Pdtv, 欣赏频道, 网页音乐, 欣赏音乐, 特闽FYtv, 抖音网页, 荔枝网页, 虎牙频道, 爱奇频道, 广州电信, 童年频道, 亮剑全集, 雪豹全集, 凡人修仙, 华山论剑, Q-三国粤, 大时代粤, 流星花园, 还珠格格, 甄嬛传国, 大地恩情, 粤经典剧, 射雕英雄, 神雕侠侣, 视觉效果
2026-10-06 10:01:26 - INFO - root:main.py:357 - [抓取] http://rihou.cc:567/gggg.nzk 共获取 1615 个 URL
2026-10-06 10:01:26 - INFO - root:main.py:363 - [抓取] http://rihou.cc:567/gggg.nzk 样本频道: ['➡️抖舞陪看⬅️', '➡️白嫖软件⬅️', '➡️免费观看⬅️', '➡️大街网源⬅️', '➡️互相搬助⬅️', '⬇️港乐翻唱⬇️', '林咏诗翻唱一', '林咏诗翻唱二', '林咏诗翻唱三', '⬇️港乐粤翻⬇️']
2026-10-06 10:01:26 - INFO - root:main.py:385 - [抓取] 等待所有源完成...
2026-10-06 10:01:26 - INFO - root:main.py:276 - [匹配统计] 模板 137 频道，在线 1924 URL，匹配 166 URL
2026-10-06 10:01:26 - INFO - root:main.py:673 - [酒店源] 开始抓取...
2026-10-06 10:01:26 - INFO - fetch_hotel:fetch_hotel.py:69 - [酒店源] 共获取 994 个节点
2026-10-06 10:01:26 - INFO - fetch_hotel:fetch_hotel.py:79 - [酒店源] 类型分布: {'txiptv': 966, 'hsmdtv': 28}
2026-10-06 10:01:50 - INFO - fetch_hotel:fetch_hotel.py:272 - [酒店源] 延迟探测 994 个 host，存活 250，取最快 80 个
2026-10-06 10:01:53 - INFO - fetch_hotel:fetch_hotel.py:306 - [酒店源] 解析完成，共 2749 个频道-URL 组合
2026-10-06 10:01:53 - INFO - root:main.py:276 - [匹配统计] 模板 137 频道，在线 2749 URL，匹配 1943 URL
2026-10-06 10:01:53 - INFO - root:main.py:688 - [酒店源] 匹配到 99 个频道
2026-10-06 10:01:53 - INFO - root:main.py:693 - [组播源] 开始抓取...
2026-10-06 10:01:54 - INFO - fetch_multicast:fetch_multicast.py:112 - [组播源] 共 243 条，保留 243 条（dead=0，省份过滤=0，运营商过滤=0）
2026-10-06 10:01:54 - INFO - root:main.py:276 - [匹配统计] 模板 137 频道，在线 243 URL，匹配 132 URL
2026-10-06 10:01:54 - INFO - root:main.py:707 - [组播源] 匹配到 99 个频道
2026-10-06 10:01:54 - INFO - root:main.py:714 - [质量检测] 开始全量检测（无缓存模式）... enable_ffprobe=True, ffprobe_timeout=6s, min_resolution=1080
2026-10-06 10:01:54 - INFO - check:check.py:714 - 开始质量检测，共 2241 个 URL，并发数 10，HTTP 超时 3.5s，FFprobe 启用，超时 6s
2026-10-06 10:03:19 - INFO - check:check.py:699 - [质量检测] 进度: 100/2241 (4%)
2026-10-06 10:04:32 - INFO - check:check.py:699 - [质量检测] 进度: 200/2241 (8%)
2026-10-06 10:05:39 - INFO - check:check.py:699 - [质量检测] 进度: 300/2241 (13%)
2026-10-06 10:07:05 - INFO - check:check.py:699 - [质量检测] 进度: 400/2241 (17%)
2026-10-06 10:08:25 - INFO - check:check.py:699 - [质量检测] 进度: 500/2241 (22%)
2026-10-06 10:09:43 - INFO - check:check.py:699 - [质量检测] 进度: 600/2241 (26%)
2026-10-06 10:11:05 - INFO - check:check.py:699 - [质量检测] 进度: 700/2241 (31%)
2026-10-06 10:12:21 - INFO - check:check.py:699 - [质量检测] 进度: 800/2241 (35%)
2026-10-06 10:13:24 - INFO - check:check.py:699 - [质量检测] 进度: 900/2241 (40%)
2026-10-06 10:14:30 - INFO - check:check.py:699 - [质量检测] 进度: 1000/2241 (44%)
2026-10-06 10:15:43 - INFO - check:check.py:699 - [质量检测] 进度: 1100/2241 (49%)
2026-10-06 10:16:42 - INFO - check:check.py:699 - [质量检测] 进度: 1200/2241 (53%)
2026-10-06 10:17:52 - INFO - check:check.py:699 - [质量检测] 进度: 1300/2241 (58%)
2026-10-06 10:19:03 - INFO - check:check.py:699 - [质量检测] 进度: 1400/2241 (62%)
2026-10-06 10:20:18 - INFO - check:check.py:699 - [质量检测] 进度: 1500/2241 (66%)
2026-10-06 10:21:26 - INFO - check:check.py:699 - [质量检测] 进度: 1600/2241 (71%)
2026-10-06 10:22:36 - INFO - check:check.py:699 - [质量检测] 进度: 1700/2241 (75%)
2026-10-06 10:23:47 - INFO - check:check.py:699 - [质量检测] 进度: 1800/2241 (80%)
2026-10-06 10:24:53 - INFO - check:check.py:699 - [质量检测] 进度: 1900/2241 (84%)
2026-10-06 10:25:58 - INFO - check:check.py:699 - [质量检测] 进度: 2000/2241 (89%)
2026-10-06 10:27:05 - INFO - check:check.py:699 - [质量检测] 进度: 2100/2241 (93%)
2026-10-06 10:27:59 - INFO - check:check.py:699 - [质量检测] 进度: 2200/2241 (98%)
2026-10-06 10:28:28 - INFO - check:check.py:699 - [质量检测] 进度: 2241/2241 (100%)
2026-10-06 10:28:28 - INFO - check:check.py:754 - 质量检测完成: 总计=2149 通过=465 失败=260 超时=1171 错误=253
2026-10-06 10:28:28 - INFO - check:check.py:796 - 过滤后: 保留 229 个有效源，移除 1839 个失效源
2026-10-06 10:28:28 - INFO - root:main.py:655 - [黑名单建议] 以下域名检测频繁失败，可考虑加入 url_blacklist：
2026-10-06 10:28:28 - INFO - root:main.py:657 -   http://218.56.123.244:3322udp:  失败次数=67  (error=67)
2026-10-06 10:28:28 - INFO - root:main.py:657 -   http://120.210.193.151:8006  失败次数=65  (timeout=65)
2026-10-06 10:28:28 - INFO - root:main.py:657 -   http://139.214.181.125:9901  失败次数=58  (failed=14, timeout=44)
2026-10-06 10:28:28 - INFO - root:main.py:657 -   http://139.214.181.84:9901  失败次数=58  (failed=19, timeout=39)
2026-10-06 10:28:28 - INFO - root:main.py:657 -   http://120.238.94.82:9901udp:  失败次数=58  (error=58)
2026-10-06 10:28:28 - INFO - root:main.py:657 -   http://139.214.183.177:9901  失败次数=56  (failed=18, timeout=38)
2026-10-06 10:28:28 - INFO - root:main.py:657 -   http://192.168.102.1  失败次数=56  (timeout=56)
2026-10-06 10:28:28 - INFO - root:main.py:657 -   http://120.198.86.186:9901  失败次数=53  (failed=1, timeout=52)
2026-10-06 10:28:28 - INFO - root:main.py:657 -   http://59.39.89.130:60901  失败次数=53  (failed=19, timeout=34)
2026-10-06 10:28:28 - INFO - root:main.py:657 -   http://39.165.128.110:19901udp:  失败次数=52  (error=52)
2026-10-06 10:28:28 - INFO - root:main.py:657 -   http://124.129.78.63:9901  失败次数=50  (failed=1, timeout=49)
2026-10-06 10:28:28 - INFO - root:main.py:657 -   http://39.150.102.131:19901udp:  失败次数=49  (error=49)
2026-10-06 10:28:28 - INFO - root:main.py:657 -   http://118.193.115.2:9901  失败次数=46  (failed=17, timeout=29)
2026-10-06 10:28:28 - INFO - root:main.py:657 -   http://125.93.74.27:9002  失败次数=46  (timeout=46)
2026-10-06 10:28:28 - INFO - root:main.py:657 -   http://175.0.78.167:9999  失败次数=46  (timeout=46)
2026-10-06 10:28:28 - INFO - root:main.py:657 -   http://182.37.41.46:8154  失败次数=44  (timeout=44)
2026-10-06 10:28:28 - INFO - root:main.py:657 -   http://120.238.84.45:9901  失败次数=44  (failed=5, timeout=39)
2026-10-06 10:28:28 - INFO - root:main.py:657 -   http://rihou.cc:555  失败次数=42  (empty=1, failed=30, timeout=11)
2026-10-06 10:28:28 - INFO - root:main.py:657 -   http://113.201.61.98:9901  失败次数=39  (failed=39)
2026-10-06 10:28:28 - INFO - root:main.py:657 -   http://222.214.208.34:59901  失败次数=39  (timeout=39)
2026-10-06 10:28:28 - INFO - root:main.py:657 -   http://120.27.63.14:30006  失败次数=38  (timeout=38)
2026-10-06 10:28:28 - INFO - root:main.py:657 -   http://10.8.8.8:8008  失败次数=37  (timeout=37)
2026-10-06 10:28:28 - INFO - root:main.py:657 -   http://112.27.5.218:9901  失败次数=37  (failed=18, timeout=19)
2026-10-06 10:28:28 - INFO - root:main.py:657 -   http://110.72.77.100:8181  失败次数=35  (failed=26, timeout=9)
2026-10-06 10:28:28 - INFO - root:main.py:657 -   http://192.168.10.200:8008  失败次数=34  (timeout=34)
2026-10-06 10:28:28 - INFO - root:main.py:657 -   http://112.99.195.122:65000  失败次数=34  (timeout=34)
2026-10-06 10:28:28 - INFO - root:main.py:657 -   http://139.227.221.147:9901  失败次数=31  (timeout=31)
2026-10-06 10:28:28 - INFO - root:main.py:657 -   http://219.145.93.74:10000  失败次数=31  (failed=5, timeout=26)
2026-10-06 10:28:28 - INFO - root:main.py:657 -   http://221.232.196.87:7777  失败次数=30  (failed=14, timeout=16)
2026-10-06 10:28:28 - INFO - root:main.py:657 -   http://121.19.134.202:808  失败次数=30  (failed=4, timeout=26)
2026-10-06 10:28:28 - INFO - root:main.py:657 -   http://111.33.88.123:9901rtp:  失败次数=30  (error=30)
2026-10-06 10:28:28 - INFO - root:main.py:657 -   http://101.18.30.18:808  失败次数=29  (failed=1, timeout=28)
2026-10-06 10:28:28 - INFO - root:main.py:657 -   http://16.0.0.1:4001  失败次数=28  (timeout=28)
2026-10-06 10:28:28 - INFO - root:main.py:657 -   http://116.77.33.98:44330  失败次数=28  (failed=2, timeout=26)
2026-10-06 10:28:28 - INFO - root:main.py:657 -   http://218.104.239.114:9901  失败次数=27  (timeout=27)
2026-10-06 10:28:28 - INFO - root:main.py:657 -   http://150.138.8.143  失败次数=26  (timeout=26)
2026-10-06 10:28:28 - INFO - root:main.py:657 -   http://183.234.143.5:5555  失败次数=23  (failed=15, timeout=8)
2026-10-06 10:28:28 - INFO - root:main.py:657 -   http://221.221.137.78:8000  失败次数=21  (timeout=21)
2026-10-06 10:28:28 - INFO - root:main.py:657 -   http://221.221.137.78:9000  失败次数=21  (timeout=21)
2026-10-06 10:28:28 - INFO - root:main.py:657 -   http://120.198.86.251:9901  失败次数=17  (timeout=17)
2026-10-06 10:28:28 - INFO - root:main.py:657 -   http://113.90.154.189:9901  失败次数=14  (timeout=14)
2026-10-06 10:28:28 - INFO - root:main.py:657 -   http://61.143.43.2:9901  失败次数=12  (timeout=12)
2026-10-06 10:28:28 - INFO - root:main.py:657 -   http://36.136.38.87:9901  失败次数=10  (failed=2, timeout=8)
2026-10-06 10:28:28 - INFO - root:main.py:657 -   https://cdn.qd.je  失败次数=8  (failed=6, timeout=2)
2026-10-06 10:28:28 - INFO - root:main.py:657 -   http://153.0.171.163:9901  失败次数=7  (timeout=7)
2026-10-06 10:28:28 - INFO - root:main.py:657 -   https://php.jdshipin.com  失败次数=6  (failed=1, timeout=5)
2026-10-06 10:28:28 - INFO - root:main.py:657 -   http://183.223.157.33:9901  失败次数=5  (timeout=5)
2026-10-06 10:28:28 - INFO - root:main.py:657 -   http://123.157.31.182:7912  失败次数=4  (failed=1, timeout=3)
2026-10-06 10:28:28 - INFO - root:main.py:657 -   http://111.33.88.123:9901udp:  失败次数=4  (error=4)
2026-10-06 10:28:28 - INFO - root:main.py:657 -   http://120.196.232.54:8088  失败次数=3  (timeout=3)
2026-10-06 10:28:28 - INFO - root:main.py:657 -   http://120.196.232.27:8088  失败次数=3  (timeout=3)
2026-10-06 10:28:28 - INFO - root:main.py:657 -   http://120.196.232.31:8088  失败次数=3  (timeout=3)
2026-10-06 10:28:28 - INFO - root:main.py:657 -   http://120.196.232.55:8088  失败次数=3  (timeout=3)
2026-10-06 10:28:28 - INFO - root:main.py:657 -   http://120.196.232.21:8088  失败次数=3  (timeout=3)
2026-10-06 10:28:28 - INFO - root:main.py:657 -   http://tvtj1.jxwltx.com:8003  失败次数=3  (timeout=3)
2026-10-06 10:28:28 - INFO - root:main.py:657 -   http://144.123.220.43:80  失败次数=3  (timeout=3)
2026-10-06 10:28:28 - INFO - root:main.py:657 -   http://120.196.232.50:8088  失败次数=2  (timeout=2)
2026-10-06 10:28:28 - INFO - root:main.py:657 -   http://120.196.232.51:8088  失败次数=2  (timeout=2)
2026-10-06 10:28:28 - INFO - root:main.py:657 -   http://120.196.232.25:8088  失败次数=2  (timeout=2)
2026-10-06 10:28:28 - INFO - root:main.py:657 -   http://120.196.232.17:8088  失败次数=2  (timeout=2)
2026-10-06 10:28:28 - INFO - root:main.py:657 -   http://120.196.232.38:8088  失败次数=2  (timeout=2)
2026-10-06 10:28:28 - INFO - root:main.py:657 -   http://120.196.232.43:8088  失败次数=2  (timeout=2)
2026-10-06 10:28:28 - INFO - root:main.py:657 -   http://tencentplaygzrb01.gztv.com  失败次数=2  (timeout=2)
2026-10-06 10:28:28 - INFO - root:main.py:657 -   http://php.jdshipin.com:8880  失败次数=2  (failed=2)
2026-10-06 10:28:28 - INFO - root:main.py:657 -   http://120.196.232.15:8088  失败次数=2  (timeout=2)
2026-10-06 10:28:28 - INFO - root:main.py:657 -   http://119.39.9.8:9901  失败次数=1  (timeout=1)
2026-10-06 10:28:28 - INFO - root:main.py:657 -   http://120.196.232.36:8088  失败次数=1  (timeout=1)
2026-10-06 10:28:28 - INFO - root:main.py:657 -   http://192.168.100.1  失败次数=1  (timeout=1)
2026-10-06 10:28:28 - INFO - root:main.py:657 -   http://iptv.4666888.xyz  失败次数=1  (error=1)
2026-10-06 10:28:28 - INFO - root:main.py:657 -   http://120.196.232.22:8088  失败次数=1  (timeout=1)
2026-10-06 10:28:28 - INFO - root:main.py:657 -   http://180.114.162.2:2380  失败次数=1  (timeout=1)
2026-10-06 10:28:28 - INFO - root:main.py:657 -   http://120.196.232.46:8088  失败次数=1  (timeout=1)
2026-10-06 10:28:28 - INFO - root:main.py:657 -   http://120.196.232.45:8088  失败次数=1  (timeout=1)
2026-10-06 10:28:28 - INFO - root:main.py:657 -   http://120.196.232.28:8088  失败次数=1  (timeout=1)
2026-10-06 10:28:28 - INFO - root:main.py:657 -   http://173.208.212.130:8181  失败次数=1  (timeout=1)
2026-10-06 10:28:28 - INFO - root:main.py:657 -   http://113.207.84.199  失败次数=1  (timeout=1)
2026-10-06 10:28:28 - INFO - root:main.py:657 -   http://120.196.232.29:8088  失败次数=1  (timeout=1)
2026-10-06 10:28:28 - INFO - root:main.py:657 -   http://120.196.232.41:8088  失败次数=1  (timeout=1)
2026-10-06 10:28:28 - INFO - root:main.py:657 -   http://112.132.160.130:9901udp:  失败次数=1  (error=1)
2026-10-06 10:28:28 - INFO - root:main.py:657 -   http://120.196.232.18:8088  失败次数=1  (timeout=1)
2026-10-06 10:28:28 - INFO - root:main.py:657 -   http://144.123.220.47:80  失败次数=1  (timeout=1)
2026-10-06 10:28:28 - INFO - root:main.py:657 -   http://120.196.232.24:8088  失败次数=1  (timeout=1)
2026-10-06 10:28:28 - INFO - root:main.py:657 -   http://144.123.220.44:80  失败次数=1  (timeout=1)
2026-10-06 10:28:28 - INFO - root:main.py:657 -   http://120.196.232.52:8088  失败次数=1  (timeout=1)
2026-10-06 10:28:28 - INFO - root:main.py:657 -   http://webcast.hkstv.tv  失败次数=1  (error=1)
2026-10-06 10:28:28 - INFO - root:main.py:657 -   http://144.123.220.38:80  失败次数=1  (timeout=1)
2026-10-06 10:28:28 - INFO - root:main.py:657 -   http://144.123.220.42:80  失败次数=1  (timeout=1)
2026-10-06 10:28:28 - INFO - root:main.py:726 - [质量检测] 完成
2026-10-06 10:28:28 - INFO - root:main.py:730 - [订阅白名单] 开始抓取保底源...
2026-10-06 10:28:28 - INFO - root:main.py:303 - [抓取] 开始: http://192.168.1.31:2134
2026-10-06 10:28:28 - INFO - root:main.py:303 - [抓取] 开始: http://192.168.1.31:18808/hoy-proxy.txt
2026-10-06 10:28:28 - INFO - root:main.py:303 - [抓取] 开始: http://192.168.1.31:18080/channels.txt
2026-10-06 10:28:39 - ERROR - root:main.py:367 - [抓取] http://192.168.1.31:2134 超时 (>10s)
2026-10-06 10:28:39 - ERROR - root:main.py:367 - [抓取] http://192.168.1.31:18808/hoy-proxy.txt 超时 (>10s)
2026-10-06 10:28:39 - ERROR - root:main.py:367 - [抓取] http://192.168.1.31:18080/channels.txt 超时 (>10s)
2026-10-06 10:28:39 - INFO - root:main.py:276 - [匹配统计] 模板 137 频道，在线 0 URL，匹配 0 URL
2026-10-06 10:28:39 - INFO - root:main.py:734 - [订阅白名单] 匹配到 0 个频道
2026-10-06 10:28:39 - INFO - root:main.py:738 - [汇总] 频道分类 6 个，总频道数 62，总URL数 229
2026-10-06 10:28:39 - INFO - root:main.py:828 - [输出统计] 最终输出 62 频道 / 187 URL
2026-10-07 09:10:45 - INFO - root:main.py:193 - [别名映射] 从 config/alias.txt 加载 10030 条别名规则
2026-10-07 09:10:45 - INFO - root:main.py:666 - [抓取] 执行完整抓取流程，config.source_urls=4 个, hotel=True
2026-10-07 09:10:45 - WARNING - root:main.py:87 - [EPG映射] 从 http://e.erw.cc/e.xml.gz 加载失败，尝试下一个源: HTTPConnectionPool(host='e.erw.cc', port=80): Max retries exceeded with url: /e.xml.gz (Caused by NameResolutionError("HTTPConnection(host='e.erw.cc', port=80): Failed to resolve 'e.erw.cc' ([Errno -5] No address associated with hostname)"))
2026-10-07 09:10:54 - INFO - root:main.py:85 - [EPG映射] 从 https://gitee.com/taksssss/tv/raw/main/epg/112114.xml.gz 加载成功
2026-10-07 09:10:56 - WARNING - root:main.py:87 - [EPG映射] 从 http://epg.51zmt.top:8000/e.xml.gz 加载失败，尝试下一个源: Not a gzipped file (b'<?')
2026-10-07 09:10:56 - INFO - root:main.py:89 - [EPG映射] 共合并加载 491 个频道 ID
2026-10-07 09:10:56 - INFO - root:main.py:303 - [抓取] 开始: https://cdn.qd.je/live.m3u
2026-10-07 09:10:56 - INFO - root:main.py:303 - [抓取] 开始: http://rihou.cc:567/gggg.nzk
2026-10-07 09:10:56 - INFO - root:main.py:303 - [抓取] 开始: http://193.123.86.190:14888/TV/iptv.php
2026-10-07 09:10:56 - INFO - root:main.py:303 - [抓取] 开始: https://gh.927223.xyz/https://raw.githubusercontent.com/Kimentanm/aptv/master/m3u/iptv.m3u
2026-10-07 09:10:56 - INFO - root:main.py:312 - [抓取] http://193.123.86.190:14888/TV/iptv.php 获取成功，判断为m3u格式
2026-10-07 09:10:56 - INFO - root:main.py:356 - [抓取] http://193.123.86.190:14888/TV/iptv.php 抓取成功，包含频道分类: 央视频道, 卫视频道, 睛彩频道, 咪视界, 历年春晚, 轮播
2026-10-07 09:10:56 - INFO - root:main.py:357 - [抓取] http://193.123.86.190:14888/TV/iptv.php 共获取 188 个 URL
2026-10-07 09:10:56 - INFO - root:main.py:363 - [抓取] http://193.123.86.190:14888/TV/iptv.php 样本频道: ['CCTV1', 'CCTV1', 'CCTV2', 'CCTV2', 'CCTV3', '安徽卫视', '安徽卫视', '北京卫视', '北京卫视', '重庆卫视']
2026-10-07 09:10:56 - INFO - root:main.py:312 - [抓取] https://cdn.qd.je/live.m3u 获取成功，判断为m3u格式
2026-10-07 09:10:56 - INFO - root:main.py:356 - [抓取] https://cdn.qd.je/live.m3u 抓取成功，包含频道分类: mytv
2026-10-07 09:10:56 - INFO - root:main.py:357 - [抓取] https://cdn.qd.je/live.m3u 共获取 121 个 URL
2026-10-07 09:10:56 - INFO - root:main.py:363 - [抓取] https://cdn.qd.je/live.m3u 样本频道: ['翡翠台4K(字幕)', '凤凰中文', 'CCTV1港澳版', 'CCTV13', 'TVB Plus(字幕)']
2026-10-07 09:10:56 - ERROR - root:main.py:369 - [抓取] http://rihou.cc:567/gggg.nzk 网络错误: ClientResponseError: 500, message='Internal Server Error', url='http://rihou.cc:567/gggg.nzk'
2026-10-07 09:10:57 - ERROR - root:main.py:369 - [抓取] https://gh.927223.xyz/https://raw.githubusercontent.com/Kimentanm/aptv/master/m3u/iptv.m3u 网络错误: ClientResponseError: 403, message='Forbidden', url='https://gh.927223.xyz/https://raw.githubusercontent.com/Kimentanm/aptv/master/m3u/iptv.m3u'
2026-10-07 09:10:57 - INFO - root:main.py:385 - [抓取] 等待所有源完成...
2026-10-07 09:10:57 - INFO - root:main.py:276 - [匹配统计] 模板 137 频道，在线 309 URL，匹配 103 URL
2026-10-07 09:10:57 - INFO - root:main.py:673 - [酒店源] 开始抓取...
2026-10-07 09:10:59 - INFO - fetch_hotel:fetch_hotel.py:69 - [酒店源] 共获取 994 个节点
2026-10-07 09:10:59 - INFO - fetch_hotel:fetch_hotel.py:79 - [酒店源] 类型分布: {'txiptv': 966, 'hsmdtv': 28}
2026-10-07 09:11:24 - INFO - fetch_hotel:fetch_hotel.py:272 - [酒店源] 延迟探测 994 个 host，存活 238，取最快 80 个
2026-10-07 09:11:29 - INFO - fetch_hotel:fetch_hotel.py:306 - [酒店源] 解析完成，共 2536 个频道-URL 组合
2026-10-07 09:11:29 - INFO - root:main.py:276 - [匹配统计] 模板 137 频道，在线 2536 URL，匹配 1901 URL
2026-10-07 09:11:29 - INFO - root:main.py:688 - [酒店源] 匹配到 89 个频道
2026-10-07 09:11:29 - INFO - root:main.py:693 - [组播源] 开始抓取...
2026-10-07 09:11:29 - INFO - fetch_multicast:fetch_multicast.py:112 - [组播源] 共 1228 条，保留 1228 条（dead=0，省份过滤=0，运营商过滤=0）
2026-10-07 09:11:29 - INFO - root:main.py:276 - [匹配统计] 模板 137 频道，在线 1228 URL，匹配 545 URL
2026-10-07 09:11:29 - INFO - root:main.py:707 - [组播源] 匹配到 89 个频道
2026-10-07 09:11:29 - INFO - root:main.py:714 - [质量检测] 开始全量检测（无缓存模式）... enable_ffprobe=True, ffprobe_timeout=6s, min_resolution=1080
2026-10-07 09:11:29 - INFO - check:check.py:714 - 开始质量检测，共 2549 个 URL，并发数 10，HTTP 超时 3.5s，FFprobe 启用，超时 6s
2026-10-07 09:12:56 - INFO - check:check.py:699 - [质量检测] 进度: 100/2549 (3%)
2026-10-07 09:14:16 - INFO - check:check.py:699 - [质量检测] 进度: 200/2549 (7%)
2026-10-07 09:15:47 - INFO - check:check.py:699 - [质量检测] 进度: 300/2549 (11%)
2026-10-07 09:17:14 - INFO - check:check.py:699 - [质量检测] 进度: 400/2549 (15%)
2026-10-07 09:18:38 - INFO - check:check.py:699 - [质量检测] 进度: 500/2549 (19%)
2026-10-07 09:19:52 - INFO - check:check.py:699 - [质量检测] 进度: 600/2549 (23%)
2026-10-07 09:21:14 - INFO - check:check.py:699 - [质量检测] 进度: 700/2549 (27%)
2026-10-07 09:22:38 - INFO - check:check.py:699 - [质量检测] 进度: 800/2549 (31%)
2026-10-07 09:23:55 - INFO - check:check.py:699 - [质量检测] 进度: 900/2549 (35%)
2026-10-07 09:25:07 - INFO - check:check.py:699 - [质量检测] 进度: 1000/2549 (39%)
2026-10-07 09:26:28 - INFO - check:check.py:699 - [质量检测] 进度: 1100/2549 (43%)
2026-10-07 09:27:49 - INFO - check:check.py:699 - [质量检测] 进度: 1200/2549 (47%)
2026-10-07 09:29:06 - INFO - check:check.py:699 - [质量检测] 进度: 1300/2549 (51%)
2026-10-07 09:30:09 - INFO - check:check.py:699 - [质量检测] 进度: 1400/2549 (54%)
2026-10-07 09:31:15 - INFO - check:check.py:699 - [质量检测] 进度: 1500/2549 (58%)
2026-10-07 09:32:29 - INFO - check:check.py:699 - [质量检测] 进度: 1600/2549 (62%)
2026-10-07 09:33:42 - INFO - check:check.py:699 - [质量检测] 进度: 1700/2549 (66%)
2026-10-07 09:35:13 - INFO - check:check.py:699 - [质量检测] 进度: 1800/2549 (70%)
2026-10-07 09:36:25 - INFO - check:check.py:699 - [质量检测] 进度: 1900/2549 (74%)
2026-10-07 09:37:36 - INFO - check:check.py:699 - [质量检测] 进度: 2000/2549 (78%)
2026-10-07 09:38:49 - INFO - check:check.py:699 - [质量检测] 进度: 2100/2549 (82%)
2026-10-07 09:40:07 - INFO - check:check.py:699 - [质量检测] 进度: 2200/2549 (86%)
2026-10-07 09:41:24 - INFO - check:check.py:699 - [质量检测] 进度: 2300/2549 (90%)
2026-10-07 09:42:40 - INFO - check:check.py:699 - [质量检测] 进度: 2400/2549 (94%)
2026-10-07 09:43:47 - INFO - check:check.py:699 - [质量检测] 进度: 2500/2549 (98%)
2026-10-07 09:44:34 - INFO - check:check.py:699 - [质量检测] 进度: 2549/2549 (100%)
2026-10-07 09:44:34 - INFO - check:check.py:754 - 质量检测完成: 总计=2431 通过=864 失败=233 超时=1199 错误=135
2026-10-07 09:44:34 - INFO - check:check.py:796 - 过滤后: 保留 391 个有效源，移除 2058 个失效源
2026-10-07 09:44:34 - INFO - root:main.py:655 - [黑名单建议] 以下域名检测频繁失败，可考虑加入 url_blacklist：
2026-10-07 09:44:34 - INFO - root:main.py:657 -   http://182.143.115.80:40000  失败次数=129  (failed=1, timeout=128)
2026-10-07 09:44:34 - INFO - root:main.py:657 -   http://218.56.123.244:3322udp:  失败次数=67  (error=67)
2026-10-07 09:44:34 - INFO - root:main.py:657 -   http://120.210.193.151:8006  失败次数=65  (timeout=65)
2026-10-07 09:44:34 - INFO - root:main.py:657 -   http://139.214.183.177:9901  失败次数=58  (failed=19, timeout=39)
2026-10-07 09:44:34 - INFO - root:main.py:657 -   http://192.168.102.1  失败次数=56  (timeout=56)
2026-10-07 09:44:34 - INFO - root:main.py:657 -   http://59.39.89.130:60901  失败次数=55  (failed=19, timeout=36)
2026-10-07 09:44:34 - INFO - root:main.py:657 -   http://61.143.15.139:59901  失败次数=54  (failed=4, timeout=50)
2026-10-07 09:44:34 - INFO - root:main.py:657 -   http://39.150.102.131:19901udp:  失败次数=49  (error=49)
2026-10-07 09:44:34 - INFO - root:main.py:657 -   http://124.129.78.63:9901  失败次数=49  (failed=1, timeout=48)
2026-10-07 09:44:34 - INFO - root:main.py:657 -   http://110.72.77.100:8181  失败次数=47  (failed=26, timeout=21)
2026-10-07 09:44:34 - INFO - root:main.py:657 -   http://120.238.84.45:9901  失败次数=47  (failed=1, timeout=46)
2026-10-07 09:44:34 - INFO - root:main.py:657 -   http://118.193.115.2:9901  失败次数=46  (failed=17, timeout=29)
2026-10-07 09:44:34 - INFO - root:main.py:657 -   http://125.93.74.27:9002  失败次数=46  (timeout=46)
2026-10-07 09:44:34 - INFO - root:main.py:657 -   http://120.198.86.186:9901  失败次数=45  (failed=1, timeout=44)
2026-10-07 09:44:34 - INFO - root:main.py:657 -   http://123.139.57.170:9901  失败次数=42  (failed=42)
2026-10-07 09:44:34 - INFO - root:main.py:657 -   http://182.37.41.46:8154  失败次数=41  (timeout=41)
2026-10-07 09:44:34 - INFO - root:main.py:657 -   http://113.201.61.98:9901  失败次数=39  (failed=39)
2026-10-07 09:44:34 - INFO - root:main.py:657 -   http://10.8.8.8:8008  失败次数=37  (timeout=37)
2026-10-07 09:44:34 - INFO - root:main.py:657 -   http://221.232.196.87:7777  失败次数=35  (failed=14, timeout=21)
2026-10-07 09:44:34 - INFO - root:main.py:657 -   http://192.168.10.200:8008  失败次数=34  (timeout=34)
2026-10-07 09:44:34 - INFO - root:main.py:657 -   http://219.140.7.209:7777  失败次数=34  (timeout=34)
2026-10-07 09:44:34 - INFO - root:main.py:657 -   http://222.214.208.34:59901  失败次数=33  (timeout=33)
2026-10-07 09:44:34 - INFO - root:main.py:657 -   http://219.145.93.74:10000  失败次数=32  (failed=4, timeout=28)
2026-10-07 09:44:34 - INFO - root:main.py:657 -   http://139.227.221.147:9901  失败次数=31  (timeout=31)
2026-10-07 09:44:34 - INFO - root:main.py:657 -   http://175.0.71.18:8088  失败次数=30  (failed=1, timeout=29)
2026-10-07 09:44:34 - INFO - root:main.py:657 -   http://112.27.5.218:9901  失败次数=30  (timeout=30)
2026-10-07 09:44:34 - INFO - root:main.py:657 -   http://111.33.88.123:9901rtp:  失败次数=30  (error=30)
2026-10-07 09:44:34 - INFO - root:main.py:657 -   http://101.18.30.18:808  失败次数=29  (failed=6, timeout=23)
2026-10-07 09:44:34 - INFO - root:main.py:657 -   http://16.0.0.1:4001  失败次数=28  (timeout=28)
2026-10-07 09:44:34 - INFO - root:main.py:657 -   http://150.138.8.143  失败次数=26  (timeout=26)
2026-10-07 09:44:34 - INFO - root:main.py:657 -   http://113.26.202.52:1299  失败次数=24  (failed=6, timeout=18)
2026-10-07 09:44:34 - INFO - root:main.py:657 -   http://183.239.248.218:8181  失败次数=24  (timeout=24)
2026-10-07 09:44:34 - INFO - root:main.py:657 -   http://14.204.32.196:6410  失败次数=24  (timeout=24)
2026-10-07 09:44:34 - INFO - root:main.py:657 -   http://14.204.32.194:6410  失败次数=23  (timeout=23)
2026-10-07 09:44:34 - INFO - root:main.py:657 -   http://183.234.143.5:5555  失败次数=23  (failed=15, timeout=8)
2026-10-07 09:44:34 - INFO - root:main.py:657 -   http://221.221.137.78:9000  失败次数=21  (timeout=21)
2026-10-07 09:44:34 - INFO - root:main.py:657 -   http://221.221.137.78:8000  失败次数=20  (timeout=20)
2026-10-07 09:44:34 - INFO - root:main.py:657 -   http://112.99.195.122:65000  失败次数=19  (timeout=19)
2026-10-07 09:44:34 - INFO - root:main.py:657 -   http://36.136.38.87:9901  失败次数=18  (failed=2, timeout=16)
2026-10-07 09:44:34 - INFO - root:main.py:657 -   http://153.0.171.163:9901  失败次数=14  (timeout=14)
2026-10-07 09:44:34 - INFO - root:main.py:657 -   http://120.198.86.251:9901  失败次数=13  (timeout=13)
2026-10-07 09:44:34 - INFO - root:main.py:657 -   http://49.233.168.63:21899  失败次数=10  (timeout=10)
2026-10-07 09:44:34 - INFO - root:main.py:657 -   http://112.123.243.37:50085  失败次数=8  (failed=4, timeout=4)
2026-10-07 09:44:34 - INFO - root:main.py:657 -   http://epg.51zmt.top:6666  失败次数=7  (timeout=7)
2026-10-07 09:44:34 - INFO - root:main.py:657 -   https://cdn.qd.je  失败次数=7  (failed=5, timeout=2)
2026-10-07 09:44:34 - INFO - root:main.py:657 -   http://60.187.245.172:9901  失败次数=7  (failed=3, timeout=4)
2026-10-07 09:44:34 - INFO - root:main.py:657 -   http://tv.51zmt.top:6666  失败次数=6  (failed=1, timeout=5)
2026-10-07 09:44:34 - INFO - root:main.py:657 -   http://123.157.31.182:7912  失败次数=6  (failed=1, timeout=5)
2026-10-07 09:44:34 - INFO - root:main.py:657 -   http://61.143.43.2:9901  失败次数=6  (timeout=6)
2026-10-07 09:44:34 - INFO - root:main.py:657 -   http://111.33.88.123:9901udp:  失败次数=4  (error=4)
2026-10-07 09:44:34 - INFO - root:main.py:657 -   http://144.123.220.43:80  失败次数=3  (timeout=3)
2026-10-07 09:44:34 - INFO - root:main.py:657 -   https://php.jdshipin.com  失败次数=1  (failed=1)
2026-10-07 09:44:34 - INFO - root:main.py:657 -   http://120.70.60.179:9901  失败次数=1  (timeout=1)
2026-10-07 09:44:34 - INFO - root:main.py:657 -   http://192.168.100.1  失败次数=1  (timeout=1)
2026-10-07 09:44:34 - INFO - root:main.py:657 -   http://113.90.154.189:9901  失败次数=1  (timeout=1)
2026-10-07 09:44:34 - INFO - root:main.py:657 -   http://144.123.220.47:80  失败次数=1  (timeout=1)
2026-10-07 09:44:34 - INFO - root:main.py:657 -   http://144.123.220.44:80  失败次数=1  (timeout=1)
2026-10-07 09:44:34 - INFO - root:main.py:657 -   http://112.132.160.130:9901udp:  失败次数=1  (error=1)
2026-10-07 09:44:34 - INFO - root:main.py:657 -   http://144.123.220.38:80  失败次数=1  (timeout=1)
2026-10-07 09:44:34 - INFO - root:main.py:657 -   http://144.123.220.42:80  失败次数=1  (timeout=1)
2026-10-07 09:44:34 - INFO - root:main.py:726 - [质量检测] 完成
2026-10-07 09:44:34 - INFO - root:main.py:730 - [订阅白名单] 开始抓取保底源...
2026-10-07 09:44:34 - INFO - root:main.py:303 - [抓取] 开始: http://192.168.1.31:2134
2026-10-07 09:44:34 - INFO - root:main.py:303 - [抓取] 开始: http://192.168.1.31:18808/hoy-proxy.txt
2026-10-07 09:44:34 - INFO - root:main.py:303 - [抓取] 开始: http://192.168.1.31:18080/channels.txt
2026-10-07 09:44:44 - ERROR - root:main.py:367 - [抓取] http://192.168.1.31:2134 超时 (>10s)
2026-10-07 09:44:44 - ERROR - root:main.py:367 - [抓取] http://192.168.1.31:18808/hoy-proxy.txt 超时 (>10s)
2026-10-07 09:44:44 - ERROR - root:main.py:367 - [抓取] http://192.168.1.31:18080/channels.txt 超时 (>10s)
2026-10-07 09:44:44 - INFO - root:main.py:276 - [匹配统计] 模板 137 频道，在线 0 URL，匹配 0 URL
2026-10-07 09:44:44 - INFO - root:main.py:734 - [订阅白名单] 匹配到 0 个频道
2026-10-07 09:44:44 - INFO - root:main.py:738 - [汇总] 频道分类 6 个，总频道数 70，总URL数 391
2026-10-07 09:44:45 - INFO - root:main.py:828 - [输出统计] 最终输出 70 频道 / 305 URL
2026-10-08 09:30:06 - INFO - root:main.py:193 - [别名映射] 从 config/alias.txt 加载 10030 条别名规则
2026-10-08 09:30:06 - INFO - root:main.py:666 - [抓取] 执行完整抓取流程，config.source_urls=4 个, hotel=True
2026-10-08 09:30:06 - WARNING - root:main.py:87 - [EPG映射] 从 http://e.erw.cc/e.xml.gz 加载失败，尝试下一个源: HTTPConnectionPool(host='e.erw.cc', port=80): Max retries exceeded with url: /e.xml.gz (Caused by NameResolutionError("HTTPConnection(host='e.erw.cc', port=80): Failed to resolve 'e.erw.cc' ([Errno -5] No address associated with hostname)"))
2026-10-08 09:30:16 - INFO - root:main.py:85 - [EPG映射] 从 https://gitee.com/taksssss/tv/raw/main/epg/112114.xml.gz 加载成功
2026-10-08 09:30:17 - WARNING - root:main.py:87 - [EPG映射] 从 http://epg.51zmt.top:8000/e.xml.gz 加载失败，尝试下一个源: Not a gzipped file (b'<?')
2026-10-08 09:30:17 - INFO - root:main.py:89 - [EPG映射] 共合并加载 525 个频道 ID
2026-10-08 09:30:17 - INFO - root:main.py:303 - [抓取] 开始: https://cdn.qd.je/live.m3u
2026-10-08 09:30:17 - INFO - root:main.py:303 - [抓取] 开始: http://rihou.cc:567/gggg.nzk
2026-10-08 09:30:17 - INFO - root:main.py:303 - [抓取] 开始: http://193.123.86.190:14888/TV/iptv.php
2026-10-08 09:30:17 - INFO - root:main.py:303 - [抓取] 开始: https://gh.927223.xyz/https://raw.githubusercontent.com/Kimentanm/aptv/master/m3u/iptv.m3u
2026-10-08 09:30:17 - INFO - root:main.py:312 - [抓取] http://193.123.86.190:14888/TV/iptv.php 获取成功，判断为m3u格式
2026-10-08 09:30:17 - INFO - root:main.py:356 - [抓取] http://193.123.86.190:14888/TV/iptv.php 抓取成功，包含频道分类: 央视频道, 卫视频道, 睛彩频道, 咪视界, 历年春晚, 轮播
2026-10-08 09:30:17 - INFO - root:main.py:357 - [抓取] http://193.123.86.190:14888/TV/iptv.php 共获取 188 个 URL
2026-10-08 09:30:17 - INFO - root:main.py:363 - [抓取] http://193.123.86.190:14888/TV/iptv.php 样本频道: ['CCTV1', 'CCTV1', 'CCTV2', 'CCTV2', 'CCTV3', '安徽卫视', '安徽卫视', '北京卫视', '北京卫视', '重庆卫视']
2026-10-08 09:30:18 - INFO - root:main.py:312 - [抓取] https://cdn.qd.je/live.m3u 获取成功，判断为m3u格式
2026-10-08 09:30:18 - INFO - root:main.py:356 - [抓取] https://cdn.qd.je/live.m3u 抓取成功，包含频道分类: mytv
2026-10-08 09:30:18 - INFO - root:main.py:357 - [抓取] https://cdn.qd.je/live.m3u 共获取 121 个 URL
2026-10-08 09:30:18 - INFO - root:main.py:363 - [抓取] https://cdn.qd.je/live.m3u 样本频道: ['翡翠台4K(字幕)', '凤凰中文', 'CCTV1港澳版', 'CCTV13', 'TVB Plus(字幕)']
2026-10-08 09:30:18 - ERROR - root:main.py:369 - [抓取] https://gh.927223.xyz/https://raw.githubusercontent.com/Kimentanm/aptv/master/m3u/iptv.m3u 网络错误: ClientResponseError: 403, message='Forbidden', url='https://gh.927223.xyz/https://raw.githubusercontent.com/Kimentanm/aptv/master/m3u/iptv.m3u'
2026-10-08 09:30:27 - ERROR - root:main.py:367 - [抓取] http://rihou.cc:567/gggg.nzk 超时 (>10s)
2026-10-08 09:30:27 - INFO - root:main.py:385 - [抓取] 等待所有源完成...
2026-10-08 09:30:27 - INFO - root:main.py:276 - [匹配统计] 模板 137 频道，在线 309 URL，匹配 103 URL
2026-10-08 09:30:27 - INFO - root:main.py:673 - [酒店源] 开始抓取...
2026-10-08 09:30:28 - INFO - fetch_hotel:fetch_hotel.py:69 - [酒店源] 共获取 759 个节点
2026-10-08 09:30:28 - INFO - fetch_hotel:fetch_hotel.py:79 - [酒店源] 类型分布: {'txiptv': 742, 'hsmdtv': 17}
2026-10-08 09:30:46 - INFO - fetch_hotel:fetch_hotel.py:272 - [酒店源] 延迟探测 759 个 host，存活 235，取最快 80 个
2026-10-08 09:30:52 - INFO - fetch_hotel:fetch_hotel.py:306 - [酒店源] 解析完成，共 2536 个频道-URL 组合
2026-10-08 09:30:52 - INFO - root:main.py:276 - [匹配统计] 模板 137 频道，在线 2536 URL，匹配 1905 URL
2026-10-08 09:30:52 - INFO - root:main.py:688 - [酒店源] 匹配到 89 个频道
2026-10-08 09:30:52 - INFO - root:main.py:693 - [组播源] 开始抓取...
2026-10-08 09:30:52 - INFO - fetch_multicast:fetch_multicast.py:112 - [组播源] 共 936 条，保留 921 条（dead=0，省份过滤=0，运营商过滤=0）
2026-10-08 09:30:52 - INFO - root:main.py:276 - [匹配统计] 模板 137 频道，在线 921 URL，匹配 416 URL
2026-10-08 09:30:52 - INFO - root:main.py:707 - [组播源] 匹配到 90 个频道
2026-10-08 09:30:52 - INFO - root:main.py:714 - [质量检测] 开始全量检测（无缓存模式）... enable_ffprobe=True, ffprobe_timeout=6s, min_resolution=1080
2026-10-08 09:30:52 - INFO - check:check.py:714 - 开始质量检测，共 2424 个 URL，并发数 10，HTTP 超时 3.5s，FFprobe 启用，超时 6s
2026-10-08 09:32:24 - INFO - check:check.py:699 - [质量检测] 进度: 100/2424 (4%)
2026-10-08 09:33:58 - INFO - check:check.py:699 - [质量检测] 进度: 200/2424 (8%)
2026-10-08 09:35:16 - INFO - check:check.py:699 - [质量检测] 进度: 300/2424 (12%)
2026-10-08 09:37:02 - INFO - check:check.py:699 - [质量检测] 进度: 400/2424 (16%)
2026-10-08 09:38:22 - INFO - check:check.py:699 - [质量检测] 进度: 500/2424 (20%)
2026-10-08 09:39:44 - INFO - check:check.py:699 - [质量检测] 进度: 600/2424 (24%)
2026-10-08 09:41:08 - INFO - check:check.py:699 - [质量检测] 进度: 700/2424 (28%)
2026-10-08 09:42:32 - INFO - check:check.py:699 - [质量检测] 进度: 800/2424 (33%)
2026-10-08 09:44:00 - INFO - check:check.py:699 - [质量检测] 进度: 900/2424 (37%)
2026-10-08 09:45:05 - INFO - check:check.py:699 - [质量检测] 进度: 1000/2424 (41%)
2026-10-08 09:46:24 - INFO - check:check.py:699 - [质量检测] 进度: 1100/2424 (45%)
2026-10-08 09:47:29 - INFO - check:check.py:699 - [质量检测] 进度: 1200/2424 (49%)
2026-10-08 09:48:40 - INFO - check:check.py:699 - [质量检测] 进度: 1300/2424 (53%)
2026-10-08 09:49:48 - INFO - check:check.py:699 - [质量检测] 进度: 1400/2424 (57%)
2026-10-08 09:51:00 - INFO - check:check.py:699 - [质量检测] 进度: 1500/2424 (61%)
2026-10-08 09:52:15 - INFO - check:check.py:699 - [质量检测] 进度: 1600/2424 (66%)
2026-10-08 09:53:29 - INFO - check:check.py:699 - [质量检测] 进度: 1700/2424 (70%)
2026-10-08 09:54:45 - INFO - check:check.py:699 - [质量检测] 进度: 1800/2424 (74%)
2026-10-08 09:55:51 - INFO - check:check.py:699 - [质量检测] 进度: 1900/2424 (78%)
2026-10-08 09:57:03 - INFO - check:check.py:699 - [质量检测] 进度: 2000/2424 (82%)
2026-10-08 09:58:27 - INFO - check:check.py:699 - [质量检测] 进度: 2100/2424 (86%)
2026-10-08 09:59:44 - INFO - check:check.py:699 - [质量检测] 进度: 2200/2424 (90%)
2026-10-08 10:00:52 - INFO - check:check.py:699 - [质量检测] 进度: 2300/2424 (94%)
2026-10-08 10:02:01 - INFO - check:check.py:699 - [质量检测] 进度: 2400/2424 (99%)
2026-10-08 10:02:16 - INFO - check:check.py:699 - [质量检测] 进度: 2424/2424 (100%)
2026-10-08 10:02:16 - INFO - check:check.py:754 - 质量检测完成: 总计=2298 通过=755 失败=181 超时=1171 错误=191
2026-10-08 10:02:16 - INFO - check:check.py:796 - 过滤后: 保留 407 个有效源，移除 1935 个失效源
2026-10-08 10:02:16 - INFO - root:main.py:655 - [黑名单建议] 以下域名检测频繁失败，可考虑加入 url_blacklist：
2026-10-08 10:02:16 - INFO - root:main.py:657 -   http://218.56.123.244:3322udp:  失败次数=67  (error=67)
2026-10-08 10:02:16 - INFO - root:main.py:657 -   http://120.210.193.151:8006  失败次数=65  (timeout=65)
2026-10-08 10:02:16 - INFO - root:main.py:657 -   http://139.214.181.84:9901  失败次数=58  (failed=27, timeout=31)
2026-10-08 10:02:16 - INFO - root:main.py:657 -   http://120.238.94.82:9901udp:  失败次数=58  (error=58)
2026-10-08 10:02:16 - INFO - root:main.py:657 -   http://192.168.102.1  失败次数=56  (timeout=56)
2026-10-08 10:02:16 - INFO - root:main.py:657 -   http://123.234.205.81:4000  失败次数=51  (failed=2, timeout=49)
2026-10-08 10:02:16 - INFO - root:main.py:657 -   http://124.129.78.63:9901  失败次数=50  (failed=1, timeout=49)
2026-10-08 10:02:16 - INFO - root:main.py:657 -   http://39.150.102.131:19901udp:  失败次数=49  (error=49)
2026-10-08 10:02:16 - INFO - root:main.py:657 -   http://175.0.78.167:9999  失败次数=46  (timeout=46)
2026-10-08 10:02:16 - INFO - root:main.py:657 -   http://125.93.74.27:9002  失败次数=45  (timeout=45)
2026-10-08 10:02:16 - INFO - root:main.py:657 -   http://118.193.115.2:9901  失败次数=44  (failed=17, timeout=27)
2026-10-08 10:02:16 - INFO - root:main.py:657 -   http://183.239.248.218:8181  失败次数=44  (timeout=44)
2026-10-08 10:02:16 - INFO - root:main.py:657 -   http://59.39.89.130:60901  失败次数=43  (failed=19, timeout=24)
2026-10-08 10:02:16 - INFO - root:main.py:657 -   http://182.37.41.46:8154  失败次数=42  (timeout=42)
2026-10-08 10:02:16 - INFO - root:main.py:657 -   http://112.99.195.122:65000  失败次数=42  (timeout=42)
2026-10-08 10:02:16 - INFO - root:main.py:657 -   http://113.201.61.98:9901  失败次数=39  (failed=39)
2026-10-08 10:02:16 - INFO - root:main.py:657 -   http://222.214.208.34:59901  失败次数=39  (timeout=39)
2026-10-08 10:02:16 - INFO - root:main.py:657 -   http://116.77.33.98:44330  失败次数=38  (timeout=38)
2026-10-08 10:02:16 - INFO - root:main.py:657 -   http://10.8.8.8:8008  失败次数=37  (timeout=37)
2026-10-08 10:02:16 - INFO - root:main.py:657 -   http://219.140.7.209:7777  失败次数=37  (timeout=37)
2026-10-08 10:02:16 - INFO - root:main.py:657 -   http://218.104.239.114:9901  失败次数=35  (timeout=35)
2026-10-08 10:02:16 - INFO - root:main.py:657 -   http://120.238.84.45:9901  失败次数=35  (timeout=35)
2026-10-08 10:02:16 - INFO - root:main.py:657 -   http://192.168.10.200:8008  失败次数=34  (timeout=34)
2026-10-08 10:02:16 - INFO - root:main.py:657 -   http://221.232.196.87:7777  失败次数=34  (failed=14, timeout=20)
2026-10-08 10:02:16 - INFO - root:main.py:657 -   http://139.227.221.147:9901  失败次数=31  (timeout=31)
2026-10-08 10:02:16 - INFO - root:main.py:657 -   http://219.145.93.74:10000  失败次数=31  (failed=5, timeout=26)
2026-10-08 10:02:16 - INFO - root:main.py:657 -   http://175.0.71.18:8088  失败次数=30  (failed=2, timeout=28)
2026-10-08 10:02:16 - INFO - root:main.py:657 -   http://111.33.88.123:9901rtp:  失败次数=30  (error=30)
2026-10-08 10:02:16 - INFO - root:main.py:657 -   http://101.18.30.18:808  失败次数=29  (failed=2, timeout=27)
2026-10-08 10:02:16 - INFO - root:main.py:657 -   http://16.0.0.1:4001  失败次数=28  (timeout=28)
2026-10-08 10:02:16 - INFO - root:main.py:657 -   http://58.46.203.135:4022  失败次数=27  (failed=3, timeout=24)
2026-10-08 10:02:16 - INFO - root:main.py:657 -   http://150.138.8.143  失败次数=26  (timeout=26)
2026-10-08 10:02:16 - INFO - root:main.py:657 -   http://113.26.202.52:1299  失败次数=24  (failed=6, timeout=18)
2026-10-08 10:02:16 - INFO - root:main.py:657 -   http://112.123.243.37:50085  失败次数=24  (failed=4, timeout=20)
2026-10-08 10:02:16 - INFO - root:main.py:657 -   http://114.246.180.76:8888  失败次数=24  (failed=16, timeout=8)
2026-10-08 10:02:16 - INFO - root:main.py:657 -   http://183.234.143.5:5555  失败次数=23  (failed=15, timeout=8)
2026-10-08 10:02:16 - INFO - root:main.py:657 -   http://221.221.137.78:9000  失败次数=19  (timeout=19)
2026-10-08 10:02:16 - INFO - root:main.py:657 -   http://112.27.5.218:9901  失败次数=19  (timeout=19)
2026-10-08 10:02:16 - INFO - root:main.py:657 -   http://120.198.86.186:9901  失败次数=19  (failed=1, timeout=18)
2026-10-08 10:02:16 - INFO - root:main.py:657 -   http://120.198.86.251:9901  失败次数=16  (timeout=16)
2026-10-08 10:02:16 - INFO - root:main.py:657 -   http://221.221.137.78:8000  失败次数=14  (timeout=14)
2026-10-08 10:02:16 - INFO - root:main.py:657 -   http://153.0.171.163:9901  失败次数=14  (timeout=14)
2026-10-08 10:02:16 - INFO - root:main.py:657 -   http://183.223.157.33:9901  失败次数=11  (failed=1, timeout=10)
2026-10-08 10:02:16 - INFO - root:main.py:657 -   http://61.143.43.2:9901  失败次数=10  (timeout=10)
2026-10-08 10:02:16 - INFO - root:main.py:657 -   http://36.136.38.87:9901  失败次数=10  (failed=2, timeout=8)
2026-10-08 10:02:16 - INFO - root:main.py:657 -   https://cdn.qd.je  失败次数=6  (failed=6)
2026-10-08 10:02:16 - INFO - root:main.py:657 -   http://120.70.60.179:9901  失败次数=4  (timeout=4)
2026-10-08 10:02:16 - INFO - root:main.py:657 -   http://111.33.88.123:9901udp:  失败次数=4  (error=4)
2026-10-08 10:02:16 - INFO - root:main.py:657 -   http://120.196.232.54:8088  失败次数=3  (timeout=3)
2026-10-08 10:02:16 - INFO - root:main.py:657 -   http://120.196.232.27:8088  失败次数=3  (timeout=3)
2026-10-08 10:02:16 - INFO - root:main.py:657 -   http://120.196.232.31:8088  失败次数=3  (timeout=3)
2026-10-08 10:02:16 - INFO - root:main.py:657 -   http://120.196.232.55:8088  失败次数=3  (timeout=3)
2026-10-08 10:02:16 - INFO - root:main.py:657 -   http://120.196.232.21:8088  失败次数=3  (timeout=3)
2026-10-08 10:02:16 - INFO - root:main.py:657 -   http://144.123.220.43:80  失败次数=3  (timeout=3)
2026-10-08 10:02:16 - INFO - root:main.py:657 -   http://120.196.232.50:8088  失败次数=2  (timeout=2)
2026-10-08 10:02:16 - INFO - root:main.py:657 -   http://120.196.232.51:8088  失败次数=2  (timeout=2)
2026-10-08 10:02:16 - INFO - root:main.py:657 -   http://120.196.232.25:8088  失败次数=2  (timeout=2)
2026-10-08 10:02:16 - INFO - root:main.py:657 -   http://120.196.232.17:8088  失败次数=2  (timeout=2)
2026-10-08 10:02:16 - INFO - root:main.py:657 -   http://120.196.232.38:8088  失败次数=2  (timeout=2)
2026-10-08 10:02:16 - INFO - root:main.py:657 -   http://120.196.232.43:8088  失败次数=2  (timeout=2)
2026-10-08 10:02:16 - INFO - root:main.py:657 -   http://120.196.232.15:8088  失败次数=2  (timeout=2)
2026-10-08 10:02:16 - INFO - root:main.py:657 -   https://php.jdshipin.com  失败次数=1  (failed=1)
2026-10-08 10:02:16 - INFO - root:main.py:657 -   http://120.196.232.36:8088  失败次数=1  (timeout=1)
2026-10-08 10:02:16 - INFO - root:main.py:657 -   http://49.233.168.63:21899  失败次数=1  (timeout=1)
2026-10-08 10:02:16 - INFO - root:main.py:657 -   http://113.90.154.189:9901  失败次数=1  (timeout=1)
2026-10-08 10:02:16 - INFO - root:main.py:657 -   http://192.168.100.1  失败次数=1  (timeout=1)
2026-10-08 10:02:16 - INFO - root:main.py:657 -   http://120.196.232.22:8088  失败次数=1  (timeout=1)
2026-10-08 10:02:16 - INFO - root:main.py:657 -   http://120.196.232.46:8088  失败次数=1  (timeout=1)
2026-10-08 10:02:16 - INFO - root:main.py:657 -   http://120.196.232.45:8088  失败次数=1  (timeout=1)
2026-10-08 10:02:16 - INFO - root:main.py:657 -   http://120.196.232.28:8088  失败次数=1  (timeout=1)
2026-10-08 10:02:16 - INFO - root:main.py:657 -   http://113.207.84.199  失败次数=1  (timeout=1)
2026-10-08 10:02:16 - INFO - root:main.py:657 -   http://120.196.232.29:8088  失败次数=1  (timeout=1)
2026-10-08 10:02:16 - INFO - root:main.py:657 -   http://120.196.232.41:8088  失败次数=1  (timeout=1)
2026-10-08 10:02:16 - INFO - root:main.py:657 -   http://120.196.232.18:8088  失败次数=1  (timeout=1)
2026-10-08 10:02:16 - INFO - root:main.py:657 -   http://144.123.220.47:80  失败次数=1  (timeout=1)
2026-10-08 10:02:16 - INFO - root:main.py:657 -   http://120.196.232.24:8088  失败次数=1  (timeout=1)
2026-10-08 10:02:16 - INFO - root:main.py:657 -   http://144.123.220.44:80  失败次数=1  (timeout=1)
2026-10-08 10:02:16 - INFO - root:main.py:657 -   http://120.196.232.52:8088  失败次数=1  (timeout=1)
2026-10-08 10:02:16 - INFO - root:main.py:657 -   http://112.132.160.130:9901udp:  失败次数=1  (error=1)
2026-10-08 10:02:16 - INFO - root:main.py:657 -   http://144.123.220.38:80  失败次数=1  (timeout=1)
2026-10-08 10:02:16 - INFO - root:main.py:657 -   http://117.57.78.26:8888  失败次数=1  (timeout=1)
2026-10-08 10:02:16 - INFO - root:main.py:657 -   http://144.123.220.42:80  失败次数=1  (timeout=1)
2026-10-08 10:02:16 - INFO - root:main.py:726 - [质量检测] 完成
2026-10-08 10:02:16 - INFO - root:main.py:730 - [订阅白名单] 开始抓取保底源...
2026-10-08 10:02:16 - INFO - root:main.py:303 - [抓取] 开始: http://192.168.1.31:2134
2026-10-08 10:02:16 - INFO - root:main.py:303 - [抓取] 开始: http://192.168.1.31:18808/hoy-proxy.txt
2026-10-08 10:02:16 - INFO - root:main.py:303 - [抓取] 开始: http://192.168.1.31:18080/channels.txt
2026-10-08 10:02:26 - ERROR - root:main.py:367 - [抓取] http://192.168.1.31:2134 超时 (>10s)
2026-10-08 10:02:26 - ERROR - root:main.py:367 - [抓取] http://192.168.1.31:18808/hoy-proxy.txt 超时 (>10s)
2026-10-08 10:02:26 - ERROR - root:main.py:367 - [抓取] http://192.168.1.31:18080/channels.txt 超时 (>10s)
2026-10-08 10:02:26 - INFO - root:main.py:276 - [匹配统计] 模板 137 频道，在线 0 URL，匹配 0 URL
2026-10-08 10:02:26 - INFO - root:main.py:734 - [订阅白名单] 匹配到 0 个频道
2026-10-08 10:02:26 - INFO - root:main.py:738 - [汇总] 频道分类 6 个，总频道数 71，总URL数 407
2026-10-08 10:02:26 - INFO - root:main.py:828 - [输出统计] 最终输出 71 频道 / 312 URL
2026-10-09 09:39:10 - INFO - root:main.py:193 - [别名映射] 从 config/alias.txt 加载 10030 条别名规则
2026-10-09 09:39:10 - INFO - root:main.py:666 - [抓取] 执行完整抓取流程，config.source_urls=4 个, hotel=True
2026-10-09 09:39:11 - WARNING - root:main.py:87 - [EPG映射] 从 http://e.erw.cc/e.xml.gz 加载失败，尝试下一个源: HTTPConnectionPool(host='e.erw.cc', port=80): Max retries exceeded with url: /e.xml.gz (Caused by NameResolutionError("HTTPConnection(host='e.erw.cc', port=80): Failed to resolve 'e.erw.cc' ([Errno -5] No address associated with hostname)"))
2026-10-09 09:39:17 - INFO - root:main.py:85 - [EPG映射] 从 https://gitee.com/taksssss/tv/raw/main/epg/112114.xml.gz 加载成功
2026-10-09 09:39:18 - INFO - root:main.py:85 - [EPG映射] 从 http://epg.51zmt.top:8000/e.xml.gz 加载成功
2026-10-09 09:39:18 - INFO - root:main.py:89 - [EPG映射] 共合并加载 575 个频道 ID
2026-10-09 09:39:18 - INFO - root:main.py:303 - [抓取] 开始: https://cdn.qd.je/live.m3u
2026-10-09 09:39:18 - INFO - root:main.py:303 - [抓取] 开始: http://rihou.cc:567/gggg.nzk
2026-10-09 09:39:18 - INFO - root:main.py:303 - [抓取] 开始: http://193.123.86.190:14888/TV/iptv.php
2026-10-09 09:39:18 - INFO - root:main.py:303 - [抓取] 开始: https://gh.927223.xyz/https://raw.githubusercontent.com/Kimentanm/aptv/master/m3u/iptv.m3u
2026-10-09 09:39:18 - ERROR - root:main.py:369 - [抓取] http://rihou.cc:567/gggg.nzk 网络错误: ClientConnectorError: Cannot connect to host rihou.cc:567 ssl:default [Connect call failed ('110.90.200.192', 567)]
2026-10-09 09:39:19 - INFO - root:main.py:312 - [抓取] http://193.123.86.190:14888/TV/iptv.php 获取成功，判断为m3u格式
2026-10-09 09:39:19 - INFO - root:main.py:356 - [抓取] http://193.123.86.190:14888/TV/iptv.php 抓取成功，包含频道分类: 央视频道, 卫视频道, 睛彩频道, 咪视界, 历年春晚, 轮播
2026-10-09 09:39:19 - INFO - root:main.py:357 - [抓取] http://193.123.86.190:14888/TV/iptv.php 共获取 188 个 URL
2026-10-09 09:39:19 - INFO - root:main.py:363 - [抓取] http://193.123.86.190:14888/TV/iptv.php 样本频道: ['CCTV1', 'CCTV1', 'CCTV2', 'CCTV2', 'CCTV3', '安徽卫视', '安徽卫视', '北京卫视', '北京卫视', '重庆卫视']
2026-10-09 09:39:19 - ERROR - root:main.py:369 - [抓取] https://gh.927223.xyz/https://raw.githubusercontent.com/Kimentanm/aptv/master/m3u/iptv.m3u 网络错误: ClientResponseError: 403, message='Forbidden', url='https://gh.927223.xyz/https://raw.githubusercontent.com/Kimentanm/aptv/master/m3u/iptv.m3u'
2026-10-09 09:39:19 - INFO - root:main.py:312 - [抓取] https://cdn.qd.je/live.m3u 获取成功，判断为m3u格式
2026-10-09 09:39:19 - INFO - root:main.py:356 - [抓取] https://cdn.qd.je/live.m3u 抓取成功，包含频道分类: mytv
2026-10-09 09:39:19 - INFO - root:main.py:357 - [抓取] https://cdn.qd.je/live.m3u 共获取 121 个 URL
2026-10-09 09:39:19 - INFO - root:main.py:363 - [抓取] https://cdn.qd.je/live.m3u 样本频道: ['翡翠台4K(字幕)', '凤凰中文', 'CCTV1港澳版', 'CCTV13', 'TVB Plus(字幕)']
2026-10-09 09:39:19 - INFO - root:main.py:385 - [抓取] 等待所有源完成...
2026-10-09 09:39:19 - INFO - root:main.py:276 - [匹配统计] 模板 137 频道，在线 309 URL，匹配 103 URL
2026-10-09 09:39:19 - INFO - root:main.py:673 - [酒店源] 开始抓取...
2026-10-09 09:39:19 - INFO - fetch_hotel:fetch_hotel.py:69 - [酒店源] 共获取 288 个节点
2026-10-09 09:39:19 - INFO - fetch_hotel:fetch_hotel.py:79 - [酒店源] 类型分布: {'txiptv': 271, 'hsmdtv': 17}
2026-10-09 09:39:25 - INFO - fetch_hotel:fetch_hotel.py:272 - [酒店源] 延迟探测 288 个 host，存活 142，取最快 80 个
2026-10-09 09:39:30 - INFO - fetch_hotel:fetch_hotel.py:306 - [酒店源] 解析完成，共 2521 个频道-URL 组合
2026-10-09 09:39:30 - INFO - root:main.py:276 - [匹配统计] 模板 137 频道，在线 2521 URL，匹配 1895 URL
2026-10-09 09:39:30 - INFO - root:main.py:688 - [酒店源] 匹配到 89 个频道
2026-10-09 09:39:30 - INFO - root:main.py:693 - [组播源] 开始抓取...
2026-10-09 09:39:31 - INFO - fetch_multicast:fetch_multicast.py:112 - [组播源] 共 1356 条，保留 1352 条（dead=0，省份过滤=0，运营商过滤=0）
2026-10-09 09:39:31 - INFO - root:main.py:276 - [匹配统计] 模板 137 频道，在线 1352 URL，匹配 666 URL
2026-10-09 09:39:31 - INFO - root:main.py:707 - [组播源] 匹配到 101 个频道
2026-10-09 09:39:31 - INFO - root:main.py:714 - [质量检测] 开始全量检测（无缓存模式）... enable_ffprobe=True, ffprobe_timeout=6s, min_resolution=1080
2026-10-09 09:39:31 - INFO - check:check.py:714 - 开始质量检测，共 2664 个 URL，并发数 10，HTTP 超时 3.5s，FFprobe 启用，超时 6s
2026-10-09 09:41:09 - INFO - check:check.py:699 - [质量检测] 进度: 100/2664 (3%)
2026-10-09 09:42:31 - INFO - check:check.py:699 - [质量检测] 进度: 200/2664 (7%)
2026-10-09 09:43:49 - INFO - check:check.py:699 - [质量检测] 进度: 300/2664 (11%)
2026-10-09 09:45:05 - INFO - check:check.py:699 - [质量检测] 进度: 400/2664 (15%)
2026-10-09 09:46:21 - INFO - check:check.py:699 - [质量检测] 进度: 500/2664 (18%)
2026-10-09 09:47:38 - INFO - check:check.py:699 - [质量检测] 进度: 600/2664 (22%)
2026-10-09 09:49:00 - INFO - check:check.py:699 - [质量检测] 进度: 700/2664 (26%)
2026-10-09 09:50:13 - INFO - check:check.py:699 - [质量检测] 进度: 800/2664 (30%)
2026-10-09 09:51:33 - INFO - check:check.py:699 - [质量检测] 进度: 900/2664 (33%)
2026-10-09 09:52:51 - INFO - check:check.py:699 - [质量检测] 进度: 1000/2664 (37%)
2026-10-09 09:54:20 - INFO - check:check.py:699 - [质量检测] 进度: 1100/2664 (41%)
2026-10-09 09:55:13 - INFO - check:check.py:699 - [质量检测] 进度: 1200/2664 (45%)
2026-10-09 09:56:21 - INFO - check:check.py:699 - [质量检测] 进度: 1300/2664 (48%)
2026-10-09 09:57:31 - INFO - check:check.py:699 - [质量检测] 进度: 1400/2664 (52%)
2026-10-09 09:58:35 - INFO - check:check.py:699 - [质量检测] 进度: 1500/2664 (56%)
2026-10-09 09:59:49 - INFO - check:check.py:699 - [质量检测] 进度: 1600/2664 (60%)
2026-10-09 10:01:08 - INFO - check:check.py:699 - [质量检测] 进度: 1700/2664 (63%)
2026-10-09 10:02:19 - INFO - check:check.py:699 - [质量检测] 进度: 1800/2664 (67%)
2026-10-09 10:03:37 - INFO - check:check.py:699 - [质量检测] 进度: 1900/2664 (71%)
2026-10-09 10:04:45 - INFO - check:check.py:699 - [质量检测] 进度: 2000/2664 (75%)
2026-10-09 10:05:52 - INFO - check:check.py:699 - [质量检测] 进度: 2100/2664 (78%)
2026-10-09 10:07:10 - INFO - check:check.py:699 - [质量检测] 进度: 2200/2664 (82%)
2026-10-09 10:08:32 - INFO - check:check.py:699 - [质量检测] 进度: 2300/2664 (86%)
2026-10-09 10:09:54 - INFO - check:check.py:699 - [质量检测] 进度: 2400/2664 (90%)
2026-10-09 10:10:59 - INFO - check:check.py:699 - [质量检测] 进度: 2500/2664 (93%)
2026-10-09 10:12:09 - INFO - check:check.py:699 - [质量检测] 进度: 2600/2664 (97%)
2026-10-09 10:12:50 - INFO - check:check.py:699 - [质量检测] 进度: 2664/2664 (100%)
2026-10-09 10:12:50 - INFO - check:check.py:754 - 质量检测完成: 总计=2504 通过=799 失败=194 超时=1320 错误=191
2026-10-09 10:12:50 - INFO - check:check.py:796 - 过滤后: 保留 393 个有效源，移除 2106 个失效源
2026-10-09 10:12:50 - INFO - root:main.py:655 - [黑名单建议] 以下域名检测频繁失败，可考虑加入 url_blacklist：
2026-10-09 10:12:50 - INFO - root:main.py:657 -   http://183.31.11.199:8000  失败次数=176  (timeout=176)
2026-10-09 10:12:50 - INFO - root:main.py:657 -   http://60.223.72.102:8003  失败次数=116  (timeout=116)
2026-10-09 10:12:50 - INFO - root:main.py:657 -   http://218.56.123.244:3322udp:  失败次数=67  (error=67)
2026-10-09 10:12:50 - INFO - root:main.py:657 -   http://120.210.193.151:8006  失败次数=65  (timeout=65)
2026-10-09 10:12:50 - INFO - root:main.py:657 -   http://139.214.181.84:9901  失败次数=58  (failed=17, timeout=41)
2026-10-09 10:12:50 - INFO - root:main.py:657 -   http://120.238.94.82:9901udp:  失败次数=58  (error=58)
2026-10-09 10:12:50 - INFO - root:main.py:657 -   http://192.168.102.1  失败次数=56  (timeout=56)
2026-10-09 10:12:50 - INFO - root:main.py:657 -   http://115.150.63.77:9902  失败次数=55  (failed=3, timeout=52)
2026-10-09 10:12:50 - INFO - root:main.py:657 -   http://59.39.89.130:60901  失败次数=53  (failed=19, timeout=34)
2026-10-09 10:12:50 - INFO - root:main.py:657 -   http://39.150.102.131:19901udp:  失败次数=49  (error=49)
2026-10-09 10:12:50 - INFO - root:main.py:657 -   http://124.129.78.63:9901  失败次数=49  (failed=1, timeout=48)
2026-10-09 10:12:50 - INFO - root:main.py:657 -   http://61.143.15.139:59901  失败次数=48  (failed=4, timeout=44)
2026-10-09 10:12:50 - INFO - root:main.py:657 -   http://120.198.86.186:9901  失败次数=48  (failed=1, timeout=47)
2026-10-09 10:12:50 - INFO - root:main.py:657 -   http://175.0.78.167:9999  失败次数=46  (timeout=46)
2026-10-09 10:12:50 - INFO - root:main.py:657 -   http://118.193.115.2:9901  失败次数=45  (failed=17, timeout=28)
2026-10-09 10:12:50 - INFO - root:main.py:657 -   http://125.93.74.27:9002  失败次数=43  (timeout=43)
2026-10-09 10:12:50 - INFO - root:main.py:657 -   http://182.37.41.46:8154  失败次数=42  (failed=1, timeout=41)
2026-10-09 10:12:50 - INFO - root:main.py:657 -   http://123.139.57.170:9901  失败次数=42  (failed=42)
2026-10-09 10:12:50 - INFO - root:main.py:657 -   http://113.201.61.98:9901  失败次数=39  (failed=39)
2026-10-09 10:12:50 - INFO - root:main.py:657 -   http://219.140.7.209:7777  失败次数=37  (timeout=37)
2026-10-09 10:12:50 - INFO - root:main.py:657 -   http://27.15.165.166:4022  失败次数=35  (failed=2, timeout=33)
2026-10-09 10:12:50 - INFO - root:main.py:657 -   http://192.168.10.200:8008  失败次数=34  (timeout=34)
2026-10-09 10:12:50 - INFO - root:main.py:657 -   http://120.238.84.45:9901  失败次数=34  (failed=1, timeout=33)
2026-10-09 10:12:50 - INFO - root:main.py:657 -   http://139.227.221.147:9901  失败次数=31  (timeout=31)
2026-10-09 10:12:50 - INFO - root:main.py:657 -   http://219.145.93.74:10000  失败次数=31  (failed=5, timeout=26)
2026-10-09 10:12:50 - INFO - root:main.py:657 -   http://175.0.71.18:8088  失败次数=30  (failed=2, timeout=28)
2026-10-09 10:12:50 - INFO - root:main.py:657 -   http://111.33.88.123:9901rtp:  失败次数=30  (error=30)
2026-10-09 10:12:50 - INFO - root:main.py:657 -   http://101.18.30.18:808  失败次数=29  (failed=1, timeout=28)
2026-10-09 10:12:50 - INFO - root:main.py:657 -   http://16.0.0.1:4001  失败次数=28  (timeout=28)
2026-10-09 10:12:50 - INFO - root:main.py:657 -   http://150.138.8.143  失败次数=26  (timeout=26)
2026-10-09 10:12:50 - INFO - root:main.py:657 -   http://113.26.202.52:1299  失败次数=26  (failed=6, timeout=20)
2026-10-09 10:12:50 - INFO - root:main.py:657 -   http://112.27.5.218:9901  失败次数=24  (timeout=24)
2026-10-09 10:12:50 - INFO - root:main.py:657 -   http://14.204.32.196:6410  失败次数=24  (timeout=24)
2026-10-09 10:12:50 - INFO - root:main.py:657 -   http://14.204.32.194:6410  失败次数=23  (timeout=23)
2026-10-09 10:12:50 - INFO - root:main.py:657 -   http://183.234.143.5:5555  失败次数=23  (failed=15, timeout=8)
2026-10-09 10:12:50 - INFO - root:main.py:657 -   http://221.221.137.78:9000  失败次数=21  (timeout=21)
2026-10-09 10:12:50 - INFO - root:main.py:657 -   http://218.104.239.114:9901  失败次数=21  (timeout=21)
2026-10-09 10:12:50 - INFO - root:main.py:657 -   http://221.221.137.78:8000  失败次数=20  (timeout=20)
2026-10-09 10:12:50 - INFO - root:main.py:657 -   http://112.99.195.122:65000  失败次数=20  (timeout=20)
2026-10-09 10:12:50 - INFO - root:main.py:657 -   http://124.112.241.143:4022  失败次数=20  (failed=6, timeout=14)
2026-10-09 10:12:50 - INFO - root:main.py:657 -   http://183.239.248.218:8181  失败次数=13  (timeout=13)
2026-10-09 10:12:50 - INFO - root:main.py:657 -   http://119.39.9.8:9901  失败次数=12  (failed=1, timeout=11)
2026-10-09 10:12:50 - INFO - root:main.py:657 -   http://112.255.234.207:4000  失败次数=8  (timeout=8)
2026-10-09 10:12:50 - INFO - root:main.py:657 -   https://cdn.qd.je  失败次数=7  (failed=6, timeout=1)
2026-10-09 10:12:50 - INFO - root:main.py:657 -   http://153.0.171.163:9901  失败次数=7  (timeout=7)
2026-10-09 10:12:50 - INFO - root:main.py:657 -   http://113.205.182.158:8005  失败次数=7  (timeout=7)
2026-10-09 10:12:50 - INFO - root:main.py:657 -   http://120.198.86.251:9901  失败次数=6  (timeout=6)
2026-10-09 10:12:50 - INFO - root:main.py:657 -   http://61.143.43.2:9901  失败次数=5  (timeout=5)
2026-10-09 10:12:50 - INFO - root:main.py:657 -   http://49.233.168.63:21899  失败次数=4  (timeout=4)
2026-10-09 10:12:50 - INFO - root:main.py:657 -   http://36.136.38.87:9901  失败次数=4  (failed=2, timeout=2)
2026-10-09 10:12:50 - INFO - root:main.py:657 -   http://111.33.88.123:9901udp:  失败次数=4  (error=4)
2026-10-09 10:12:50 - INFO - root:main.py:657 -   http://112.123.243.37:50085  失败次数=4  (failed=4)
2026-10-09 10:12:50 - INFO - root:main.py:657 -   http://144.123.220.43:80  失败次数=3  (timeout=3)
2026-10-09 10:12:50 - INFO - root:main.py:657 -   https://php.jdshipin.com  失败次数=1  (failed=1)
2026-10-09 10:12:50 - INFO - root:main.py:657 -   http://192.168.100.1  失败次数=1  (timeout=1)
2026-10-09 10:12:50 - INFO - root:main.py:657 -   http://144.123.220.47:80  失败次数=1  (timeout=1)
2026-10-09 10:12:50 - INFO - root:main.py:657 -   http://144.123.220.44:80  失败次数=1  (timeout=1)
2026-10-09 10:12:50 - INFO - root:main.py:657 -   http://112.132.160.130:9901udp:  失败次数=1  (error=1)
2026-10-09 10:12:50 - INFO - root:main.py:657 -   http://144.123.220.38:80  失败次数=1  (timeout=1)
2026-10-09 10:12:50 - INFO - root:main.py:657 -   http://117.57.78.26:8888  失败次数=1  (timeout=1)
2026-10-09 10:12:50 - INFO - root:main.py:657 -   http://144.123.220.42:80  失败次数=1  (timeout=1)
2026-10-09 10:12:50 - INFO - root:main.py:726 - [质量检测] 完成
2026-10-09 10:12:50 - INFO - root:main.py:730 - [订阅白名单] 开始抓取保底源...
2026-10-09 10:12:50 - INFO - root:main.py:303 - [抓取] 开始: http://192.168.1.31:2134
2026-10-09 10:12:50 - INFO - root:main.py:303 - [抓取] 开始: http://192.168.1.31:18808/hoy-proxy.txt
2026-10-09 10:12:50 - INFO - root:main.py:303 - [抓取] 开始: http://192.168.1.31:18080/channels.txt
2026-10-09 10:13:01 - ERROR - root:main.py:367 - [抓取] http://192.168.1.31:2134 超时 (>10s)
2026-10-09 10:13:01 - ERROR - root:main.py:367 - [抓取] http://192.168.1.31:18808/hoy-proxy.txt 超时 (>10s)
2026-10-09 10:13:01 - ERROR - root:main.py:367 - [抓取] http://192.168.1.31:18080/channels.txt 超时 (>10s)
2026-10-09 10:13:01 - INFO - root:main.py:276 - [匹配统计] 模板 137 频道，在线 0 URL，匹配 0 URL
2026-10-09 10:13:01 - INFO - root:main.py:734 - [订阅白名单] 匹配到 0 个频道
2026-10-09 10:13:01 - INFO - root:main.py:738 - [汇总] 频道分类 6 个，总频道数 67，总URL数 393
2026-10-09 10:13:01 - INFO - root:main.py:828 - [输出统计] 最终输出 67 频道 / 308 URL
